#
# A fatal error has been detected by the Java Runtime Environment:
#
#  EXCEPTION_ACCESS_VIOLATION (0xc0000005) at pc=0x00007ffc8dbce0a9, pid=13996, tid=5344
#
# JRE version: OpenJDK Runtime Environment Microsoft-8035246 (17.0.8+7) (build 17.0.8+7-LTS)
# Java VM: OpenJDK 64-Bit Server VM Microsoft-8035246 (17.0.8+7-LTS, mixed mode, sharing, tiered, compressed oops, compressed class ptrs, g1 gc, windows-amd64)
# Problematic frame:
# V  [jvm.dll+0x2be0a9]
#
# No core dump will be written. Minidumps are not enabled by default on client versions of Windows
#
# If you would like to submit a bug report, please visit:
#   https://github.com/microsoft/openjdk/issues
#

---------------  S U M M A R Y ------------

Command Line: -XX:MaxMetaspaceSize=512m --add-opens=java.base/java.util=ALL-UNNAMED --add-opens=java.base/java.lang=ALL-UNNAMED --add-opens=java.base/java.lang.invoke=ALL-UNNAMED --add-opens=java.prefs/java.util.prefs=ALL-UNNAMED --add-opens=java.base/java.nio.charset=ALL-UNNAMED --add-opens=java.base/java.net=ALL-UNNAMED --add-opens=java.base/java.util.concurrent.atomic=ALL-UNNAMED -Xmx2048m -Dfile.encoding=windows-1252 -Duser.country=US -Duser.language=en -Duser.variant org.gradle.launcher.daemon.bootstrap.GradleDaemon 8.0.1

Host: Intel(R) Core(TM) i5-4200M CPU @ 2.50GHz, 4 cores, 7G,  Windows 10 , 64 bit Build 19041 (10.0.19041.3636)
Time: Tue Feb 13 23:18:47 2024 Pakistan Standard Time elapsed time: 63.382454 seconds (0d 0h 1m 3s)

---------------  T H R E A D  ---------------

Current thread (0x0000016ef8f69b30):  JavaThread "C2 CompilerThread1" daemon [_thread_in_native, id=5344, stack(0x00000002efb00000,0x00000002efc00000)]


Current CompileTask:
C2:  63382 15885   !   4       org.gradle.cache.internal.DefaultMultiProcessSafePersistentIndexedCache::getIfPresent (25 bytes)

Stack: [0x00000002efb00000,0x00000002efc00000],  sp=0x00000002efbfb9e0,  free space=1006k
Native frames: (J=compiled Java code, j=interpreted, Vv=VM code, C=native code)
V  [jvm.dll+0x2be0a9]
V  [jvm.dll+0x21ba8b]
V  [jvm.dll+0x21944b]
V  [jvm.dll+0x1a56b6]
V  [jvm.dll+0x2291ea]
V  [jvm.dll+0x22724c]
V  [jvm.dll+0x7efd0c]
V  [jvm.dll+0x7ea13a]
V  [jvm.dll+0x67ad85]
C  [ucrtbase.dll+0x21bb2]
C  [KERNEL32.DLL+0x17344]
C  [ntdll.dll+0x526b1]


siginfo: EXCEPTION_ACCESS_VIOLATION (0xc0000005), reading address 0x0000000000000028


Register to memory mapping:

RIP=0x00007ffc8dbce0a9 jvm.dll
RAX=0x0000016ef9d34430 points into unknown readable memory: 0x0000000000000000 | 00 00 00 00 00 00 00 00
RBX=0x00000000000019b2 is an unknown value
RCX=0x0 is NULL
RDX=0x0 is NULL
RSP=0x00000002efbfb9e0 is pointing into the stack for thread: 0x0000016ef8f69b30
RBP=0x00000002efbfba50 is pointing into the stack for thread: 0x0000016ef8f69b30
RSI=0x0 is NULL
RDI=0x000000000000005c is an unknown value
R8 =0x000000000000ffe0 is an unknown value
R9 =0x0 is NULL
R10=0x00007ffd07190000 VCRUNTIME140.dll
R11=0x0000016ef9d34450 points into unknown readable memory: 0x0000000000000000 | 00 00 00 00 00 00 00 00
R12=0x0000000000000050 is an unknown value
R13=0x0 is NULL
R14=0x0 is NULL
R15=0x00000002efbfec00 is pointing into the stack for thread: 0x0000016ef8f69b30


Registers:
RAX=0x0000016ef9d34430, RBX=0x00000000000019b2, RCX=0x0000000000000000, RDX=0x0000000000000000
RSP=0x00000002efbfb9e0, RBP=0x00000002efbfba50, RSI=0x0000000000000000, RDI=0x000000000000005c
R8 =0x000000000000ffe0, R9 =0x0000000000000000, R10=0x00007ffd07190000, R11=0x0000016ef9d34450
R12=0x0000000000000050, R13=0x0000000000000000, R14=0x0000000000000000, R15=0x00000002efbfec00
RIP=0x00007ffc8dbce0a9, EFLAGS=0x0000000000010202

Top of Stack: (sp=0x00000002efbfb9e0)
0x00000002efbfb9e0:   00000000000019b2 0000000000000000
0x00000002efbfb9f0:   00000002efbfec00 00007ffc8db338d1
0x00000002efbfba00:   0000016efab32a00 00007ffc00002000
0x00000002efbfba10:   0000016ef9d34430 0000000000000000
0x00000002efbfba20:   0000000000000002 0000016efaebd1e0
0x00000002efbfba30:   0000000000000002 0000016efab32a00
0x00000002efbfba40:   0000000000000000 0000000000000000
0x00000002efbfba50:   0000016ef987d330 0000016ed1afb410
0x00000002efbfba60:   000000000000005c 00007ffc8e254c08
0x00000002efbfba70:   00000002efbfbb80 00007ffc8db2ba8b
0x00000002efbfba80:   00000002efbfec00 00007ffc8e254c08
0x00000002efbfba90:   00000002efbfec00 00000002efbfbb80
0x00000002efbfbaa0:   0000016e00000000 00007ffc8df2b7fb
0x00000002efbfbab0:   000000020000000f 00000002efbfec00
0x00000002efbfbac0:   00000002efbfbc30 0000000000000000
0x00000002efbfbad0:   0000016e00000100 00007ffc8e254c08 

Instructions: (pc=0x00007ffc8dbce0a9)
0x00007ffc8dbcdfa9:   3b d0 75 0b ff c1 41 3b c9 7c dc 48 8b c2 c3 33
0x00007ffc8dbcdfb9:   c0 c3 cc cc cc cc cc 48 89 5c 24 18 55 56 57 41
0x00007ffc8dbcdfc9:   55 41 57 48 8b ec 48 83 ec 70 65 48 8b 04 25 58
0x00007ffc8dbcdfd9:   00 00 00 48 8b f2 44 8b 05 d2 8b 90 00 4c 8b f9
0x00007ffc8dbcdfe9:   4a 8b 1c c0 b8 50 00 00 00 80 3c 18 00 75 05 e8
0x00007ffc8dbcdff9:   8b 6f 5d 00 b8 20 00 00 00 48 8b 04 18 48 8b 98
0x00007ffc8dbce009:   38 02 00 00 48 89 5d b0 c7 45 b8 04 00 00 00 48
0x00007ffc8dbce019:   8b 43 18 48 83 f8 df 76 18 4c 8d 05 37 a9 65 00
0x00007ffc8dbce029:   ba 20 00 00 00 48 8b cb e8 5a eb de ff 48 8b 43
0x00007ffc8dbce039:   18 48 8d 48 20 48 3b 4b 20 76 11 45 33 c0 48 8b
0x00007ffc8dbce049:   cb 41 8d 50 20 e8 fd e8 de ff eb 04 48 89 4b 18
0x00007ffc8dbce059:   44 8b 45 b8 33 d2 49 c1 e0 03 48 8b c8 48 89 45
0x00007ffc8dbce069:   c0 e8 e3 80 5d 00 45 33 ed 48 8d 4d d0 44 89 6d
0x00007ffc8dbce079:   c8 e8 01 59 56 00 41 8b 9f 40 02 00 00 41 2b 9f
0x00007ffc8dbce089:   68 02 00 00 44 89 6d f0 3b 5d b8 72 0b 8b d3 48
0x00007ffc8dbce099:   8d 4d b0 e8 6f b3 39 00 48 8b 45 c0 4c 89 2c d8
0x00007ffc8dbce0a9:   8b 7e 28 8b df c1 eb 05 3b 5d d0 72 0b 8b d3 48
0x00007ffc8dbce0b9:   8d 4d d0 e8 1f 59 56 00 48 8b 45 d8 83 e7 1f 48
0x00007ffc8dbce0c9:   8d 14 98 40 0f b6 cf 41 b8 01 00 00 00 41 d3 e0
0x00007ffc8dbce0d9:   8b 0a 8b c1 41 0b c0 89 02 41 85 c8 75 21 8b 5d
0x00007ffc8dbce0e9:   c8 8d 43 01 89 45 c8 3b 5d b8 72 0b 8b d3 48 8d
0x00007ffc8dbce0f9:   4d b0 e8 10 b3 39 00 48 8b 45 c0 48 89 34 d8 44
0x00007ffc8dbce109:   39 6d c8 0f 86 77 01 00 00 4c 89 a4 24 a0 00 00
0x00007ffc8dbce119:   00 4c 89 b4 24 a8 00 00 00 48 8b 45 c0 41 8b cd
0x00007ffc8dbce129:   48 8b 34 c8 8b 46 2c 25 ff 1f 00 00 3d 04 10 00
0x00007ffc8dbce139:   00 0f 85 a7 00 00 00 bb 01 00 00 00 39 5e 18 76
0x00007ffc8dbce149:   39 66 0f 1f 44 00 00 48 8b 46 08 8b cb 48 8b 14
0x00007ffc8dbce159:   c8 48 85 d2 74 1d 48 83 7a 10 00 74 16 80 7a 2c
0x00007ffc8dbce169:   84 74 10 e8 7f 7e ee ff 48 8b d0 49 8b cf e8 a4
0x00007ffc8dbce179:   61 f6 ff ff c3 3b 5e 18 72 cd 48 8b 5e 10 8b 46
0x00007ffc8dbce189:   20 4c 8d 34 c3 49 3b de 73 54 48 8b 3b 8b 47 2c
0x00007ffc8dbce199:   83 e0 03 3c 03 75 2e 48 8b 07 48 8b cf ff 90 88 


Stack slot to memory mapping:
stack at sp + 0 slots: 0x00000000000019b2 is an unknown value
stack at sp + 1 slots: 0x0 is NULL
stack at sp + 2 slots: 0x00000002efbfec00 is pointing into the stack for thread: 0x0000016ef8f69b30
stack at sp + 3 slots: 0x00007ffc8db338d1 jvm.dll
stack at sp + 4 slots: 0x0000016efab32a00 points into unknown readable memory: 0x0000000000000006 | 06 00 00 00 00 00 00 00
stack at sp + 5 slots: 0x00007ffc00002000 is an unknown value
stack at sp + 6 slots: 0x0000016ef9d34430 points into unknown readable memory: 0x0000000000000000 | 00 00 00 00 00 00 00 00
stack at sp + 7 slots: 0x0 is NULL


---------------  P R O C E S S  ---------------

Threads class SMR info:
_java_thread_list=0x0000016effb1e160, length=91, elements={
0x0000016ed1ae1700, 0x0000016eef683500, 0x0000016eef684290, 0x0000016eef69ad40,
0x0000016eef69eb30, 0x0000016eef69fba0, 0x0000016eef6a0c10, 0x0000016eef6a5560,
0x0000016eef6a6e60, 0x0000016eef6bbf50, 0x0000016eef8dbe90, 0x0000016eef8e67b0,
0x0000016ef4982ca0, 0x0000016ef610f250, 0x0000016ef628c820, 0x0000016ef6200020,
0x0000016ef6200500, 0x0000016ef5ee2690, 0x0000016ef4946520, 0x0000016ef4945b00,
0x0000016ef4946010, 0x0000016ef4946a30, 0x0000016ef4946f40, 0x0000016ef59033d0,
0x0000016ef5902ec0, 0x0000016ef5900640, 0x0000016ef59029b0, 0x0000016ef5901f90,
0x0000016ef5904300, 0x0000016ef5904810, 0x0000016ef58fddc0, 0x0000016ef5904d20,
0x0000016ef59024a0, 0x0000016ef58fecf0, 0x0000016ef5900b50, 0x0000016ef58ff200,
0x0000016ef5901570, 0x0000016ef5903df0, 0x0000016ef58fe7e0, 0x0000016ef59038e0,
0x0000016ef58ff710, 0x0000016ef5905230, 0x0000016ef58fe2d0, 0x0000016ef58ffc20,
0x0000016ef5900130, 0x0000016ef5901a80, 0x0000016ef70c0250, 0x0000016ef70c3a00,
0x0000016ef70c4e40, 0x0000016ef70c1180, 0x0000016ef70c5350, 0x0000016ef70bf320,
0x0000016ef70c6ca0, 0x0000016ef70c3f10, 0x0000016ef70c0760, 0x0000016ef70bf830,
0x0000016ef70c0c70, 0x0000016ef70c4420, 0x0000016ef70c2ad0, 0x0000016ef70c34f0,
0x0000016ef70c4930, 0x0000016ef70c5860, 0x0000016ef70c5d70, 0x0000016ef70c6790,
0x0000016ef70c25c0, 0x0000016ef70c2fe0, 0x0000016ef70c6280, 0x0000016ef70bfd40,
0x0000016ef70c1690, 0x0000016ef754b720, 0x0000016ef754e4b0, 0x0000016ef754b210,
0x0000016ef7549dd0, 0x0000016ef7551750, 0x0000016ef754a2e0, 0x0000016ef754a7f0,
0x0000016ef754dfa0, 0x0000016ef754f8f0, 0x0000016ef754eed0, 0x0000016ef754c140,
0x0000016ef754c650, 0x0000016ef754fe00, 0x0000016ef7550310, 0x0000016ef754cb60,
0x0000016ef754d070, 0x0000016ef754d580, 0x0000016ef754e9c0, 0x0000016ef754da90,
0x0000016ef754f3e0, 0x0000016ef7550820, 0x0000016ef8f69b30
}

Java Threads: ( => current thread )
  0x0000016ed1ae1700 JavaThread "main" [_thread_blocked, id=9740, stack(0x00000002e9500000,0x00000002e9600000)]
  0x0000016eef683500 JavaThread "Reference Handler" daemon [_thread_blocked, id=6292, stack(0x00000002e9c00000,0x00000002e9d00000)]
  0x0000016eef684290 JavaThread "Finalizer" daemon [_thread_blocked, id=1900, stack(0x00000002e9d00000,0x00000002e9e00000)]
  0x0000016eef69ad40 JavaThread "Signal Dispatcher" daemon [_thread_blocked, id=3192, stack(0x00000002e9e00000,0x00000002e9f00000)]
  0x0000016eef69eb30 JavaThread "Attach Listener" daemon [_thread_blocked, id=6844, stack(0x00000002e9f00000,0x00000002ea000000)]
  0x0000016eef69fba0 JavaThread "Service Thread" daemon [_thread_blocked, id=6948, stack(0x00000002ea000000,0x00000002ea100000)]
  0x0000016eef6a0c10 JavaThread "Monitor Deflation Thread" daemon [_thread_blocked, id=3940, stack(0x00000002ea100000,0x00000002ea200000)]
  0x0000016eef6a5560 JavaThread "C2 CompilerThread0" daemon [_thread_in_native, id=7424, stack(0x00000002ea200000,0x00000002ea300000)]
  0x0000016eef6a6e60 JavaThread "C1 CompilerThread0" daemon [_thread_blocked, id=2064, stack(0x00000002ea300000,0x00000002ea400000)]
  0x0000016eef6bbf50 JavaThread "Sweeper thread" daemon [_thread_blocked, id=8012, stack(0x00000002ea400000,0x00000002ea500000)]
  0x0000016eef8dbe90 JavaThread "Common-Cleaner" daemon [_thread_blocked, id=7280, stack(0x00000002ea500000,0x00000002ea600000)]
  0x0000016eef8e67b0 JavaThread "Notification Thread" daemon [_thread_blocked, id=13316, stack(0x00000002ea600000,0x00000002ea700000)]
  0x0000016ef4982ca0 JavaThread "Daemon health stats" [_thread_blocked, id=13884, stack(0x00000002ead00000,0x00000002eae00000)]
  0x0000016ef610f250 JavaThread "Incoming local TCP Connector on port 63669" [_thread_in_native, id=14212, stack(0x00000002eae00000,0x00000002eaf00000)]
  0x0000016ef628c820 JavaThread "Daemon periodic checks" [_thread_blocked, id=8464, stack(0x00000002eaf00000,0x00000002eb000000)]
  0x0000016ef6200020 JavaThread "Daemon" [_thread_blocked, id=2372, stack(0x00000002eb000000,0x00000002eb100000)]
  0x0000016ef6200500 JavaThread "Handler for socket connection from /127.0.0.1:63669 to /127.0.0.1:63670" [_thread_in_native, id=10656, stack(0x00000002eb100000,0x00000002eb200000)]
  0x0000016ef5ee2690 JavaThread "Cancel handler" [_thread_blocked, id=8792, stack(0x00000002eab00000,0x00000002eac00000)]
  0x0000016ef4946520 JavaThread "Daemon worker" [_thread_blocked, id=12824, stack(0x00000002eb200000,0x00000002eb300000)]
  0x0000016ef4945b00 JavaThread "Asynchronous log dispatcher for DefaultDaemonConnection: socket connection from /127.0.0.1:63669 to /127.0.0.1:63670" [_thread_blocked, id=13844, stack(0x00000002eb300000,0x00000002eb400000)]
  0x0000016ef4946010 JavaThread "Stdin handler" [_thread_blocked, id=3348, stack(0x00000002eb400000,0x00000002eb500000)]
  0x0000016ef4946a30 JavaThread "Daemon client event forwarder" [_thread_blocked, id=4696, stack(0x00000002eb500000,0x00000002eb600000)]
  0x0000016ef4946f40 JavaThread "Cache worker for journal cache (C:\Users\Laiba\.gradle\caches\journal-1)" [_thread_blocked, id=592, stack(0x00000002eb600000,0x00000002eb700000)]
  0x0000016ef59033d0 JavaThread "File lock request listener" [_thread_in_native, id=10016, stack(0x00000002eb700000,0x00000002eb800000)]
  0x0000016ef5902ec0 JavaThread "Cache worker for file hash cache (C:\Users\Laiba\.gradle\caches\8.0.1\fileHashes)" [_thread_blocked, id=7500, stack(0x00000002eb800000,0x00000002eb900000)]
  0x0000016ef5900640 JavaThread "File watcher server" daemon [_thread_in_native, id=224, stack(0x00000002eba00000,0x00000002ebb00000)]
  0x0000016ef59029b0 JavaThread "File watcher consumer" daemon [_thread_blocked, id=2076, stack(0x00000002ebb00000,0x00000002ebc00000)]
  0x0000016ef5901f90 JavaThread "Cache worker for checksums cache (F:\document\reactNative\SupportBridge3\android\.gradle\8.0.1\checksums)" [_thread_blocked, id=9864, stack(0x00000002ebc00000,0x00000002ebd00000)]
  0x0000016ef5904300 JavaThread "Cache worker for cache directory md-rule (C:\Users\Laiba\.gradle\caches\8.0.1\md-rule)" [_thread_blocked, id=10788, stack(0x00000002ebd00000,0x00000002ebe00000)]
  0x0000016ef5904810 JavaThread "Cache worker for file content cache (C:\Users\Laiba\.gradle\caches\8.0.1\fileContent)" [_thread_blocked, id=2856, stack(0x00000002ebe00000,0x00000002ebf00000)]
  0x0000016ef58fddc0 JavaThread "Cache worker for file hash cache (F:\document\reactNative\SupportBridge3\android\.gradle\8.0.1\fileHashes)" [_thread_blocked, id=4268, stack(0x00000002ebf00000,0x00000002ec000000)]
  0x0000016ef5904d20 JavaThread "Cache worker for cache directory md-supplier (C:\Users\Laiba\.gradle\caches\8.0.1\md-supplier)" [_thread_blocked, id=11328, stack(0x00000002eb900000,0x00000002eba00000)]
  0x0000016ef59024a0 JavaThread "Cache worker for execution history cache (C:\Users\Laiba\.gradle\caches\8.0.1\executionHistory)" [_thread_blocked, id=12972, stack(0x00000002ec100000,0x00000002ec200000)]
  0x0000016ef58fecf0 JavaThread "jar transforms" [_thread_blocked, id=10544, stack(0x00000002ec300000,0x00000002ec400000)]
  0x0000016ef5900b50 JavaThread "jar transforms Thread 2" [_thread_blocked, id=12808, stack(0x00000002ec400000,0x00000002ec500000)]
  0x0000016ef58ff200 JavaThread "jar transforms Thread 3" [_thread_blocked, id=2104, stack(0x00000002ec500000,0x00000002ec600000)]
  0x0000016ef5901570 JavaThread "jar transforms Thread 4" [_thread_blocked, id=3028, stack(0x00000002ec600000,0x00000002ec700000)]
  0x0000016ef5903df0 JavaThread "Cache worker for kotlin-dsl (C:\Users\Laiba\.gradle\caches\8.0.1\kotlin-dsl)" [_thread_blocked, id=6692, stack(0x00000002ec700000,0x00000002ec800000)]
  0x0000016ef58fe7e0 JavaThread "Unconstrained build operations" [_thread_blocked, id=10100, stack(0x00000002ec800000,0x00000002ec900000)]
  0x0000016ef59038e0 JavaThread "Unconstrained build operations Thread 2" [_thread_blocked, id=10916, stack(0x00000002ec900000,0x00000002eca00000)]
  0x0000016ef58ff710 JavaThread "Cache worker for dependencies-accessors (F:\document\reactNative\SupportBridge3\android\.gradle\8.0.1\dependencies-accessors)" [_thread_blocked, id=10284, stack(0x00000002eca00000,0x00000002ecb00000)]
  0x0000016ef5905230 JavaThread "Cache worker for Build Output Cleanup Cache (F:\document\reactNative\SupportBridge3\node_modules\@react-native\gradle-plugin\.gradle\buildOutputCleanup)" [_thread_blocked, id=13288, stack(0x00000002ecb00000,0x00000002ecc00000)]
  0x0000016ef58fe2d0 JavaThread "Unconstrained build operations Thread 3" [_thread_blocked, id=7324, stack(0x00000002ecc00000,0x00000002ecd00000)]
  0x0000016ef58ffc20 JavaThread "Unconstrained build operations Thread 4" [_thread_blocked, id=7344, stack(0x00000002ecd00000,0x00000002ece00000)]
  0x0000016ef5900130 JavaThread "Unconstrained build operations Thread 5" [_thread_blocked, id=7760, stack(0x00000002ece00000,0x00000002ecf00000)]
  0x0000016ef5901a80 JavaThread "Unconstrained build operations Thread 6" [_thread_blocked, id=5832, stack(0x00000002ecf00000,0x00000002ed000000)]
  0x0000016ef70c0250 JavaThread "Unconstrained build operations Thread 7" [_thread_blocked, id=12600, stack(0x00000002ed000000,0x00000002ed100000)]
  0x0000016ef70c3a00 JavaThread "Unconstrained build operations Thread 8" [_thread_blocked, id=7800, stack(0x00000002ed100000,0x00000002ed200000)]
  0x0000016ef70c4e40 JavaThread "Unconstrained build operations Thread 9" [_thread_blocked, id=9096, stack(0x00000002ed200000,0x00000002ed300000)]
  0x0000016ef70c1180 JavaThread "Unconstrained build operations Thread 10" [_thread_blocked, id=1420, stack(0x00000002ed300000,0x00000002ed400000)]
  0x0000016ef70c5350 JavaThread "Unconstrained build operations Thread 11" [_thread_blocked, id=13924, stack(0x00000002ed400000,0x00000002ed500000)]
  0x0000016ef70bf320 JavaThread "Unconstrained build operations Thread 12" [_thread_blocked, id=11796, stack(0x00000002ed500000,0x00000002ed600000)]
  0x0000016ef70c6ca0 JavaThread "Unconstrained build operations Thread 13" [_thread_blocked, id=13364, stack(0x00000002ed600000,0x00000002ed700000)]
  0x0000016ef70c3f10 JavaThread "Unconstrained build operations Thread 14" [_thread_blocked, id=12864, stack(0x00000002ed700000,0x00000002ed800000)]
  0x0000016ef70c0760 JavaThread "Unconstrained build operations Thread 15" [_thread_blocked, id=9208, stack(0x00000002ed800000,0x00000002ed900000)]
  0x0000016ef70bf830 JavaThread "Unconstrained build operations Thread 16" [_thread_blocked, id=11280, stack(0x00000002ed900000,0x00000002eda00000)]
  0x0000016ef70c0c70 JavaThread "Unconstrained build operations Thread 17" [_thread_blocked, id=2916, stack(0x00000002eda00000,0x00000002edb00000)]
  0x0000016ef70c4420 JavaThread "Unconstrained build operations Thread 18" [_thread_in_native, id=3000, stack(0x00000002edb00000,0x00000002edc00000)]
  0x0000016ef70c2ad0 JavaThread "Unconstrained build operations Thread 19" [_thread_blocked, id=8956, stack(0x00000002edc00000,0x00000002edd00000)]
  0x0000016ef70c34f0 JavaThread "Unconstrained build operations Thread 20" [_thread_blocked, id=2060, stack(0x00000002edd00000,0x00000002ede00000)]
  0x0000016ef70c4930 JavaThread "Unconstrained build operations Thread 21" [_thread_blocked, id=8288, stack(0x00000002ede00000,0x00000002edf00000)]
  0x0000016ef70c5860 JavaThread "Unconstrained build operations Thread 22" [_thread_blocked, id=3332, stack(0x00000002edf00000,0x00000002ee000000)]
  0x0000016ef70c5d70 JavaThread "Unconstrained build operations Thread 23" [_thread_blocked, id=2088, stack(0x00000002ee000000,0x00000002ee100000)]
  0x0000016ef70c6790 JavaThread "Unconstrained build operations Thread 24" [_thread_blocked, id=5988, stack(0x00000002ee100000,0x00000002ee200000)]
  0x0000016ef70c25c0 JavaThread "Unconstrained build operations Thread 25" [_thread_blocked, id=10776, stack(0x00000002ee200000,0x00000002ee300000)]
  0x0000016ef70c2fe0 JavaThread "Unconstrained build operations Thread 26" [_thread_blocked, id=8052, stack(0x00000002ee300000,0x00000002ee400000)]
  0x0000016ef70c6280 JavaThread "Unconstrained build operations Thread 27" [_thread_in_Java, id=7780, stack(0x00000002ee400000,0x00000002ee500000)]
  0x0000016ef70bfd40 JavaThread "Unconstrained build operations Thread 28" [_thread_blocked, id=5644, stack(0x00000002ee500000,0x00000002ee600000)]
  0x0000016ef70c1690 JavaThread "Memory manager" [_thread_blocked, id=13380, stack(0x00000002ee600000,0x00000002ee700000)]
  0x0000016ef754b720 JavaThread "Cache worker for Build Output Cleanup Cache (F:\document\reactNative\SupportBridge3\android\.gradle\buildOutputCleanup)" [_thread_blocked, id=11160, stack(0x00000002ee700000,0x00000002ee800000)]
  0x0000016ef754e4b0 JavaThread "ForkJoinPool.commonPool-worker-1" daemon [_thread_blocked, id=1960, stack(0x00000002ee800000,0x00000002ee900000)]
  0x0000016ef754b210 JavaThread "ForkJoinPool.commonPool-worker-2" daemon [_thread_blocked, id=12588, stack(0x00000002ee900000,0x00000002eea00000)]
  0x0000016ef7549dd0 JavaThread "ForkJoinPool.commonPool-worker-3" daemon [_thread_blocked, id=5856, stack(0x00000002eea00000,0x00000002eeb00000)]
  0x0000016ef7551750 JavaThread "included builds" [_thread_in_native, id=2276, stack(0x00000002eeb00000,0x00000002eec00000)]
  0x0000016ef754a2e0 JavaThread "Execution worker" [_thread_blocked, id=6364, stack(0x00000002eec00000,0x00000002eed00000)]
  0x0000016ef754a7f0 JavaThread "Execution worker Thread 2" [_thread_blocked, id=2640, stack(0x00000002eed00000,0x00000002eee00000)]
  0x0000016ef754dfa0 JavaThread "Execution worker Thread 3" [_thread_blocked, id=2404, stack(0x00000002eee00000,0x00000002eef00000)]
  0x0000016ef754f8f0 JavaThread "Cache worker for execution history cache (F:\document\reactNative\SupportBridge3\node_modules\@react-native\gradle-plugin\.gradle\8.0.1\executionHistory)" [_thread_blocked, id=12268, stack(0x00000002ec200000,0x00000002ec300000)]
  0x0000016ef754eed0 JavaThread "Unconstrained build operations Thread 29" [_thread_blocked, id=10672, stack(0x00000002eef00000,0x00000002ef000000)]
  0x0000016ef754c140 JavaThread "Unconstrained build operations Thread 30" [_thread_blocked, id=11704, stack(0x00000002ef000000,0x00000002ef100000)]
  0x0000016ef754c650 JavaThread "Unconstrained build operations Thread 31" [_thread_blocked, id=1996, stack(0x00000002ef100000,0x00000002ef200000)]
  0x0000016ef754fe00 JavaThread "Unconstrained build operations Thread 32" [_thread_blocked, id=13912, stack(0x00000002ef200000,0x00000002ef300000)]
  0x0000016ef7550310 JavaThread "Unconstrained build operations Thread 33" [_thread_blocked, id=13392, stack(0x00000002ef300000,0x00000002ef400000)]
  0x0000016ef754cb60 JavaThread "Unconstrained build operations Thread 34" [_thread_blocked, id=4392, stack(0x00000002ef400000,0x00000002ef500000)]
  0x0000016ef754d070 JavaThread "Unconstrained build operations Thread 35" [_thread_blocked, id=13220, stack(0x00000002ef500000,0x00000002ef600000)]
  0x0000016ef754d580 JavaThread "Unconstrained build operations Thread 36" [_thread_blocked, id=4824, stack(0x00000002ef600000,0x00000002ef700000)]
  0x0000016ef754e9c0 JavaThread "Unconstrained build operations Thread 37" [_thread_in_native, id=11148, stack(0x00000002ef700000,0x00000002ef800000)]
  0x0000016ef754da90 JavaThread "Unconstrained build operations Thread 38" [_thread_blocked, id=9044, stack(0x00000002ef800000,0x00000002ef900000)]
  0x0000016ef754f3e0 JavaThread "Unconstrained build operations Thread 39" [_thread_blocked, id=7564, stack(0x00000002ef900000,0x00000002efa00000)]
  0x0000016ef7550820 JavaThread "Unconstrained build operations Thread 40" [_thread_blocked, id=4776, stack(0x00000002efa00000,0x00000002efb00000)]
=>0x0000016ef8f69b30 JavaThread "C2 CompilerThread1" daemon [_thread_in_native, id=5344, stack(0x00000002efb00000,0x00000002efc00000)]

Other Threads:
  0x0000016eef67e980 VMThread "VM Thread" [stack: 0x00000002e9b00000,0x00000002e9c00000] [id=10876]
  0x0000016eef8eeca0 WatcherThread [stack: 0x00000002ea700000,0x00000002ea800000] [id=1068]
  0x0000016ed1b3d5b0 GCTaskThread "GC Thread#0" [stack: 0x00000002e9600000,0x00000002e9700000] [id=3444]
  0x0000016eefba7d40 GCTaskThread "GC Thread#1" [stack: 0x00000002ea900000,0x00000002eaa00000] [id=5748]
  0x0000016ef4013e20 GCTaskThread "GC Thread#2" [stack: 0x00000002eaa00000,0x00000002eab00000] [id=14120]
  0x0000016ef4aa8740 GCTaskThread "GC Thread#3" [stack: 0x00000002eac00000,0x00000002ead00000] [id=14284]
  0x0000016ed1b4f420 ConcurrentGCThread "G1 Main Marker" [stack: 0x00000002e9700000,0x00000002e9800000] [id=1208]
  0x0000016ed1b4fd40 ConcurrentGCThread "G1 Conc#0" [stack: 0x00000002e9800000,0x00000002e9900000] [id=7420]
  0x0000016ed1b9d640 ConcurrentGCThread "G1 Refine#0" [stack: 0x00000002e9900000,0x00000002e9a00000] [id=7992]
  0x0000016ef6f6e6c0 ConcurrentGCThread "G1 Refine#1" [stack: 0x00000002ec000000,0x00000002ec100000] [id=4192]
  0x0000016ed1b9df80 ConcurrentGCThread "G1 Service" [stack: 0x00000002e9a00000,0x00000002e9b00000] [id=4180]

Threads with active compile tasks:
C2 CompilerThread0    63470 15320       4       org.gradle.internal.component.model.ComponentAttributeMatcher::match (284 bytes)
C2 CompilerThread1    63470 15885   !   4       org.gradle.cache.internal.DefaultMultiProcessSafePersistentIndexedCache::getIfPresent (25 bytes)

VM state: not at safepoint (normal execution)

VM Mutex/Monitor currently owned by a thread:  ([mutex/lock_event])
[0x0000016ed1ade1b0] MethodCompileQueue_lock - owner thread: 0x0000016ef7551750

Heap address: 0x0000000080000000, size: 2048 MB, Compressed Oops mode: 32-bit

CDS archive(s) mapped at: [0x0000016e80000000-0x0000016e80bd0000-0x0000016e80bd0000), size 12386304, SharedBaseAddress: 0x0000016e80000000, ArchiveRelocationMode: 1.
Compressed class space mapped at: 0x0000016e81000000-0x0000016e9b000000, reserved size: 436207616
Narrow klass base: 0x0000016e80000000, Narrow klass shift: 0, Narrow klass range: 0x100000000

GC Precious Log:
 CPUs: 4 total, 4 available
 Memory: 8105M
 Large Page Support: Disabled
 NUMA Support: Disabled
 Compressed Oops: Enabled (32-bit)
 Heap Region Size: 1M
 Heap Min Capacity: 8M
 Heap Initial Capacity: 128M
 Heap Max Capacity: 2G
 Pre-touch: Disabled
 Parallel Workers: 4
 Concurrent Workers: 1
 Concurrent Refinement Workers: 4
 Periodic GC: Disabled

Heap:
 garbage-first heap   total 380928K, used 286720K [0x0000000080000000, 0x0000000100000000)
  region size 1024K, 64 young (65536K), 11 survivors (11264K)
 Metaspace       used 101457K, committed 102848K, reserved 557056K
  class space    used 14067K, committed 14720K, reserved 425984K

Heap Regions: E=young(eden), S=young(survivor), O=old, HS=humongous(starts), HC=humongous(continues), CS=collection set, F=free, OA=open archive, CA=closed archive, TAMS=top-at-mark-start (previous, next)
|   0|0x0000000080000000, 0x0000000080100000, 0x0000000080100000|100%| O|  |TAMS 0x0000000080100000, 0x0000000080000000| Untracked 
|   1|0x0000000080100000, 0x0000000080200000, 0x0000000080200000|100%| O|  |TAMS 0x0000000080200000, 0x0000000080100000| Untracked 
|   2|0x0000000080200000, 0x0000000080300000, 0x0000000080300000|100%|HS|  |TAMS 0x0000000080300000, 0x0000000080200000| Complete 
|   3|0x0000000080300000, 0x0000000080400000, 0x0000000080400000|100%|HC|  |TAMS 0x0000000080400000, 0x0000000080300000| Complete 
|   4|0x0000000080400000, 0x0000000080500000, 0x0000000080500000|100%|HC|  |TAMS 0x0000000080500000, 0x0000000080400000| Complete 
|   5|0x0000000080500000, 0x0000000080600000, 0x0000000080600000|100%|HC|  |TAMS 0x0000000080600000, 0x0000000080500000| Complete 
|   6|0x0000000080600000, 0x0000000080700000, 0x0000000080700000|100%| O|  |TAMS 0x0000000080700000, 0x0000000080600000| Untracked 
|   7|0x0000000080700000, 0x0000000080800000, 0x0000000080800000|100%| O|  |TAMS 0x0000000080800000, 0x0000000080700000| Untracked 
|   8|0x0000000080800000, 0x0000000080900000, 0x0000000080900000|100%| O|  |TAMS 0x0000000080900000, 0x0000000080800000| Untracked 
|   9|0x0000000080900000, 0x0000000080a00000, 0x0000000080a00000|100%| O|  |TAMS 0x0000000080a00000, 0x0000000080900000| Untracked 
|  10|0x0000000080a00000, 0x0000000080b00000, 0x0000000080b00000|100%| O|  |TAMS 0x0000000080b00000, 0x0000000080a00000| Untracked 
|  11|0x0000000080b00000, 0x0000000080c00000, 0x0000000080c00000|100%| O|  |TAMS 0x0000000080c00000, 0x0000000080b00000| Untracked 
|  12|0x0000000080c00000, 0x0000000080d00000, 0x0000000080d00000|100%| O|  |TAMS 0x0000000080d00000, 0x0000000080c00000| Untracked 
|  13|0x0000000080d00000, 0x0000000080e00000, 0x0000000080e00000|100%| O|  |TAMS 0x0000000080e00000, 0x0000000080d00000| Untracked 
|  14|0x0000000080e00000, 0x0000000080f00000, 0x0000000080f00000|100%| O|  |TAMS 0x0000000080f00000, 0x0000000080e00000| Untracked 
|  15|0x0000000080f00000, 0x0000000081000000, 0x0000000081000000|100%| O|  |TAMS 0x0000000081000000, 0x0000000080f00000| Untracked 
|  16|0x0000000081000000, 0x0000000081100000, 0x0000000081100000|100%| O|  |TAMS 0x0000000081100000, 0x0000000081000000| Untracked 
|  17|0x0000000081100000, 0x0000000081200000, 0x0000000081200000|100%| O|  |TAMS 0x0000000081200000, 0x0000000081100000| Untracked 
|  18|0x0000000081200000, 0x0000000081300000, 0x0000000081300000|100%| O|  |TAMS 0x0000000081300000, 0x0000000081200000| Untracked 
|  19|0x0000000081300000, 0x0000000081400000, 0x0000000081400000|100%| O|  |TAMS 0x0000000081400000, 0x0000000081300000| Untracked 
|  20|0x0000000081400000, 0x0000000081500000, 0x0000000081500000|100%|HS|  |TAMS 0x0000000081500000, 0x0000000081400000| Complete 
|  21|0x0000000081500000, 0x0000000081600000, 0x0000000081600000|100%| O|  |TAMS 0x0000000081600000, 0x0000000081500000| Untracked 
|  22|0x0000000081600000, 0x0000000081700000, 0x0000000081700000|100%| O|  |TAMS 0x0000000081700000, 0x0000000081600000| Untracked 
|  23|0x0000000081700000, 0x0000000081800000, 0x0000000081800000|100%| O|  |TAMS 0x0000000081800000, 0x0000000081700000| Untracked 
|  24|0x0000000081800000, 0x0000000081900000, 0x0000000081900000|100%| O|  |TAMS 0x0000000081900000, 0x0000000081800000| Untracked 
|  25|0x0000000081900000, 0x0000000081a00000, 0x0000000081a00000|100%| O|  |TAMS 0x0000000081a00000, 0x0000000081900000| Untracked 
|  26|0x0000000081a00000, 0x0000000081b00000, 0x0000000081b00000|100%| O|  |TAMS 0x0000000081b00000, 0x0000000081a00000| Untracked 
|  27|0x0000000081b00000, 0x0000000081c00000, 0x0000000081c00000|100%| O|  |TAMS 0x0000000081c00000, 0x0000000081b00000| Untracked 
|  28|0x0000000081c00000, 0x0000000081d00000, 0x0000000081d00000|100%| O|  |TAMS 0x0000000081d00000, 0x0000000081c00000| Untracked 
|  29|0x0000000081d00000, 0x0000000081e00000, 0x0000000081e00000|100%| O|  |TAMS 0x0000000081e00000, 0x0000000081d00000| Untracked 
|  30|0x0000000081e00000, 0x0000000081f00000, 0x0000000081f00000|100%|HS|  |TAMS 0x0000000081f00000, 0x0000000081e00000| Complete 
|  31|0x0000000081f00000, 0x0000000082000000, 0x0000000082000000|100%|HC|  |TAMS 0x0000000082000000, 0x0000000081f00000| Complete 
|  32|0x0000000082000000, 0x0000000082100000, 0x0000000082100000|100%| O|  |TAMS 0x0000000082100000, 0x0000000082000000| Untracked 
|  33|0x0000000082100000, 0x0000000082200000, 0x0000000082200000|100%| O|  |TAMS 0x0000000082200000, 0x0000000082100000| Untracked 
|  34|0x0000000082200000, 0x0000000082300000, 0x0000000082300000|100%| O|  |TAMS 0x0000000082300000, 0x0000000082200000| Untracked 
|  35|0x0000000082300000, 0x0000000082400000, 0x0000000082400000|100%| O|  |TAMS 0x0000000082400000, 0x0000000082300000| Untracked 
|  36|0x0000000082400000, 0x0000000082500000, 0x0000000082500000|100%| O|  |TAMS 0x0000000082500000, 0x0000000082400000| Untracked 
|  37|0x0000000082500000, 0x0000000082600000, 0x0000000082600000|100%| O|  |TAMS 0x0000000082600000, 0x0000000082500000| Untracked 
|  38|0x0000000082600000, 0x0000000082700000, 0x0000000082700000|100%|HS|  |TAMS 0x0000000082700000, 0x0000000082600000| Complete 
|  39|0x0000000082700000, 0x0000000082800000, 0x0000000082800000|100%|HC|  |TAMS 0x0000000082800000, 0x0000000082700000| Complete 
|  40|0x0000000082800000, 0x0000000082900000, 0x0000000082900000|100%|HC|  |TAMS 0x0000000082900000, 0x0000000082800000| Complete 
|  41|0x0000000082900000, 0x0000000082a00000, 0x0000000082a00000|100%|HC|  |TAMS 0x0000000082a00000, 0x0000000082900000| Complete 
|  42|0x0000000082a00000, 0x0000000082b00000, 0x0000000082b00000|100%| O|  |TAMS 0x0000000082b00000, 0x0000000082a00000| Untracked 
|  43|0x0000000082b00000, 0x0000000082c00000, 0x0000000082c00000|100%| O|  |TAMS 0x0000000082c00000, 0x0000000082b00000| Untracked 
|  44|0x0000000082c00000, 0x0000000082d00000, 0x0000000082d00000|100%| O|  |TAMS 0x0000000082d00000, 0x0000000082c00000| Untracked 
|  45|0x0000000082d00000, 0x0000000082e00000, 0x0000000082e00000|100%| O|  |TAMS 0x0000000082e00000, 0x0000000082d00000| Untracked 
|  46|0x0000000082e00000, 0x0000000082f00000, 0x0000000082f00000|100%| O|  |TAMS 0x0000000082f00000, 0x0000000082e00000| Untracked 
|  47|0x0000000082f00000, 0x0000000083000000, 0x0000000083000000|100%| O|  |TAMS 0x0000000083000000, 0x0000000082f00000| Untracked 
|  48|0x0000000083000000, 0x0000000083100000, 0x0000000083100000|100%| O|  |TAMS 0x0000000083100000, 0x0000000083000000| Untracked 
|  49|0x0000000083100000, 0x0000000083200000, 0x0000000083200000|100%| O|  |TAMS 0x0000000083200000, 0x0000000083100000| Untracked 
|  50|0x0000000083200000, 0x0000000083300000, 0x0000000083300000|100%| O|  |TAMS 0x0000000083300000, 0x0000000083200000| Untracked 
|  51|0x0000000083300000, 0x0000000083400000, 0x0000000083400000|100%| O|  |TAMS 0x0000000083400000, 0x0000000083300000| Untracked 
|  52|0x0000000083400000, 0x0000000083500000, 0x0000000083500000|100%| O|  |TAMS 0x0000000083500000, 0x0000000083400000| Untracked 
|  53|0x0000000083500000, 0x0000000083600000, 0x0000000083600000|100%| O|  |TAMS 0x0000000083600000, 0x0000000083500000| Untracked 
|  54|0x0000000083600000, 0x0000000083700000, 0x0000000083700000|100%| O|  |TAMS 0x0000000083700000, 0x0000000083600000| Untracked 
|  55|0x0000000083700000, 0x0000000083800000, 0x0000000083800000|100%|HS|  |TAMS 0x0000000083800000, 0x0000000083700000| Complete 
|  56|0x0000000083800000, 0x0000000083900000, 0x0000000083900000|100%|HS|  |TAMS 0x0000000083900000, 0x0000000083800000| Complete 
|  57|0x0000000083900000, 0x0000000083a00000, 0x0000000083a00000|100%| O|  |TAMS 0x0000000083a00000, 0x0000000083900000| Untracked 
|  58|0x0000000083a00000, 0x0000000083b00000, 0x0000000083b00000|100%| O|  |TAMS 0x0000000083b00000, 0x0000000083a00000| Untracked 
|  59|0x0000000083b00000, 0x0000000083c00000, 0x0000000083c00000|100%| O|  |TAMS 0x0000000083c00000, 0x0000000083b00000| Untracked 
|  60|0x0000000083c00000, 0x0000000083d00000, 0x0000000083d00000|100%| O|  |TAMS 0x0000000083d00000, 0x0000000083c00000| Untracked 
|  61|0x0000000083d00000, 0x0000000083e00000, 0x0000000083e00000|100%| O|  |TAMS 0x0000000083e00000, 0x0000000083d00000| Untracked 
|  62|0x0000000083e00000, 0x0000000083f00000, 0x0000000083f00000|100%| O|  |TAMS 0x0000000083f00000, 0x0000000083e00000| Untracked 
|  63|0x0000000083f00000, 0x0000000084000000, 0x0000000084000000|100%| O|  |TAMS 0x0000000084000000, 0x0000000083f00000| Untracked 
|  64|0x0000000084000000, 0x0000000084100000, 0x0000000084100000|100%| O|  |TAMS 0x0000000084100000, 0x0000000084000000| Untracked 
|  65|0x0000000084100000, 0x0000000084200000, 0x0000000084200000|100%| O|  |TAMS 0x0000000084200000, 0x0000000084100000| Untracked 
|  66|0x0000000084200000, 0x0000000084300000, 0x0000000084300000|100%| O|  |TAMS 0x0000000084300000, 0x0000000084200000| Untracked 
|  67|0x0000000084300000, 0x0000000084400000, 0x0000000084400000|100%|HS|  |TAMS 0x0000000084400000, 0x0000000084300000| Complete 
|  68|0x0000000084400000, 0x0000000084500000, 0x0000000084500000|100%| O|  |TAMS 0x0000000084500000, 0x0000000084400000| Untracked 
|  69|0x0000000084500000, 0x0000000084600000, 0x0000000084600000|100%| O|  |TAMS 0x0000000084600000, 0x0000000084500000| Untracked 
|  70|0x0000000084600000, 0x0000000084700000, 0x0000000084700000|100%| O|  |TAMS 0x0000000084700000, 0x0000000084600000| Untracked 
|  71|0x0000000084700000, 0x0000000084800000, 0x0000000084800000|100%| O|  |TAMS 0x0000000084800000, 0x0000000084700000| Untracked 
|  72|0x0000000084800000, 0x0000000084900000, 0x0000000084900000|100%| O|  |TAMS 0x0000000084900000, 0x0000000084800000| Untracked 
|  73|0x0000000084900000, 0x0000000084a00000, 0x0000000084a00000|100%| O|  |TAMS 0x0000000084a00000, 0x0000000084900000| Untracked 
|  74|0x0000000084a00000, 0x0000000084b00000, 0x0000000084b00000|100%| O|  |TAMS 0x0000000084b00000, 0x0000000084a00000| Untracked 
|  75|0x0000000084b00000, 0x0000000084c00000, 0x0000000084c00000|100%| O|  |TAMS 0x0000000084c00000, 0x0000000084b00000| Untracked 
|  76|0x0000000084c00000, 0x0000000084d00000, 0x0000000084d00000|100%| O|  |TAMS 0x0000000084d00000, 0x0000000084c00000| Untracked 
|  77|0x0000000084d00000, 0x0000000084e00000, 0x0000000084e00000|100%| O|  |TAMS 0x0000000084e00000, 0x0000000084d00000| Untracked 
|  78|0x0000000084e00000, 0x0000000084f00000, 0x0000000084f00000|100%| O|  |TAMS 0x0000000084f00000, 0x0000000084e00000| Untracked 
|  79|0x0000000084f00000, 0x0000000085000000, 0x0000000085000000|100%| O|  |TAMS 0x0000000085000000, 0x0000000084f00000| Untracked 
|  80|0x0000000085000000, 0x0000000085100000, 0x0000000085100000|100%|HS|  |TAMS 0x0000000085100000, 0x0000000085000000| Complete 
|  81|0x0000000085100000, 0x0000000085200000, 0x0000000085200000|100%|HC|  |TAMS 0x0000000085200000, 0x0000000085100000| Complete 
|  82|0x0000000085200000, 0x0000000085300000, 0x0000000085300000|100%|HS|  |TAMS 0x0000000085300000, 0x0000000085200000| Complete 
|  83|0x0000000085300000, 0x0000000085400000, 0x0000000085400000|100%|HC|  |TAMS 0x0000000085400000, 0x0000000085300000| Complete 
|  84|0x0000000085400000, 0x0000000085500000, 0x0000000085500000|100%|HC|  |TAMS 0x0000000085500000, 0x0000000085400000| Complete 
|  85|0x0000000085500000, 0x0000000085600000, 0x0000000085600000|100%|HC|  |TAMS 0x0000000085600000, 0x0000000085500000| Complete 
|  86|0x0000000085600000, 0x0000000085700000, 0x0000000085700000|100%| O|  |TAMS 0x0000000085700000, 0x0000000085600000| Untracked 
|  87|0x0000000085700000, 0x0000000085800000, 0x0000000085800000|100%| O|  |TAMS 0x0000000085800000, 0x0000000085700000| Untracked 
|  88|0x0000000085800000, 0x0000000085900000, 0x0000000085900000|100%| O|  |TAMS 0x0000000085900000, 0x0000000085800000| Untracked 
|  89|0x0000000085900000, 0x0000000085a00000, 0x0000000085a00000|100%|HS|  |TAMS 0x0000000085a00000, 0x0000000085900000| Complete 
|  90|0x0000000085a00000, 0x0000000085b00000, 0x0000000085b00000|100%|HC|  |TAMS 0x0000000085b00000, 0x0000000085a00000| Complete 
|  91|0x0000000085b00000, 0x0000000085c00000, 0x0000000085c00000|100%|HC|  |TAMS 0x0000000085c00000, 0x0000000085b00000| Complete 
|  92|0x0000000085c00000, 0x0000000085d00000, 0x0000000085d00000|100%|HS|  |TAMS 0x0000000085d00000, 0x0000000085c00000| Complete 
|  93|0x0000000085d00000, 0x0000000085e00000, 0x0000000085e00000|100%|HC|  |TAMS 0x0000000085e00000, 0x0000000085d00000| Complete 
|  94|0x0000000085e00000, 0x0000000085f00000, 0x0000000085f00000|100%| O|  |TAMS 0x0000000085f00000, 0x0000000085e00000| Untracked 
|  95|0x0000000085f00000, 0x0000000086000000, 0x0000000086000000|100%| O|  |TAMS 0x0000000086000000, 0x0000000085f00000| Untracked 
|  96|0x0000000086000000, 0x0000000086100000, 0x0000000086100000|100%| O|  |TAMS 0x0000000086100000, 0x0000000086000000| Untracked 
|  97|0x0000000086100000, 0x0000000086200000, 0x0000000086200000|100%| O|  |TAMS 0x0000000086200000, 0x0000000086100000| Untracked 
|  98|0x0000000086200000, 0x0000000086300000, 0x0000000086300000|100%| O|  |TAMS 0x0000000086300000, 0x0000000086200000| Untracked 
|  99|0x0000000086300000, 0x0000000086400000, 0x0000000086400000|100%| O|  |TAMS 0x0000000086400000, 0x0000000086300000| Untracked 
| 100|0x0000000086400000, 0x0000000086500000, 0x0000000086500000|100%| O|  |TAMS 0x0000000086500000, 0x0000000086400000| Untracked 
| 101|0x0000000086500000, 0x0000000086600000, 0x0000000086600000|100%| O|  |TAMS 0x0000000086600000, 0x0000000086500000| Untracked 
| 102|0x0000000086600000, 0x0000000086700000, 0x0000000086700000|100%| O|  |TAMS 0x0000000086700000, 0x0000000086600000| Untracked 
| 103|0x0000000086700000, 0x0000000086800000, 0x0000000086800000|100%| O|  |TAMS 0x0000000086800000, 0x0000000086700000| Untracked 
| 104|0x0000000086800000, 0x0000000086900000, 0x0000000086900000|100%| O|  |TAMS 0x0000000086900000, 0x0000000086800000| Untracked 
| 105|0x0000000086900000, 0x0000000086a00000, 0x0000000086a00000|100%| O|  |TAMS 0x0000000086a00000, 0x0000000086900000| Untracked 
| 106|0x0000000086a00000, 0x0000000086b00000, 0x0000000086b00000|100%| O|  |TAMS 0x0000000086b00000, 0x0000000086a00000| Untracked 
| 107|0x0000000086b00000, 0x0000000086c00000, 0x0000000086c00000|100%| O|  |TAMS 0x0000000086c00000, 0x0000000086b00000| Untracked 
| 108|0x0000000086c00000, 0x0000000086d00000, 0x0000000086d00000|100%| O|  |TAMS 0x0000000086d00000, 0x0000000086c00000| Untracked 
| 109|0x0000000086d00000, 0x0000000086e00000, 0x0000000086e00000|100%| O|  |TAMS 0x0000000086e00000, 0x0000000086d00000| Untracked 
| 110|0x0000000086e00000, 0x0000000086f00000, 0x0000000086f00000|100%| O|  |TAMS 0x0000000086f00000, 0x0000000086e00000| Untracked 
| 111|0x0000000086f00000, 0x0000000087000000, 0x0000000087000000|100%| O|  |TAMS 0x0000000087000000, 0x0000000086f00000| Untracked 
| 112|0x0000000087000000, 0x0000000087100000, 0x0000000087100000|100%| O|  |TAMS 0x0000000087100000, 0x0000000087000000| Untracked 
| 113|0x0000000087100000, 0x0000000087200000, 0x0000000087200000|100%| O|  |TAMS 0x0000000087200000, 0x0000000087100000| Untracked 
| 114|0x0000000087200000, 0x0000000087300000, 0x0000000087300000|100%| O|  |TAMS 0x0000000087200000, 0x0000000087200000| Untracked 
| 115|0x0000000087300000, 0x0000000087400000, 0x0000000087400000|100%|HS|  |TAMS 0x0000000087400000, 0x0000000087300000| Complete 
| 116|0x0000000087400000, 0x0000000087500000, 0x0000000087500000|100%|HS|  |TAMS 0x0000000087500000, 0x0000000087400000| Complete 
| 117|0x0000000087500000, 0x0000000087600000, 0x0000000087600000|100%|HS|  |TAMS 0x0000000087600000, 0x0000000087500000| Complete 
| 118|0x0000000087600000, 0x0000000087700000, 0x0000000087700000|100%|HC|  |TAMS 0x0000000087700000, 0x0000000087600000| Complete 
| 119|0x0000000087700000, 0x0000000087800000, 0x0000000087800000|100%|HC|  |TAMS 0x0000000087800000, 0x0000000087700000| Complete 
| 120|0x0000000087800000, 0x0000000087900000, 0x0000000087900000|100%|HS|  |TAMS 0x0000000087900000, 0x0000000087800000| Complete 
| 121|0x0000000087900000, 0x0000000087a00000, 0x0000000087a00000|100%|HC|  |TAMS 0x0000000087a00000, 0x0000000087900000| Complete 
| 122|0x0000000087a00000, 0x0000000087b00000, 0x0000000087b00000|100%| O|  |TAMS 0x0000000087a00000, 0x0000000087a00000| Untracked 
| 123|0x0000000087b00000, 0x0000000087c00000, 0x0000000087c00000|100%| O|  |TAMS 0x0000000087b00000, 0x0000000087b00000| Untracked 
| 124|0x0000000087c00000, 0x0000000087d00000, 0x0000000087d00000|100%| O|  |TAMS 0x0000000087c00000, 0x0000000087c00000| Untracked 
| 125|0x0000000087d00000, 0x0000000087e00000, 0x0000000087e00000|100%| O|  |TAMS 0x0000000087d00000, 0x0000000087d00000| Untracked 
| 126|0x0000000087e00000, 0x0000000087f00000, 0x0000000087f00000|100%| O|  |TAMS 0x0000000087e00000, 0x0000000087e00000| Untracked 
| 127|0x0000000087f00000, 0x0000000088000000, 0x0000000088000000|100%| O|  |TAMS 0x0000000087f00000, 0x0000000087f00000| Untracked 
| 128|0x0000000088000000, 0x0000000088100000, 0x0000000088100000|100%|HS|  |TAMS 0x0000000088000000, 0x0000000088000000| Complete 
| 129|0x0000000088100000, 0x0000000088200000, 0x0000000088200000|100%|HS|  |TAMS 0x0000000088100000, 0x0000000088100000| Complete 
| 130|0x0000000088200000, 0x0000000088300000, 0x0000000088300000|100%| O|  |TAMS 0x0000000088200000, 0x0000000088200000| Untracked 
| 131|0x0000000088300000, 0x0000000088400000, 0x0000000088400000|100%| O|  |TAMS 0x0000000088300000, 0x0000000088300000| Untracked 
| 132|0x0000000088400000, 0x0000000088500000, 0x0000000088500000|100%| O|  |TAMS 0x0000000088400000, 0x0000000088400000| Untracked 
| 133|0x0000000088500000, 0x0000000088600000, 0x0000000088600000|100%| O|  |TAMS 0x0000000088500000, 0x0000000088500000| Untracked 
| 134|0x0000000088600000, 0x0000000088700000, 0x0000000088700000|100%| O|  |TAMS 0x0000000088600000, 0x0000000088600000| Untracked 
| 135|0x0000000088700000, 0x0000000088800000, 0x0000000088800000|100%| O|  |TAMS 0x0000000088700000, 0x0000000088700000| Untracked 
| 136|0x0000000088800000, 0x0000000088900000, 0x0000000088900000|100%| O|  |TAMS 0x0000000088800000, 0x0000000088800000| Untracked 
| 137|0x0000000088900000, 0x0000000088a00000, 0x0000000088a00000|100%| O|  |TAMS 0x0000000088900000, 0x0000000088900000| Untracked 
| 138|0x0000000088a00000, 0x0000000088b00000, 0x0000000088b00000|100%| O|  |TAMS 0x0000000088a00000, 0x0000000088a00000| Untracked 
| 139|0x0000000088b00000, 0x0000000088c00000, 0x0000000088c00000|100%| O|  |TAMS 0x0000000088b00000, 0x0000000088b00000| Untracked 
| 140|0x0000000088c00000, 0x0000000088d00000, 0x0000000088d00000|100%| O|  |TAMS 0x0000000088c00000, 0x0000000088c00000| Untracked 
| 141|0x0000000088d00000, 0x0000000088e00000, 0x0000000088e00000|100%| O|  |TAMS 0x0000000088d00000, 0x0000000088d00000| Untracked 
| 142|0x0000000088e00000, 0x0000000088f00000, 0x0000000088f00000|100%| O|  |TAMS 0x0000000088e00000, 0x0000000088e00000| Untracked 
| 143|0x0000000088f00000, 0x0000000089000000, 0x0000000089000000|100%| O|  |TAMS 0x0000000088f00000, 0x0000000088f00000| Untracked 
| 144|0x0000000089000000, 0x0000000089100000, 0x0000000089100000|100%| O|  |TAMS 0x0000000089000000, 0x0000000089000000| Untracked 
| 145|0x0000000089100000, 0x0000000089200000, 0x0000000089200000|100%| O|  |TAMS 0x0000000089100000, 0x0000000089100000| Untracked 
| 146|0x0000000089200000, 0x0000000089300000, 0x0000000089300000|100%| O|  |TAMS 0x0000000089200000, 0x0000000089200000| Untracked 
| 147|0x0000000089300000, 0x0000000089400000, 0x0000000089400000|100%| O|  |TAMS 0x0000000089300000, 0x0000000089300000| Untracked 
| 148|0x0000000089400000, 0x0000000089500000, 0x0000000089500000|100%| O|  |TAMS 0x0000000089400000, 0x0000000089400000| Untracked 
| 149|0x0000000089500000, 0x0000000089600000, 0x0000000089600000|100%| O|  |TAMS 0x0000000089500000, 0x0000000089500000| Untracked 
| 150|0x0000000089600000, 0x0000000089700000, 0x0000000089700000|100%| O|  |TAMS 0x0000000089600000, 0x0000000089600000| Untracked 
| 151|0x0000000089700000, 0x0000000089800000, 0x0000000089800000|100%| O|  |TAMS 0x0000000089700000, 0x0000000089700000| Untracked 
| 152|0x0000000089800000, 0x0000000089900000, 0x0000000089900000|100%| O|  |TAMS 0x0000000089800000, 0x0000000089800000| Untracked 
| 153|0x0000000089900000, 0x0000000089a00000, 0x0000000089a00000|100%|HS|  |TAMS 0x0000000089900000, 0x0000000089900000| Complete 
| 154|0x0000000089a00000, 0x0000000089b00000, 0x0000000089b00000|100%|HS|  |TAMS 0x0000000089a00000, 0x0000000089a00000| Complete 
| 155|0x0000000089b00000, 0x0000000089c00000, 0x0000000089c00000|100%|HC|  |TAMS 0x0000000089b00000, 0x0000000089b00000| Complete 
| 156|0x0000000089c00000, 0x0000000089d00000, 0x0000000089d00000|100%|HC|  |TAMS 0x0000000089c00000, 0x0000000089c00000| Complete 
| 157|0x0000000089d00000, 0x0000000089e00000, 0x0000000089e00000|100%| O|  |TAMS 0x0000000089d00000, 0x0000000089d00000| Untracked 
| 158|0x0000000089e00000, 0x0000000089f00000, 0x0000000089f00000|100%|HS|  |TAMS 0x0000000089e00000, 0x0000000089e00000| Complete 
| 159|0x0000000089f00000, 0x000000008a000000, 0x000000008a000000|100%|HS|  |TAMS 0x0000000089f00000, 0x0000000089f00000| Complete 
| 160|0x000000008a000000, 0x000000008a100000, 0x000000008a100000|100%|HS|  |TAMS 0x000000008a000000, 0x000000008a000000| Complete 
| 161|0x000000008a100000, 0x000000008a200000, 0x000000008a200000|100%| O|  |TAMS 0x000000008a100000, 0x000000008a100000| Untracked 
| 162|0x000000008a200000, 0x000000008a300000, 0x000000008a300000|100%| O|  |TAMS 0x000000008a200000, 0x000000008a200000| Untracked 
| 163|0x000000008a300000, 0x000000008a400000, 0x000000008a400000|100%| O|  |TAMS 0x000000008a300000, 0x000000008a300000| Untracked 
| 164|0x000000008a400000, 0x000000008a500000, 0x000000008a500000|100%| O|  |TAMS 0x000000008a400000, 0x000000008a400000| Untracked 
| 165|0x000000008a500000, 0x000000008a600000, 0x000000008a600000|100%| O|  |TAMS 0x000000008a500000, 0x000000008a500000| Untracked 
| 166|0x000000008a600000, 0x000000008a700000, 0x000000008a700000|100%| O|  |TAMS 0x000000008a600000, 0x000000008a600000| Untracked 
| 167|0x000000008a700000, 0x000000008a800000, 0x000000008a800000|100%| O|  |TAMS 0x000000008a700000, 0x000000008a700000| Untracked 
| 168|0x000000008a800000, 0x000000008a900000, 0x000000008a900000|100%| O|  |TAMS 0x000000008a800000, 0x000000008a800000| Untracked 
| 169|0x000000008a900000, 0x000000008aa00000, 0x000000008aa00000|100%| O|  |TAMS 0x000000008a900000, 0x000000008a900000| Untracked 
| 170|0x000000008aa00000, 0x000000008ab00000, 0x000000008ab00000|100%| O|  |TAMS 0x000000008aa00000, 0x000000008aa00000| Untracked 
| 171|0x000000008ab00000, 0x000000008ac00000, 0x000000008ac00000|100%| O|  |TAMS 0x000000008ab00000, 0x000000008ab00000| Untracked 
| 172|0x000000008ac00000, 0x000000008ad00000, 0x000000008ad00000|100%| O|  |TAMS 0x000000008ac00000, 0x000000008ac00000| Untracked 
| 173|0x000000008ad00000, 0x000000008ae00000, 0x000000008ae00000|100%| O|  |TAMS 0x000000008ad00000, 0x000000008ad00000| Untracked 
| 174|0x000000008ae00000, 0x000000008af00000, 0x000000008af00000|100%| O|  |TAMS 0x000000008ae00000, 0x000000008ae00000| Untracked 
| 175|0x000000008af00000, 0x000000008b000000, 0x000000008b000000|100%| O|  |TAMS 0x000000008af00000, 0x000000008af00000| Untracked 
| 176|0x000000008b000000, 0x000000008b100000, 0x000000008b100000|100%| O|  |TAMS 0x000000008b000000, 0x000000008b000000| Untracked 
| 177|0x000000008b100000, 0x000000008b200000, 0x000000008b200000|100%| O|  |TAMS 0x000000008b100000, 0x000000008b100000| Untracked 
| 178|0x000000008b200000, 0x000000008b300000, 0x000000008b300000|100%| O|  |TAMS 0x000000008b200000, 0x000000008b200000| Untracked 
| 179|0x000000008b300000, 0x000000008b400000, 0x000000008b400000|100%| O|  |TAMS 0x000000008b300000, 0x000000008b300000| Untracked 
| 180|0x000000008b400000, 0x000000008b500000, 0x000000008b500000|100%| O|  |TAMS 0x000000008b400000, 0x000000008b400000| Untracked 
| 181|0x000000008b500000, 0x000000008b600000, 0x000000008b600000|100%| O|  |TAMS 0x000000008b500000, 0x000000008b500000| Untracked 
| 182|0x000000008b600000, 0x000000008b700000, 0x000000008b700000|100%| O|  |TAMS 0x000000008b600000, 0x000000008b600000| Untracked 
| 183|0x000000008b700000, 0x000000008b800000, 0x000000008b800000|100%| O|  |TAMS 0x000000008b700000, 0x000000008b700000| Untracked 
| 184|0x000000008b800000, 0x000000008b900000, 0x000000008b900000|100%| O|  |TAMS 0x000000008b800000, 0x000000008b800000| Untracked 
| 185|0x000000008b900000, 0x000000008ba00000, 0x000000008ba00000|100%| O|  |TAMS 0x000000008b900000, 0x000000008b900000| Untracked 
| 186|0x000000008ba00000, 0x000000008bb00000, 0x000000008bb00000|100%| O|  |TAMS 0x000000008ba00000, 0x000000008ba00000| Untracked 
| 187|0x000000008bb00000, 0x000000008bc00000, 0x000000008bc00000|100%| O|  |TAMS 0x000000008bb00000, 0x000000008bb00000| Untracked 
| 188|0x000000008bc00000, 0x000000008bd00000, 0x000000008bd00000|100%| O|  |TAMS 0x000000008bc00000, 0x000000008bc00000| Untracked 
| 189|0x000000008bd00000, 0x000000008be00000, 0x000000008be00000|100%| O|  |TAMS 0x000000008bd00000, 0x000000008bd00000| Untracked 
| 190|0x000000008be00000, 0x000000008bf00000, 0x000000008bf00000|100%| O|  |TAMS 0x000000008be00000, 0x000000008be00000| Untracked 
| 191|0x000000008bf00000, 0x000000008c000000, 0x000000008c000000|100%| O|  |TAMS 0x000000008bf00000, 0x000000008bf00000| Untracked 
| 192|0x000000008c000000, 0x000000008c100000, 0x000000008c100000|100%| O|  |TAMS 0x000000008c000000, 0x000000008c000000| Untracked 
| 193|0x000000008c100000, 0x000000008c200000, 0x000000008c200000|100%| O|  |TAMS 0x000000008c100000, 0x000000008c100000| Untracked 
| 194|0x000000008c200000, 0x000000008c300000, 0x000000008c300000|100%| O|  |TAMS 0x000000008c200000, 0x000000008c200000| Untracked 
| 195|0x000000008c300000, 0x000000008c400000, 0x000000008c400000|100%| O|  |TAMS 0x000000008c300000, 0x000000008c300000| Untracked 
| 196|0x000000008c400000, 0x000000008c500000, 0x000000008c500000|100%| O|  |TAMS 0x000000008c400000, 0x000000008c400000| Untracked 
| 197|0x000000008c500000, 0x000000008c600000, 0x000000008c600000|100%| O|  |TAMS 0x000000008c500000, 0x000000008c500000| Untracked 
| 198|0x000000008c600000, 0x000000008c700000, 0x000000008c700000|100%| O|  |TAMS 0x000000008c600000, 0x000000008c600000| Untracked 
| 199|0x000000008c700000, 0x000000008c800000, 0x000000008c800000|100%| O|  |TAMS 0x000000008c700000, 0x000000008c700000| Untracked 
| 200|0x000000008c800000, 0x000000008c900000, 0x000000008c900000|100%| O|  |TAMS 0x000000008c800000, 0x000000008c800000| Untracked 
| 201|0x000000008c900000, 0x000000008ca00000, 0x000000008ca00000|100%| O|  |TAMS 0x000000008c900000, 0x000000008c900000| Untracked 
| 202|0x000000008ca00000, 0x000000008cb00000, 0x000000008cb00000|100%| O|  |TAMS 0x000000008ca00000, 0x000000008ca00000| Untracked 
| 203|0x000000008cb00000, 0x000000008cc00000, 0x000000008cc00000|100%| O|  |TAMS 0x000000008cb00000, 0x000000008cb00000| Untracked 
| 204|0x000000008cc00000, 0x000000008cd00000, 0x000000008cd00000|100%| O|  |TAMS 0x000000008cc00000, 0x000000008cc00000| Untracked 
| 205|0x000000008cd00000, 0x000000008ce00000, 0x000000008ce00000|100%| O|  |TAMS 0x000000008cd00000, 0x000000008cd00000| Untracked 
| 206|0x000000008ce00000, 0x000000008cf00000, 0x000000008cf00000|100%| O|  |TAMS 0x000000008ce00000, 0x000000008ce00000| Untracked 
| 207|0x000000008cf00000, 0x000000008d000000, 0x000000008d000000|100%| O|  |TAMS 0x000000008cf00000, 0x000000008cf00000| Untracked 
| 208|0x000000008d000000, 0x000000008d100000, 0x000000008d100000|100%| O|  |TAMS 0x000000008d000000, 0x000000008d000000| Untracked 
| 209|0x000000008d100000, 0x000000008d200000, 0x000000008d200000|100%| O|  |TAMS 0x000000008d100000, 0x000000008d100000| Untracked 
| 210|0x000000008d200000, 0x000000008d300000, 0x000000008d300000|100%| O|  |TAMS 0x000000008d200000, 0x000000008d200000| Untracked 
| 211|0x000000008d300000, 0x000000008d400000, 0x000000008d400000|100%| O|  |TAMS 0x000000008d300000, 0x000000008d300000| Untracked 
| 212|0x000000008d400000, 0x000000008d500000, 0x000000008d500000|100%| O|  |TAMS 0x000000008d400000, 0x000000008d400000| Untracked 
| 213|0x000000008d500000, 0x000000008d600000, 0x000000008d600000|100%| O|  |TAMS 0x000000008d500000, 0x000000008d500000| Untracked 
| 214|0x000000008d600000, 0x000000008d700000, 0x000000008d700000|100%| O|  |TAMS 0x000000008d600000, 0x000000008d600000| Untracked 
| 215|0x000000008d700000, 0x000000008d800000, 0x000000008d800000|100%| O|  |TAMS 0x000000008d700000, 0x000000008d700000| Untracked 
| 216|0x000000008d800000, 0x000000008d900000, 0x000000008d900000|100%| O|  |TAMS 0x000000008d800000, 0x000000008d800000| Untracked 
| 217|0x000000008d900000, 0x000000008da00000, 0x000000008da00000|100%| O|  |TAMS 0x000000008d900000, 0x000000008d900000| Untracked 
| 218|0x000000008da00000, 0x000000008da00000, 0x000000008db00000|  0%| F|  |TAMS 0x000000008da00000, 0x000000008da00000| Untracked 
| 219|0x000000008db00000, 0x000000008db00000, 0x000000008dc00000|  0%| F|  |TAMS 0x000000008db00000, 0x000000008db00000| Untracked 
| 220|0x000000008dc00000, 0x000000008dc00000, 0x000000008dd00000|  0%| F|  |TAMS 0x000000008dc00000, 0x000000008dc00000| Untracked 
| 221|0x000000008dd00000, 0x000000008dd00000, 0x000000008de00000|  0%| F|  |TAMS 0x000000008dd00000, 0x000000008dd00000| Untracked 
| 222|0x000000008de00000, 0x000000008de00000, 0x000000008df00000|  0%| F|  |TAMS 0x000000008de00000, 0x000000008de00000| Untracked 
| 223|0x000000008df00000, 0x000000008df00000, 0x000000008e000000|  0%| F|  |TAMS 0x000000008df00000, 0x000000008df00000| Untracked 
| 224|0x000000008e000000, 0x000000008e000000, 0x000000008e100000|  0%| F|  |TAMS 0x000000008e000000, 0x000000008e000000| Untracked 
| 225|0x000000008e100000, 0x000000008e100000, 0x000000008e200000|  0%| F|  |TAMS 0x000000008e100000, 0x000000008e100000| Untracked 
| 226|0x000000008e200000, 0x000000008e200000, 0x000000008e300000|  0%| F|  |TAMS 0x000000008e200000, 0x000000008e200000| Untracked 
| 227|0x000000008e300000, 0x000000008e300000, 0x000000008e400000|  0%| F|  |TAMS 0x000000008e300000, 0x000000008e300000| Untracked 
| 228|0x000000008e400000, 0x000000008e400000, 0x000000008e500000|  0%| F|  |TAMS 0x000000008e400000, 0x000000008e400000| Untracked 
| 229|0x000000008e500000, 0x000000008e500000, 0x000000008e600000|  0%| F|  |TAMS 0x000000008e500000, 0x000000008e500000| Untracked 
| 230|0x000000008e600000, 0x000000008e600000, 0x000000008e700000|  0%| F|  |TAMS 0x000000008e600000, 0x000000008e600000| Untracked 
| 231|0x000000008e700000, 0x000000008e700000, 0x000000008e800000|  0%| F|  |TAMS 0x000000008e700000, 0x000000008e700000| Untracked 
| 232|0x000000008e800000, 0x000000008e800000, 0x000000008e900000|  0%| F|  |TAMS 0x000000008e800000, 0x000000008e800000| Untracked 
| 233|0x000000008e900000, 0x000000008e900000, 0x000000008ea00000|  0%| F|  |TAMS 0x000000008e900000, 0x000000008e900000| Untracked 
| 234|0x000000008ea00000, 0x000000008ea00000, 0x000000008eb00000|  0%| F|  |TAMS 0x000000008ea00000, 0x000000008ea00000| Untracked 
| 235|0x000000008eb00000, 0x000000008eb00000, 0x000000008ec00000|  0%| F|  |TAMS 0x000000008eb00000, 0x000000008eb00000| Untracked 
| 236|0x000000008ec00000, 0x000000008ec00000, 0x000000008ed00000|  0%| F|  |TAMS 0x000000008ec00000, 0x000000008ec00000| Untracked 
| 237|0x000000008ed00000, 0x000000008ed00000, 0x000000008ee00000|  0%| F|  |TAMS 0x000000008ed00000, 0x000000008ed00000| Untracked 
| 238|0x000000008ee00000, 0x000000008ee00000, 0x000000008ef00000|  0%| F|  |TAMS 0x000000008ee00000, 0x000000008ee00000| Untracked 
| 239|0x000000008ef00000, 0x000000008ef00000, 0x000000008f000000|  0%| F|  |TAMS 0x000000008ef00000, 0x000000008ef00000| Untracked 
| 240|0x000000008f000000, 0x000000008f000000, 0x000000008f100000|  0%| F|  |TAMS 0x000000008f000000, 0x000000008f000000| Untracked 
| 241|0x000000008f100000, 0x000000008f100000, 0x000000008f200000|  0%| F|  |TAMS 0x000000008f100000, 0x000000008f100000| Untracked 
| 242|0x000000008f200000, 0x000000008f200000, 0x000000008f300000|  0%| F|  |TAMS 0x000000008f200000, 0x000000008f200000| Untracked 
| 243|0x000000008f300000, 0x000000008f300000, 0x000000008f400000|  0%| F|  |TAMS 0x000000008f300000, 0x000000008f300000| Untracked 
| 244|0x000000008f400000, 0x000000008f400000, 0x000000008f500000|  0%| F|  |TAMS 0x000000008f400000, 0x000000008f400000| Untracked 
| 245|0x000000008f500000, 0x000000008f500000, 0x000000008f600000|  0%| F|  |TAMS 0x000000008f500000, 0x000000008f500000| Untracked 
| 246|0x000000008f600000, 0x000000008f600000, 0x000000008f700000|  0%| F|  |TAMS 0x000000008f600000, 0x000000008f600000| Untracked 
| 247|0x000000008f700000, 0x000000008f700000, 0x000000008f800000|  0%| F|  |TAMS 0x000000008f700000, 0x000000008f700000| Untracked 
| 248|0x000000008f800000, 0x000000008f800000, 0x000000008f900000|  0%| F|  |TAMS 0x000000008f800000, 0x000000008f800000| Untracked 
| 249|0x000000008f900000, 0x000000008f900000, 0x000000008fa00000|  0%| F|  |TAMS 0x000000008f900000, 0x000000008f900000| Untracked 
| 250|0x000000008fa00000, 0x000000008fa00000, 0x000000008fb00000|  0%| F|  |TAMS 0x000000008fa00000, 0x000000008fa00000| Untracked 
| 251|0x000000008fb00000, 0x000000008fb00000, 0x000000008fc00000|  0%| F|  |TAMS 0x000000008fb00000, 0x000000008fb00000| Untracked 
| 252|0x000000008fc00000, 0x000000008fc00000, 0x000000008fd00000|  0%| F|  |TAMS 0x000000008fc00000, 0x000000008fc00000| Untracked 
| 253|0x000000008fd00000, 0x000000008fd00000, 0x000000008fe00000|  0%| F|  |TAMS 0x000000008fd00000, 0x000000008fd00000| Untracked 
| 254|0x000000008fe00000, 0x000000008fe00000, 0x000000008ff00000|  0%| F|  |TAMS 0x000000008fe00000, 0x000000008fe00000| Untracked 
| 255|0x000000008ff00000, 0x000000008ff00000, 0x0000000090000000|  0%| F|  |TAMS 0x000000008ff00000, 0x000000008ff00000| Untracked 
| 256|0x0000000090000000, 0x0000000090000000, 0x0000000090100000|  0%| F|  |TAMS 0x0000000090000000, 0x0000000090000000| Untracked 
| 257|0x0000000090100000, 0x0000000090100000, 0x0000000090200000|  0%| F|  |TAMS 0x0000000090100000, 0x0000000090100000| Untracked 
| 258|0x0000000090200000, 0x0000000090200000, 0x0000000090300000|  0%| F|  |TAMS 0x0000000090200000, 0x0000000090200000| Untracked 
| 259|0x0000000090300000, 0x0000000090300000, 0x0000000090400000|  0%| F|  |TAMS 0x0000000090300000, 0x0000000090300000| Untracked 
| 260|0x0000000090400000, 0x0000000090400000, 0x0000000090500000|  0%| F|  |TAMS 0x0000000090400000, 0x0000000090400000| Untracked 
| 261|0x0000000090500000, 0x0000000090500000, 0x0000000090600000|  0%| F|  |TAMS 0x0000000090500000, 0x0000000090500000| Untracked 
| 262|0x0000000090600000, 0x0000000090600000, 0x0000000090700000|  0%| F|  |TAMS 0x0000000090600000, 0x0000000090600000| Untracked 
| 263|0x0000000090700000, 0x0000000090700000, 0x0000000090800000|  0%| F|  |TAMS 0x0000000090700000, 0x0000000090700000| Untracked 
| 264|0x0000000090800000, 0x0000000090800000, 0x0000000090900000|  0%| F|  |TAMS 0x0000000090800000, 0x0000000090800000| Untracked 
| 265|0x0000000090900000, 0x0000000090900000, 0x0000000090a00000|  0%| F|  |TAMS 0x0000000090900000, 0x0000000090900000| Untracked 
| 266|0x0000000090a00000, 0x0000000090a00000, 0x0000000090b00000|  0%| F|  |TAMS 0x0000000090a00000, 0x0000000090a00000| Untracked 
| 267|0x0000000090b00000, 0x0000000090b00000, 0x0000000090c00000|  0%| F|  |TAMS 0x0000000090b00000, 0x0000000090b00000| Untracked 
| 268|0x0000000090c00000, 0x0000000090c00000, 0x0000000090d00000|  0%| F|  |TAMS 0x0000000090c00000, 0x0000000090c00000| Untracked 
| 269|0x0000000090d00000, 0x0000000090d00000, 0x0000000090e00000|  0%| F|  |TAMS 0x0000000090d00000, 0x0000000090d00000| Untracked 
| 270|0x0000000090e00000, 0x0000000090e00000, 0x0000000090f00000|  0%| F|  |TAMS 0x0000000090e00000, 0x0000000090e00000| Untracked 
| 271|0x0000000090f00000, 0x0000000090f00000, 0x0000000091000000|  0%| F|  |TAMS 0x0000000090f00000, 0x0000000090f00000| Untracked 
| 272|0x0000000091000000, 0x0000000091000000, 0x0000000091100000|  0%| F|  |TAMS 0x0000000091000000, 0x0000000091000000| Untracked 
| 273|0x0000000091100000, 0x0000000091100000, 0x0000000091200000|  0%| F|  |TAMS 0x0000000091100000, 0x0000000091100000| Untracked 
| 274|0x0000000091200000, 0x0000000091200000, 0x0000000091300000|  0%| F|  |TAMS 0x0000000091200000, 0x0000000091200000| Untracked 
| 275|0x0000000091300000, 0x0000000091300000, 0x0000000091400000|  0%| F|  |TAMS 0x0000000091300000, 0x0000000091300000| Untracked 
| 276|0x0000000091400000, 0x0000000091400000, 0x0000000091500000|  0%| F|  |TAMS 0x0000000091400000, 0x0000000091400000| Untracked 
| 277|0x0000000091500000, 0x0000000091500000, 0x0000000091600000|  0%| F|  |TAMS 0x0000000091500000, 0x0000000091500000| Untracked 
| 278|0x0000000091600000, 0x0000000091600000, 0x0000000091700000|  0%| F|  |TAMS 0x0000000091600000, 0x0000000091600000| Untracked 
| 279|0x0000000091700000, 0x0000000091700000, 0x0000000091800000|  0%| F|  |TAMS 0x0000000091700000, 0x0000000091700000| Untracked 
| 280|0x0000000091800000, 0x0000000091800000, 0x0000000091900000|  0%| F|  |TAMS 0x0000000091800000, 0x0000000091800000| Untracked 
| 281|0x0000000091900000, 0x0000000091900000, 0x0000000091a00000|  0%| F|  |TAMS 0x0000000091900000, 0x0000000091900000| Untracked 
| 282|0x0000000091a00000, 0x0000000091a00000, 0x0000000091b00000|  0%| F|  |TAMS 0x0000000091a00000, 0x0000000091a00000| Untracked 
| 283|0x0000000091b00000, 0x0000000091b00000, 0x0000000091c00000|  0%| F|  |TAMS 0x0000000091b00000, 0x0000000091b00000| Untracked 
| 284|0x0000000091c00000, 0x0000000091c00000, 0x0000000091d00000|  0%| F|  |TAMS 0x0000000091c00000, 0x0000000091c00000| Untracked 
| 285|0x0000000091d00000, 0x0000000091d00000, 0x0000000091e00000|  0%| F|  |TAMS 0x0000000091d00000, 0x0000000091d00000| Untracked 
| 286|0x0000000091e00000, 0x0000000091e00000, 0x0000000091f00000|  0%| F|  |TAMS 0x0000000091e00000, 0x0000000091e00000| Untracked 
| 287|0x0000000091f00000, 0x0000000091f00000, 0x0000000092000000|  0%| F|  |TAMS 0x0000000091f00000, 0x0000000091f00000| Untracked 
| 288|0x0000000092000000, 0x0000000092000000, 0x0000000092100000|  0%| F|  |TAMS 0x0000000092000000, 0x0000000092000000| Untracked 
| 289|0x0000000092100000, 0x0000000092200000, 0x0000000092200000|100%| S|CS|TAMS 0x0000000092100000, 0x0000000092100000| Complete 
| 290|0x0000000092200000, 0x0000000092300000, 0x0000000092300000|100%| S|CS|TAMS 0x0000000092200000, 0x0000000092200000| Complete 
| 291|0x0000000092300000, 0x0000000092400000, 0x0000000092400000|100%| S|CS|TAMS 0x0000000092300000, 0x0000000092300000| Complete 
| 292|0x0000000092400000, 0x0000000092500000, 0x0000000092500000|100%| S|CS|TAMS 0x0000000092400000, 0x0000000092400000| Complete 
| 293|0x0000000092500000, 0x0000000092600000, 0x0000000092600000|100%| S|CS|TAMS 0x0000000092500000, 0x0000000092500000| Complete 
| 294|0x0000000092600000, 0x0000000092700000, 0x0000000092700000|100%| S|CS|TAMS 0x0000000092600000, 0x0000000092600000| Complete 
| 295|0x0000000092700000, 0x0000000092800000, 0x0000000092800000|100%| S|CS|TAMS 0x0000000092700000, 0x0000000092700000| Complete 
| 296|0x0000000092800000, 0x0000000092900000, 0x0000000092900000|100%| S|CS|TAMS 0x0000000092800000, 0x0000000092800000| Complete 
| 297|0x0000000092900000, 0x0000000092a00000, 0x0000000092a00000|100%| S|CS|TAMS 0x0000000092900000, 0x0000000092900000| Complete 
| 298|0x0000000092a00000, 0x0000000092b00000, 0x0000000092b00000|100%| S|CS|TAMS 0x0000000092a00000, 0x0000000092a00000| Complete 
| 299|0x0000000092b00000, 0x0000000092c00000, 0x0000000092c00000|100%| S|CS|TAMS 0x0000000092b00000, 0x0000000092b00000| Complete 
| 300|0x0000000092c00000, 0x0000000092c00000, 0x0000000092d00000|  0%| F|  |TAMS 0x0000000092c00000, 0x0000000092c00000| Untracked 
| 301|0x0000000092d00000, 0x0000000092d00000, 0x0000000092e00000|  0%| F|  |TAMS 0x0000000092d00000, 0x0000000092d00000| Untracked 
| 302|0x0000000092e00000, 0x0000000092e00000, 0x0000000092f00000|  0%| F|  |TAMS 0x0000000092e00000, 0x0000000092e00000| Untracked 
| 303|0x0000000092f00000, 0x0000000092f00000, 0x0000000093000000|  0%| F|  |TAMS 0x0000000092f00000, 0x0000000092f00000| Untracked 
| 304|0x0000000093000000, 0x0000000093000000, 0x0000000093100000|  0%| F|  |TAMS 0x0000000093000000, 0x0000000093000000| Untracked 
| 305|0x0000000093100000, 0x0000000093100000, 0x0000000093200000|  0%| F|  |TAMS 0x0000000093100000, 0x0000000093100000| Untracked 
| 306|0x0000000093200000, 0x0000000093200000, 0x0000000093300000|  0%| F|  |TAMS 0x0000000093200000, 0x0000000093200000| Untracked 
| 307|0x0000000093300000, 0x0000000093300000, 0x0000000093400000|  0%| F|  |TAMS 0x0000000093300000, 0x0000000093300000| Untracked 
| 308|0x0000000093400000, 0x0000000093400000, 0x0000000093500000|  0%| F|  |TAMS 0x0000000093400000, 0x0000000093400000| Untracked 
| 309|0x0000000093500000, 0x0000000093500000, 0x0000000093600000|  0%| F|  |TAMS 0x0000000093500000, 0x0000000093500000| Untracked 
| 310|0x0000000093600000, 0x0000000093600000, 0x0000000093700000|  0%| F|  |TAMS 0x0000000093600000, 0x0000000093600000| Untracked 
| 311|0x0000000093700000, 0x0000000093700000, 0x0000000093800000|  0%| F|  |TAMS 0x0000000093700000, 0x0000000093700000| Untracked 
| 312|0x0000000093800000, 0x0000000093800000, 0x0000000093900000|  0%| F|  |TAMS 0x0000000093800000, 0x0000000093800000| Untracked 
| 313|0x0000000093900000, 0x0000000093900000, 0x0000000093a00000|  0%| F|  |TAMS 0x0000000093900000, 0x0000000093900000| Untracked 
| 314|0x0000000093a00000, 0x0000000093a00000, 0x0000000093b00000|  0%| F|  |TAMS 0x0000000093a00000, 0x0000000093a00000| Untracked 
| 315|0x0000000093b00000, 0x0000000093b00000, 0x0000000093c00000|  0%| F|  |TAMS 0x0000000093b00000, 0x0000000093b00000| Untracked 
| 316|0x0000000093c00000, 0x0000000093c00000, 0x0000000093d00000|  0%| F|  |TAMS 0x0000000093c00000, 0x0000000093c00000| Untracked 
| 317|0x0000000093d00000, 0x0000000093d00000, 0x0000000093e00000|  0%| F|  |TAMS 0x0000000093d00000, 0x0000000093d00000| Untracked 
| 318|0x0000000093e00000, 0x0000000093e00000, 0x0000000093f00000|  0%| F|  |TAMS 0x0000000093e00000, 0x0000000093e00000| Untracked 
| 319|0x0000000093f00000, 0x0000000093fe2958, 0x0000000094000000| 88%| E|  |TAMS 0x0000000093f00000, 0x0000000093f00000| Complete 
| 320|0x0000000094000000, 0x0000000094100000, 0x0000000094100000|100%| E|  |TAMS 0x0000000094000000, 0x0000000094000000| Complete 
| 321|0x0000000094100000, 0x0000000094200000, 0x0000000094200000|100%| E|CS|TAMS 0x0000000094100000, 0x0000000094100000| Complete 
| 322|0x0000000094200000, 0x0000000094300000, 0x0000000094300000|100%| E|CS|TAMS 0x0000000094200000, 0x0000000094200000| Complete 
| 323|0x0000000094300000, 0x0000000094400000, 0x0000000094400000|100%| E|CS|TAMS 0x0000000094300000, 0x0000000094300000| Complete 
| 324|0x0000000094400000, 0x0000000094500000, 0x0000000094500000|100%| E|CS|TAMS 0x0000000094400000, 0x0000000094400000| Complete 
| 325|0x0000000094500000, 0x0000000094600000, 0x0000000094600000|100%| E|CS|TAMS 0x0000000094500000, 0x0000000094500000| Complete 
| 326|0x0000000094600000, 0x0000000094700000, 0x0000000094700000|100%| E|CS|TAMS 0x0000000094600000, 0x0000000094600000| Complete 
| 327|0x0000000094700000, 0x0000000094800000, 0x0000000094800000|100%| E|CS|TAMS 0x0000000094700000, 0x0000000094700000| Complete 
| 328|0x0000000094800000, 0x0000000094900000, 0x0000000094900000|100%| E|CS|TAMS 0x0000000094800000, 0x0000000094800000| Complete 
| 329|0x0000000094900000, 0x0000000094a00000, 0x0000000094a00000|100%| E|CS|TAMS 0x0000000094900000, 0x0000000094900000| Complete 
| 330|0x0000000094a00000, 0x0000000094b00000, 0x0000000094b00000|100%| E|CS|TAMS 0x0000000094a00000, 0x0000000094a00000| Complete 
| 331|0x0000000094b00000, 0x0000000094c00000, 0x0000000094c00000|100%| E|CS|TAMS 0x0000000094b00000, 0x0000000094b00000| Complete 
| 332|0x0000000094c00000, 0x0000000094d00000, 0x0000000094d00000|100%| E|CS|TAMS 0x0000000094c00000, 0x0000000094c00000| Complete 
| 333|0x0000000094d00000, 0x0000000094e00000, 0x0000000094e00000|100%| E|CS|TAMS 0x0000000094d00000, 0x0000000094d00000| Complete 
| 334|0x0000000094e00000, 0x0000000094f00000, 0x0000000094f00000|100%| E|CS|TAMS 0x0000000094e00000, 0x0000000094e00000| Complete 
| 335|0x0000000094f00000, 0x0000000095000000, 0x0000000095000000|100%| E|CS|TAMS 0x0000000094f00000, 0x0000000094f00000| Complete 
| 336|0x0000000095000000, 0x0000000095100000, 0x0000000095100000|100%| E|CS|TAMS 0x0000000095000000, 0x0000000095000000| Complete 
| 337|0x0000000095100000, 0x0000000095200000, 0x0000000095200000|100%| E|CS|TAMS 0x0000000095100000, 0x0000000095100000| Complete 
| 338|0x0000000095200000, 0x0000000095300000, 0x0000000095300000|100%| E|CS|TAMS 0x0000000095200000, 0x0000000095200000| Complete 
| 339|0x0000000095300000, 0x0000000095400000, 0x0000000095400000|100%| E|CS|TAMS 0x0000000095300000, 0x0000000095300000| Complete 
| 340|0x0000000095400000, 0x0000000095500000, 0x0000000095500000|100%| E|CS|TAMS 0x0000000095400000, 0x0000000095400000| Complete 
| 341|0x0000000095500000, 0x0000000095600000, 0x0000000095600000|100%| E|CS|TAMS 0x0000000095500000, 0x0000000095500000| Complete 
| 342|0x0000000095600000, 0x0000000095700000, 0x0000000095700000|100%| E|CS|TAMS 0x0000000095600000, 0x0000000095600000| Complete 
| 343|0x0000000095700000, 0x0000000095800000, 0x0000000095800000|100%| E|CS|TAMS 0x0000000095700000, 0x0000000095700000| Complete 
| 344|0x0000000095800000, 0x0000000095900000, 0x0000000095900000|100%| E|CS|TAMS 0x0000000095800000, 0x0000000095800000| Complete 
| 345|0x0000000095900000, 0x0000000095a00000, 0x0000000095a00000|100%| E|CS|TAMS 0x0000000095900000, 0x0000000095900000| Complete 
| 346|0x0000000095a00000, 0x0000000095b00000, 0x0000000095b00000|100%| E|CS|TAMS 0x0000000095a00000, 0x0000000095a00000| Complete 
| 347|0x0000000095b00000, 0x0000000095c00000, 0x0000000095c00000|100%| E|CS|TAMS 0x0000000095b00000, 0x0000000095b00000| Complete 
| 348|0x0000000095c00000, 0x0000000095d00000, 0x0000000095d00000|100%| E|CS|TAMS 0x0000000095c00000, 0x0000000095c00000| Complete 
| 349|0x0000000095d00000, 0x0000000095e00000, 0x0000000095e00000|100%| E|CS|TAMS 0x0000000095d00000, 0x0000000095d00000| Complete 
| 350|0x0000000095e00000, 0x0000000095f00000, 0x0000000095f00000|100%| E|CS|TAMS 0x0000000095e00000, 0x0000000095e00000| Complete 
| 351|0x0000000095f00000, 0x0000000096000000, 0x0000000096000000|100%| E|CS|TAMS 0x0000000095f00000, 0x0000000095f00000| Complete 
| 352|0x0000000096000000, 0x0000000096100000, 0x0000000096100000|100%| E|CS|TAMS 0x0000000096000000, 0x0000000096000000| Complete 
| 353|0x0000000096100000, 0x0000000096200000, 0x0000000096200000|100%| E|CS|TAMS 0x0000000096100000, 0x0000000096100000| Complete 
| 354|0x0000000096200000, 0x0000000096300000, 0x0000000096300000|100%| E|CS|TAMS 0x0000000096200000, 0x0000000096200000| Complete 
| 355|0x0000000096300000, 0x0000000096400000, 0x0000000096400000|100%| E|CS|TAMS 0x0000000096300000, 0x0000000096300000| Complete 
| 356|0x0000000096400000, 0x0000000096500000, 0x0000000096500000|100%| E|CS|TAMS 0x0000000096400000, 0x0000000096400000| Complete 
| 357|0x0000000096500000, 0x0000000096600000, 0x0000000096600000|100%| E|CS|TAMS 0x0000000096500000, 0x0000000096500000| Complete 
| 358|0x0000000096600000, 0x0000000096700000, 0x0000000096700000|100%| E|CS|TAMS 0x0000000096600000, 0x0000000096600000| Complete 
| 359|0x0000000096700000, 0x0000000096800000, 0x0000000096800000|100%| E|CS|TAMS 0x0000000096700000, 0x0000000096700000| Complete 
| 360|0x0000000096800000, 0x0000000096900000, 0x0000000096900000|100%| E|CS|TAMS 0x0000000096800000, 0x0000000096800000| Complete 
| 361|0x0000000096900000, 0x0000000096a00000, 0x0000000096a00000|100%| E|CS|TAMS 0x0000000096900000, 0x0000000096900000| Complete 
| 362|0x0000000096a00000, 0x0000000096b00000, 0x0000000096b00000|100%| E|CS|TAMS 0x0000000096a00000, 0x0000000096a00000| Complete 
| 363|0x0000000096b00000, 0x0000000096c00000, 0x0000000096c00000|100%| E|CS|TAMS 0x0000000096b00000, 0x0000000096b00000| Complete 
| 364|0x0000000096c00000, 0x0000000096d00000, 0x0000000096d00000|100%| E|CS|TAMS 0x0000000096c00000, 0x0000000096c00000| Complete 
| 365|0x0000000096d00000, 0x0000000096e00000, 0x0000000096e00000|100%| E|CS|TAMS 0x0000000096d00000, 0x0000000096d00000| Complete 
| 366|0x0000000096e00000, 0x0000000096f00000, 0x0000000096f00000|100%| E|CS|TAMS 0x0000000096e00000, 0x0000000096e00000| Complete 
| 367|0x0000000096f00000, 0x0000000097000000, 0x0000000097000000|100%| E|CS|TAMS 0x0000000096f00000, 0x0000000096f00000| Complete 
| 368|0x0000000097000000, 0x0000000097100000, 0x0000000097100000|100%| E|CS|TAMS 0x0000000097000000, 0x0000000097000000| Complete 
| 369|0x0000000097100000, 0x0000000097200000, 0x0000000097200000|100%| E|CS|TAMS 0x0000000097100000, 0x0000000097100000| Complete 
| 370|0x0000000097200000, 0x0000000097300000, 0x0000000097300000|100%| E|CS|TAMS 0x0000000097200000, 0x0000000097200000| Complete 
| 371|0x0000000097300000, 0x0000000097400000, 0x0000000097400000|100%| E|CS|TAMS 0x0000000097300000, 0x0000000097300000| Complete 

Card table byte_map: [0x0000016ee89e0000,0x0000016ee8de0000] _byte_map_base: 0x0000016ee85e0000

Marking Bits (Prev, Next): (CMBitMap*) 0x0000016ed1b3eaf0, (CMBitMap*) 0x0000016ed1b3eb30
 Prev Bits: [0x0000016ee91e0000, 0x0000016eeb1e0000)
 Next Bits: [0x0000016eeb1e0000, 0x0000016eed1e0000)

Polling page: 0x0000016ecf9d0000

Metaspace:

Usage:
  Non-class:     85.35 MB used.
      Class:     13.74 MB used.
       Both:     99.09 MB used.

Virtual space:
  Non-class space:      128.00 MB reserved,      86.06 MB ( 67%) committed,  2 nodes.
      Class space:      416.00 MB reserved,      14.38 MB (  3%) committed,  1 nodes.
             Both:      544.00 MB reserved,     100.44 MB ( 18%) committed. 

Chunk freelists:
   Non-Class:  9.94 MB
       Class:  1.57 MB
        Both:  11.50 MB

MaxMetaspaceSize: 512.00 MB
CompressedClassSpaceSize: 416.00 MB
Initial GC threshold: 21.00 MB
Current GC threshold: 144.38 MB
CDS: on
MetaspaceReclaimPolicy: balanced
 - commit_granule_bytes: 65536.
 - commit_granule_words: 8192.
 - virtual_space_node_default_size: 8388608.
 - enlarge_chunks_in_place: 1.
 - new_chunks_are_fully_committed: 0.
 - uncommit_free_chunks: 1.
 - use_allocation_guard: 0.
 - handle_deallocations: 1.


Internal statistics:

num_allocs_failed_limit: 6.
num_arena_births: 1936.
num_arena_deaths: 0.
num_vsnodes_births: 3.
num_vsnodes_deaths: 0.
num_space_committed: 1607.
num_space_uncommitted: 0.
num_chunks_returned_to_freelist: 6.
num_chunks_taken_from_freelist: 6664.
num_chunk_merges: 6.
num_chunk_splits: 4133.
num_chunks_enlarged: 2413.
num_inconsistent_stats: 0.

CodeHeap 'non-profiled nmethods': size=120000Kb used=9134Kb max_used=9134Kb free=110866Kb
 bounds [0x0000016ee10b0000, 0x0000016ee19a0000, 0x0000016ee85e0000]
CodeHeap 'profiled nmethods': size=120000Kb used=27017Kb max_used=27017Kb free=92982Kb
 bounds [0x0000016ed95e0000, 0x0000016edb050000, 0x0000016ee0b10000]
CodeHeap 'non-nmethods': size=5760Kb used=2416Kb max_used=2504Kb free=3343Kb
 bounds [0x0000016ee0b10000, 0x0000016ee0d90000, 0x0000016ee10b0000]
 total_blobs=14756 nmethods=13805 adapters=862
 compilation: enabled
              stopped_count=0, restarted_count=0
 full_count=0

Compilation events (20 events):
Event: 63.352 Thread 0x0000016eef6a6e60 15932       1       org.gradle.internal.execution.impl.DefaultExecutionEngine::access$000 (5 bytes)
Event: 63.353 Thread 0x0000016eef6a6e60 nmethod 15932 0x0000016ee1995b10 code [0x0000016ee1995ca0, 0x0000016ee1995d58]
Event: 63.353 Thread 0x0000016eef6a6e60 15933       3       org.gradle.internal.fingerprint.impl.DefaultCurrentFileCollectionFingerprint::from (96 bytes)
Event: 63.356 Thread 0x0000016eef6a6e60 nmethod 15933 0x0000016edb017b90 code [0x0000016edb017f60, 0x0000016edb01a1a8]
Event: 63.356 Thread 0x0000016eef6a6e60 15934       3       org.gradle.internal.snapshot.impl.DefaultValueSnapshotter$ValueSnapshotVisitor::hashCode (6 bytes)
Event: 63.356 Thread 0x0000016eef6a6e60 nmethod 15934 0x0000016edb01ab90 code [0x0000016edb01ad60, 0x0000016edb01b118]
Event: 63.356 Thread 0x0000016eef6a6e60 15935       3       org.gradle.internal.snapshot.impl.DefaultValueSnapshotter$ValueSnapshotVisitor::hashCode (9 bytes)
Event: 63.356 Thread 0x0000016eef6a6e60 nmethod 15935 0x0000016edb01b290 code [0x0000016edb01b440, 0x0000016edb01b778]
Event: 63.358 Thread 0x0000016eef6a6e60 15936       3       com.google.common.collect.BaseImmutableMultimap::<init> (5 bytes)
Event: 63.358 Thread 0x0000016eef6a6e60 nmethod 15936 0x0000016edb01b910 code [0x0000016edb01bac0, 0x0000016edb01bc78]
Event: 63.361 Thread 0x0000016eef6a6e60 15937       3       com.google.common.collect.ImmutableListMultimap::fromMapEntries (141 bytes)
Event: 63.363 Thread 0x0000016eef6a6e60 nmethod 15937 0x0000016edb01bd90 code [0x0000016edb01c180, 0x0000016edb01e1c8]
Event: 63.363 Thread 0x0000016eef6a6e60 15941       3       org.gradle.internal.execution.steps.ValidateStep::lambda$validateImplementations$2 (22 bytes)
Event: 63.363 Thread 0x0000016eef6a6e60 nmethod 15941 0x0000016edb01eb90 code [0x0000016edb01ed40, 0x0000016edb01f0a8]
Event: 63.363 Thread 0x0000016eef6a6e60 15938       3       com.google.common.collect.ImmutableMultimap::<init> (15 bytes)
Event: 63.364 Thread 0x0000016eef6a6e60 nmethod 15938 0x0000016edb01f190 code [0x0000016edb01f340, 0x0000016edb01f5d8]
Event: 63.364 Thread 0x0000016eef6a6e60 15939       3       com.google.common.collect.ImmutableListMultimap::<init> (7 bytes)
Event: 63.364 Thread 0x0000016eef6a6e60 nmethod 15939 0x0000016edb01f710 code [0x0000016edb01f8c0, 0x0000016edb01fb98]
Event: 63.364 Thread 0x0000016eef6a6e60 15940       1       org.gradle.internal.fingerprint.impl.AbstractFingerprintingStrategy::getIdentifier (5 bytes)
Event: 63.364 Thread 0x0000016eef6a6e60 nmethod 15940 0x0000016ee1995e10 code [0x0000016ee1995fa0, 0x0000016ee1996078]

GC Heap History (20 events):
Event: 46.629 GC heap before
{Heap before GC invocations=31 (full 0):
 garbage-first heap   total 190464K, used 134424K [0x0000000080000000, 0x0000000100000000)
  region size 1024K, 48 young (49152K), 8 survivors (8192K)
 Metaspace       used 82725K, committed 83584K, reserved 557056K
  class space    used 11573K, committed 11968K, reserved 425984K
}
Event: 46.646 GC heap after
{Heap after GC invocations=32 (full 0):
 garbage-first heap   total 190464K, used 100342K [0x0000000080000000, 0x0000000100000000)
  region size 1024K, 9 young (9216K), 9 survivors (9216K)
 Metaspace       used 82725K, committed 83584K, reserved 557056K
  class space    used 11573K, committed 11968K, reserved 425984K
}
Event: 48.124 GC heap before
{Heap before GC invocations=33 (full 0):
 garbage-first heap   total 190464K, used 151542K [0x0000000080000000, 0x0000000100000000)
  region size 1024K, 55 young (56320K), 9 survivors (9216K)
 Metaspace       used 84545K, committed 85504K, reserved 557056K
  class space    used 11769K, committed 12224K, reserved 425984K
}
Event: 48.147 GC heap after
{Heap after GC invocations=34 (full 0):
 garbage-first heap   total 190464K, used 116434K [0x0000000080000000, 0x0000000100000000)
  region size 1024K, 7 young (7168K), 7 survivors (7168K)
 Metaspace       used 84545K, committed 85504K, reserved 557056K
  class space    used 11769K, committed 12224K, reserved 425984K
}
Event: 48.195 GC heap before
{Heap before GC invocations=34 (full 0):
 garbage-first heap   total 190464K, used 118482K [0x0000000080000000, 0x0000000100000000)
  region size 1024K, 9 young (9216K), 7 survivors (7168K)
 Metaspace       used 84623K, committed 85568K, reserved 557056K
  class space    used 11781K, committed 12224K, reserved 425984K
}
Event: 48.206 GC heap after
{Heap after GC invocations=35 (full 0):
 garbage-first heap   total 190464K, used 118355K [0x0000000080000000, 0x0000000100000000)
  region size 1024K, 2 young (2048K), 2 survivors (2048K)
 Metaspace       used 84623K, committed 85568K, reserved 557056K
  class space    used 11781K, committed 12224K, reserved 425984K
}
Event: 49.009 GC heap before
{Heap before GC invocations=35 (full 0):
 garbage-first heap   total 190464K, used 162387K [0x0000000080000000, 0x0000000100000000)
  region size 1024K, 38 young (38912K), 2 survivors (2048K)
 Metaspace       used 87197K, committed 88128K, reserved 557056K
  class space    used 12135K, committed 12544K, reserved 425984K
}
Event: 49.021 GC heap after
{Heap after GC invocations=36 (full 0):
 garbage-first heap   total 380928K, used 135533K [0x0000000080000000, 0x0000000100000000)
  region size 1024K, 5 young (5120K), 5 survivors (5120K)
 Metaspace       used 87197K, committed 88128K, reserved 557056K
  class space    used 12135K, committed 12544K, reserved 425984K
}
Event: 52.131 GC heap before
{Heap before GC invocations=37 (full 0):
 garbage-first heap   total 380928K, used 252269K [0x0000000080000000, 0x0000000100000000)
  region size 1024K, 116 young (118784K), 5 survivors (5120K)
 Metaspace       used 92533K, committed 93632K, reserved 557056K
  class space    used 12893K, committed 13376K, reserved 425984K
}
Event: 52.156 GC heap after
{Heap after GC invocations=38 (full 0):
 garbage-first heap   total 380928K, used 153231K [0x0000000080000000, 0x0000000100000000)
  region size 1024K, 15 young (15360K), 15 survivors (15360K)
 Metaspace       used 92533K, committed 93632K, reserved 557056K
  class space    used 12893K, committed 13376K, reserved 425984K
}
Event: 52.203 GC heap before
{Heap before GC invocations=38 (full 0):
 garbage-first heap   total 380928K, used 156303K [0x0000000080000000, 0x0000000100000000)
  region size 1024K, 18 young (18432K), 15 survivors (15360K)
 Metaspace       used 92651K, committed 93760K, reserved 557056K
  class space    used 12907K, committed 13376K, reserved 425984K
}
Event: 52.220 GC heap after
{Heap after GC invocations=39 (full 0):
 garbage-first heap   total 380928K, used 153989K [0x0000000080000000, 0x0000000100000000)
  region size 1024K, 2 young (2048K), 2 survivors (2048K)
 Metaspace       used 92651K, committed 93760K, reserved 557056K
  class space    used 12907K, committed 13376K, reserved 425984K
}
Event: 53.661 GC heap before
{Heap before GC invocations=39 (full 0):
 garbage-first heap   total 380928K, used 265605K [0x0000000080000000, 0x0000000100000000)
  region size 1024K, 111 young (113664K), 2 survivors (2048K)
 Metaspace       used 94258K, committed 95360K, reserved 557056K
  class space    used 13117K, committed 13632K, reserved 425984K
}
Event: 53.687 GC heap after
{Heap after GC invocations=40 (full 0):
 garbage-first heap   total 380928K, used 170955K [0x0000000080000000, 0x0000000100000000)
  region size 1024K, 14 young (14336K), 14 survivors (14336K)
 Metaspace       used 94258K, committed 95360K, reserved 557056K
  class space    used 13117K, committed 13632K, reserved 425984K
}
Event: 56.668 GC heap before
{Heap before GC invocations=40 (full 0):
 garbage-first heap   total 380928K, used 283595K [0x0000000080000000, 0x0000000100000000)
  region size 1024K, 117 young (119808K), 14 survivors (14336K)
 Metaspace       used 95458K, committed 96768K, reserved 557056K
  class space    used 13281K, committed 13888K, reserved 425984K
}
Event: 56.720 GC heap after
{Heap after GC invocations=41 (full 0):
 garbage-first heap   total 380928K, used 203237K [0x0000000080000000, 0x0000000100000000)
  region size 1024K, 15 young (15360K), 15 survivors (15360K)
 Metaspace       used 95458K, committed 96768K, reserved 557056K
  class space    used 13281K, committed 13888K, reserved 425984K
}
Event: 60.100 GC heap before
{Heap before GC invocations=41 (full 0):
 garbage-first heap   total 380928K, used 288229K [0x0000000080000000, 0x0000000100000000)
  region size 1024K, 98 young (100352K), 15 survivors (15360K)
 Metaspace       used 99684K, committed 100992K, reserved 557056K
  class space    used 13865K, committed 14464K, reserved 425984K
}
Event: 60.156 GC heap after
{Heap after GC invocations=42 (full 0):
 garbage-first heap   total 380928K, used 220672K [0x0000000080000000, 0x0000000100000000)
  region size 1024K, 13 young (13312K), 13 survivors (13312K)
 Metaspace       used 99684K, committed 100992K, reserved 557056K
  class space    used 13865K, committed 14464K, reserved 425984K
}
Event: 62.389 GC heap before
{Heap before GC invocations=42 (full 0):
 garbage-first heap   total 380928K, used 294400K [0x0000000080000000, 0x0000000100000000)
  region size 1024K, 85 young (87040K), 13 survivors (13312K)
 Metaspace       used 100668K, committed 102080K, reserved 557056K
  class space    used 13965K, committed 14656K, reserved 425984K
}
Event: 62.439 GC heap after
{Heap after GC invocations=43 (full 0):
 garbage-first heap   total 380928K, used 234496K [0x0000000080000000, 0x0000000100000000)
  region size 1024K, 11 young (11264K), 11 survivors (11264K)
 Metaspace       used 100668K, committed 102080K, reserved 557056K
  class space    used 13965K, committed 14656K, reserved 425984K
}

Dll operation events (12 events):
Event: 0.014 Loaded shared library C:\Program Files\Microsoft\jdk-17.0.8.7-hotspot\bin\java.dll
Event: 0.040 Loaded shared library C:\Program Files\Microsoft\jdk-17.0.8.7-hotspot\bin\jsvml.dll
Event: 0.142 Loaded shared library C:\Program Files\Microsoft\jdk-17.0.8.7-hotspot\bin\net.dll
Event: 0.144 Loaded shared library C:\Program Files\Microsoft\jdk-17.0.8.7-hotspot\bin\nio.dll
Event: 0.151 Loaded shared library C:\Program Files\Microsoft\jdk-17.0.8.7-hotspot\bin\zip.dll
Event: 0.838 Loaded shared library C:\Program Files\Microsoft\jdk-17.0.8.7-hotspot\bin\jimage.dll
Event: 1.115 Loaded shared library C:\Program Files\Microsoft\jdk-17.0.8.7-hotspot\bin\verify.dll
Event: 1.569 Loaded shared library C:\Users\Laiba\.gradle\native\68d5fa5c4cc2d200863cafc0d521ce42e7d3e7ee720ec0a83991735586a16f82\windows-amd64\native-platform.dll
Event: 1.594 Loaded shared library C:\Users\Laiba\.gradle\native\e376f236ea51e6404a007f0833ffe2c6e607c4080706a723a18a27aeea778392\windows-amd64\native-platform-file-events.dll
Event: 3.697 Loaded shared library C:\Program Files\Microsoft\jdk-17.0.8.7-hotspot\bin\management.dll
Event: 3.700 Loaded shared library C:\Program Files\Microsoft\jdk-17.0.8.7-hotspot\bin\management_ext.dll
Event: 4.463 Loaded shared library C:\Program Files\Microsoft\jdk-17.0.8.7-hotspot\bin\sunmscapi.dll

Deoptimization events (20 events):
Event: 63.040 Thread 0x0000016ef70c6ca0 Uncommon trap: trap_request=0xffffffde fr.pc=0x0000016ee1680998 relative=0x00000000000000f8
Event: 63.040 Thread 0x0000016ef70c6ca0 Uncommon trap: reason=class_check action=maybe_recompile pc=0x0000016ee1680998 method=org.gradle.internal.snapshot.SnapshotUtil$1.handleAsDescendantOfChild(Lorg/gradle/internal/snapshot/VfsRelativePath;Ljava/lang/Object;)Ljava/lang/Object; @ 3 c2
Event: 63.040 Thread 0x0000016ef70c6ca0 DEOPT PACKING pc=0x0000016ee1680998 sp=0x00000002ed6fbe10
Event: 63.040 Thread 0x0000016ef70c6ca0 DEOPT UNPACKING pc=0x0000016ee0b669a3 sp=0x00000002ed6fbd88 mode 2
Event: 63.041 Thread 0x0000016ef70c2fe0 Uncommon trap: trap_request=0xffffffde fr.pc=0x0000016ee1680998 relative=0x00000000000000f8
Event: 63.041 Thread 0x0000016ef70c2fe0 Uncommon trap: reason=class_check action=maybe_recompile pc=0x0000016ee1680998 method=org.gradle.internal.snapshot.SnapshotUtil$1.handleAsDescendantOfChild(Lorg/gradle/internal/snapshot/VfsRelativePath;Ljava/lang/Object;)Ljava/lang/Object; @ 3 c2
Event: 63.041 Thread 0x0000016ef70c2fe0 DEOPT PACKING pc=0x0000016ee1680998 sp=0x00000002ee3fc490
Event: 63.041 Thread 0x0000016ef70c2fe0 DEOPT UNPACKING pc=0x0000016ee0b669a3 sp=0x00000002ee3fc408 mode 2
Event: 63.042 Thread 0x0000016ef70c6ca0 Uncommon trap: trap_request=0xffffff45 fr.pc=0x0000016ee1476b64 relative=0x0000000000000164
Event: 63.042 Thread 0x0000016ef70c6ca0 Uncommon trap: reason=unstable_if action=reinterpret pc=0x0000016ee1476b64 method=java.util.concurrent.locks.ReentrantLock$Sync.tryLock()Z @ 34 c2
Event: 63.042 Thread 0x0000016ef70c6ca0 DEOPT PACKING pc=0x0000016ee1476b64 sp=0x00000002ed6fe380
Event: 63.042 Thread 0x0000016ef70c6ca0 DEOPT UNPACKING pc=0x0000016ee0b669a3 sp=0x00000002ed6fe330 mode 2
Event: 63.046 Thread 0x0000016ef70c6ca0 Uncommon trap: trap_request=0xffffff45 fr.pc=0x0000016ee11c93f8 relative=0x0000000000000258
Event: 63.046 Thread 0x0000016ef70c6ca0 Uncommon trap: reason=unstable_if action=reinterpret pc=0x0000016ee11c93f8 method=java.util.concurrent.ConcurrentHashMap.get(Ljava/lang/Object;)Ljava/lang/Object; @ 86 c2
Event: 63.046 Thread 0x0000016ef70c6ca0 DEOPT PACKING pc=0x0000016ee11c93f8 sp=0x00000002ed6fdeb0
Event: 63.046 Thread 0x0000016ef70c6ca0 DEOPT UNPACKING pc=0x0000016ee0b669a3 sp=0x00000002ed6fde28 mode 2
Event: 63.073 Thread 0x0000016ef70c6ca0 Uncommon trap: trap_request=0xffffff45 fr.pc=0x0000016ee133e84c relative=0x00000000000016cc
Event: 63.073 Thread 0x0000016ef70c6ca0 Uncommon trap: reason=unstable_if action=reinterpret pc=0x0000016ee133e84c method=java.util.concurrent.ConcurrentHashMap.computeIfAbsent(Ljava/lang/Object;Ljava/util/function/Function;)Ljava/lang/Object; @ 279 c2
Event: 63.073 Thread 0x0000016ef70c6ca0 DEOPT PACKING pc=0x0000016ee133e84c sp=0x00000002ed6fdf80
Event: 63.073 Thread 0x0000016ef70c6ca0 DEOPT UNPACKING pc=0x0000016ee0b669a3 sp=0x00000002ed6fdf18 mode 2

Classes unloaded (0 events):
No events

Classes redefined (0 events):
No events

Internal exceptions (20 events):
Event: 55.412 Thread 0x0000016ef4946520 Exception <a 'java/lang/ClassNotFoundException'{0x0000000093541dc8}: build_dq8ungpv1oqzshobuemes1hotBeanInfo> (0x0000000093541dc8) 
thrown [s\src\hotspot\share\classfile\systemDictionary.cpp, line 256]
Event: 55.412 Thread 0x0000016ef4946520 Exception <a 'java/lang/ClassNotFoundException'{0x0000000093548648}: build_dq8ungpv1oqzshobuemes1hotCustomizer> (0x0000000093548648) 
thrown [s\src\hotspot\share\classfile\systemDictionary.cpp, line 256]
Event: 56.001 Thread 0x0000016ef4946520 Exception <a 'java/lang/ClassNotFoundException'{0x0000000092602040}: build_dq8ungpv1oqzshobuemes1hotBeanInfo> (0x0000000092602040) 
thrown [s\src\hotspot\share\classfile\systemDictionary.cpp, line 256]
Event: 56.001 Thread 0x0000016ef4946520 Exception <a 'java/lang/ClassNotFoundException'{0x0000000092608860}: build_dq8ungpv1oqzshobuemes1hotCustomizer> (0x0000000092608860) 
thrown [s\src\hotspot\share\classfile\systemDictionary.cpp, line 256]
Event: 56.139 Thread 0x0000016ef4946520 Exception <a 'java/lang/ClassNotFoundException'{0x000000009200b410}: build_dq8ungpv1oqzshobuemes1hot$_run_closure1BeanInfo> (0x000000009200b410) 
thrown [s\src\hotspot\share\classfile\systemDictionary.cpp, line 256]
Event: 56.141 Thread 0x0000016ef4946520 Exception <a 'java/lang/ClassNotFoundException'{0x0000000092016e30}: build_dq8ungpv1oqzshobuemes1hot$_run_closure1Customizer> (0x0000000092016e30) 
thrown [s\src\hotspot\share\classfile\systemDictionary.cpp, line 256]
Event: 56.820 Thread 0x0000016ef4946520 Implicit null exception at 0x0000016ee171452e to 0x0000016ee171c920
Event: 57.307 Thread 0x0000016ef4946520 Exception <a 'java/lang/NullPointerException'{0x00000000966d4ec0}> (0x00000000966d4ec0) 
thrown [s\src\hotspot\share\interpreter\linkResolver.cpp, line 1433]
Event: 58.308 Thread 0x0000016ef4946520 Exception <a 'sun/nio/fs/WindowsException'{0x000000009575a9c0}> (0x000000009575a9c0) 
thrown [s\src\hotspot\share\prims\jni.cpp, line 516]
Event: 58.308 Thread 0x0000016ef4946520 Exception <a 'sun/nio/fs/WindowsException'{0x000000009575bfe0}> (0x000000009575bfe0) 
thrown [s\src\hotspot\share\prims\jni.cpp, line 516]
Event: 58.309 Thread 0x0000016ef4946520 Exception <a 'sun/nio/fs/WindowsException'{0x000000009575d650}> (0x000000009575d650) 
thrown [s\src\hotspot\share\prims\jni.cpp, line 516]
Event: 58.309 Thread 0x0000016ef4946520 Exception <a 'sun/nio/fs/WindowsException'{0x000000009575ecc0}> (0x000000009575ecc0) 
thrown [s\src\hotspot\share\prims\jni.cpp, line 516]
Event: 59.526 Thread 0x0000016ef4946520 Implicit null exception at 0x0000016ee14dd210 to 0x0000016ee14dd2d8
Event: 59.612 Thread 0x0000016ef4946520 Exception <a 'java/lang/IncompatibleClassChangeError'{0x000000009302a768}: Found class java.lang.Object, but interface was expected> (0x000000009302a768) 
thrown [s\src\hotspot\share\interpreter\linkResolver.cpp, line 826]
Event: 60.169 Thread 0x0000016eef684290 Implicit null exception at 0x0000016ee11e9cfd to 0x0000016ee11ea360
Event: 61.002 Thread 0x0000016ef4946520 Implicit null exception at 0x0000016ee15bb02a to 0x0000016ee15bb7d4
Event: 62.972 Thread 0x0000016ef754a2e0 Exception <a 'java/lang/NoSuchMethodError'{0x00000000953d47c8}: 'void java.lang.invoke.DirectMethodHandle$Holder.invokeStatic(java.lang.Object, java.lang.Object, java.lang.Object, java.lang.Object, int, java.lang.Object, java.lang.Object)'> (0x00000000953d47c8) 
thrown [s\src\hotspot\share\interpreter\linkResolver.cpp, line 759]
Event: 63.006 Thread 0x0000016ef70c6ca0 Exception <a 'java/lang/NoSuchMethodError'{0x0000000095173238}: 'java.lang.Object java.lang.invoke.DirectMethodHandle$Holder.invokeSpecialIFC(java.lang.Object, java.lang.Object, java.lang.Object)'> (0x0000000095173238) 
thrown [s\src\hotspot\share\interpreter\linkResolver.cpp, line 759]
Event: 63.007 Thread 0x0000016ef754a2e0 Exception <a 'java/lang/NoSuchMethodError'{0x0000000095176938}: 'java.lang.Object java.lang.invoke.DirectMethodHandle$Holder.invokeSpecialIFC(java.lang.Object, java.lang.Object, java.lang.Object)'> (0x0000000095176938) 
thrown [s\src\hotspot\share\interpreter\linkResolver.cpp, line 759]
Event: 63.043 Thread 0x0000016ef70c6ca0 Exception <a 'java/lang/NoSuchMethodError'{0x0000000094f080b8}: 'void java.lang.invoke.DirectMethodHandle$Holder.invokeVirtual(java.lang.Object, java.lang.Object)'> (0x0000000094f080b8) 
thrown [s\src\hotspot\share\interpreter\linkResolver.cpp, line 759]

VM Operations (20 events):
Event: 60.042 Executing VM operation: HandshakeAllThreads
Event: 60.042 Executing VM operation: HandshakeAllThreads done
Event: 60.100 Executing VM operation: G1CollectForAllocation
Event: 60.156 Executing VM operation: G1CollectForAllocation done
Event: 60.656 Executing VM operation: ICBufferFull
Event: 60.656 Executing VM operation: ICBufferFull done
Event: 61.657 Executing VM operation: Cleanup
Event: 61.657 Executing VM operation: Cleanup done
Event: 62.389 Executing VM operation: G1CollectForAllocation
Event: 62.439 Executing VM operation: G1CollectForAllocation done
Event: 62.604 Executing VM operation: HandshakeAllThreads
Event: 62.604 Executing VM operation: HandshakeAllThreads done
Event: 62.905 Executing VM operation: ICBufferFull
Event: 62.905 Executing VM operation: ICBufferFull done
Event: 62.914 Executing VM operation: HandshakeAllThreads
Event: 62.914 Executing VM operation: HandshakeAllThreads done
Event: 62.984 Executing VM operation: HandshakeAllThreads
Event: 62.984 Executing VM operation: HandshakeAllThreads done
Event: 63.292 Executing VM operation: ICBufferFull
Event: 63.293 Executing VM operation: ICBufferFull done

Events (20 events):
Event: 58.624 Thread 0x0000016eef6bbf50 flushing nmethod 0x0000016eda929b10
Event: 58.624 Thread 0x0000016eef6bbf50 flushing nmethod 0x0000016eda938710
Event: 58.625 Thread 0x0000016eef6bbf50 flushing nmethod 0x0000016eda9a8210
Event: 58.625 Thread 0x0000016eef6bbf50 flushing nmethod 0x0000016eda9eec90
Event: 58.625 Thread 0x0000016eef6bbf50 flushing nmethod 0x0000016edaa1ba10
Event: 58.625 Thread 0x0000016eef6bbf50 flushing nmethod 0x0000016edaa1d510
Event: 58.625 Thread 0x0000016eef6bbf50 flushing nmethod 0x0000016edaab0510
Event: 58.625 Thread 0x0000016eef6bbf50 flushing nmethod 0x0000016edaabb310
Event: 58.625 Thread 0x0000016eef6bbf50 flushing nmethod 0x0000016edaabc810
Event: 58.625 Thread 0x0000016eef6bbf50 flushing nmethod 0x0000016edaad3210
Event: 58.625 Thread 0x0000016eef6bbf50 flushing nmethod 0x0000016edaad7190
Event: 58.625 Thread 0x0000016eef6bbf50 flushing nmethod 0x0000016edaaedd90
Event: 58.626 Thread 0x0000016eef6bbf50 flushing nmethod 0x0000016edabb7090
Event: 58.627 Thread 0x0000016eef6bbf50 flushing nmethod 0x0000016edadb7b10
Event: 58.627 Thread 0x0000016eef6bbf50 flushing nmethod 0x0000016edadb9610
Event: 58.627 Thread 0x0000016eef6bbf50 flushing nmethod 0x0000016edadbc110
Event: 58.627 Thread 0x0000016eef6bbf50 flushing nmethod 0x0000016edae39b10
Event: 58.627 Thread 0x0000016eef6bbf50 flushing nmethod 0x0000016edae39e90
Event: 58.628 Thread 0x0000016eef6bbf50 flushing nmethod 0x0000016edaeb1710
Event: 58.628 Thread 0x0000016eef6bbf50 flushing nmethod 0x0000016edaeb2490


Dynamic libraries:
0x00007ff62d820000 - 0x00007ff62d82e000 	C:\Program Files\Microsoft\jdk-17.0.8.7-hotspot\bin\java.exe
0x00007ffd0e5f0000 - 0x00007ffd0e7e8000 	C:\WINDOWS\SYSTEM32\ntdll.dll
0x00007ffd0c770000 - 0x00007ffd0c82d000 	C:\WINDOWS\System32\KERNEL32.DLL
0x00007ffd0c000000 - 0x00007ffd0c2f6000 	C:\WINDOWS\System32\KERNELBASE.dll
0x00007ffd0bed0000 - 0x00007ffd0bfd0000 	C:\WINDOWS\System32\ucrtbase.dll
0x00007ffd06610000 - 0x00007ffd06627000 	C:\Program Files\Microsoft\jdk-17.0.8.7-hotspot\bin\jli.dll
0x00007ffd07190000 - 0x00007ffd071ab000 	C:\Program Files\Microsoft\jdk-17.0.8.7-hotspot\bin\VCRUNTIME140.dll
0x00007ffd0e380000 - 0x00007ffd0e51e000 	C:\WINDOWS\System32\USER32.dll
0x00007ffd0bfd0000 - 0x00007ffd0bff2000 	C:\WINDOWS\System32\win32u.dll
0x00007ffd0c740000 - 0x00007ffd0c76c000 	C:\WINDOWS\System32\GDI32.dll
0x00007ffcf8320000 - 0x00007ffcf85ba000 	C:\WINDOWS\WinSxS\amd64_microsoft.windows.common-controls_6595b64144ccf1df_6.0.19041.3636_none_60b6a03d71f818d5\COMCTL32.dll
0x00007ffd0c520000 - 0x00007ffd0c63a000 	C:\WINDOWS\System32\gdi32full.dll
0x00007ffd0c3a0000 - 0x00007ffd0c43d000 	C:\WINDOWS\System32\msvcp_win.dll
0x00007ffd0c640000 - 0x00007ffd0c6de000 	C:\WINDOWS\System32\msvcrt.dll
0x00007ffd0db00000 - 0x00007ffd0db30000 	C:\WINDOWS\System32\IMM32.DLL
0x00007ffd07600000 - 0x00007ffd0760c000 	C:\Program Files\Microsoft\jdk-17.0.8.7-hotspot\bin\vcruntime140_1.dll
0x00007ffd01fa0000 - 0x00007ffd0202d000 	C:\Program Files\Microsoft\jdk-17.0.8.7-hotspot\bin\msvcp140.dll
0x00007ffc8d910000 - 0x00007ffc8e575000 	C:\Program Files\Microsoft\jdk-17.0.8.7-hotspot\bin\server\jvm.dll
0x00007ffd0cf20000 - 0x00007ffd0cfd3000 	C:\WINDOWS\System32\ADVAPI32.dll
0x00007ffd0cc90000 - 0x00007ffd0cd2f000 	C:\WINDOWS\System32\sechost.dll
0x00007ffd0d9d0000 - 0x00007ffd0daf6000 	C:\WINDOWS\System32\RPCRT4.dll
0x00007ffd0c370000 - 0x00007ffd0c397000 	C:\WINDOWS\System32\bcrypt.dll
0x00007ffd0b1d0000 - 0x00007ffd0b21b000 	C:\WINDOWS\SYSTEM32\POWRPROF.dll
0x00007ffcfa670000 - 0x00007ffcfa679000 	C:\WINDOWS\SYSTEM32\WSOCK32.dll
0x00007ffd0cfe0000 - 0x00007ffd0d04b000 	C:\WINDOWS\System32\WS2_32.dll
0x00007ffcfac10000 - 0x00007ffcfac37000 	C:\WINDOWS\SYSTEM32\WINMM.dll
0x00007ffcfb300000 - 0x00007ffcfb30a000 	C:\WINDOWS\SYSTEM32\VERSION.dll
0x00007ffd0b090000 - 0x00007ffd0b0a2000 	C:\WINDOWS\SYSTEM32\UMPDC.dll
0x00007ffd09b30000 - 0x00007ffd09b42000 	C:\WINDOWS\SYSTEM32\kernel.appcore.dll
0x00007ffd071d0000 - 0x00007ffd071da000 	C:\Program Files\Microsoft\jdk-17.0.8.7-hotspot\bin\jimage.dll
0x00007ffcf4bc0000 - 0x00007ffcf4da4000 	C:\WINDOWS\SYSTEM32\DBGHELP.DLL
0x00007ffcf4b80000 - 0x00007ffcf4bb4000 	C:\WINDOWS\SYSTEM32\dbgcore.DLL
0x00007ffd0c440000 - 0x00007ffd0c4c2000 	C:\WINDOWS\System32\bcryptPrimitives.dll
0x00007ffd052a0000 - 0x00007ffd052c5000 	C:\Program Files\Microsoft\jdk-17.0.8.7-hotspot\bin\java.dll
0x00007ffce2100000 - 0x00007ffce21d7000 	C:\Program Files\Microsoft\jdk-17.0.8.7-hotspot\bin\jsvml.dll
0x00007ffd0d210000 - 0x00007ffd0d955000 	C:\WINDOWS\System32\SHELL32.dll
0x00007ffd09d30000 - 0x00007ffd0a4cb000 	C:\WINDOWS\SYSTEM32\windows.storage.dll
0x00007ffd0e000000 - 0x00007ffd0e354000 	C:\WINDOWS\System32\combase.dll
0x00007ffd0b610000 - 0x00007ffd0b63d000 	C:\WINDOWS\SYSTEM32\Wldp.dll
0x00007ffd0cb50000 - 0x00007ffd0cbfd000 	C:\WINDOWS\System32\SHCORE.dll
0x00007ffd0c6e0000 - 0x00007ffd0c735000 	C:\WINDOWS\System32\shlwapi.dll
0x00007ffd0bbf0000 - 0x00007ffd0bc15000 	C:\WINDOWS\SYSTEM32\profapi.dll
0x00007ffd05000000 - 0x00007ffd05019000 	C:\Program Files\Microsoft\jdk-17.0.8.7-hotspot\bin\net.dll
0x00007ffd04460000 - 0x00007ffd0456a000 	C:\WINDOWS\SYSTEM32\WINHTTP.dll
0x00007ffd0b3f0000 - 0x00007ffd0b45a000 	C:\WINDOWS\system32\mswsock.dll
0x00007ffd04df0000 - 0x00007ffd04e06000 	C:\Program Files\Microsoft\jdk-17.0.8.7-hotspot\bin\nio.dll
0x00007ffcf3f20000 - 0x00007ffcf3f38000 	C:\Program Files\Microsoft\jdk-17.0.8.7-hotspot\bin\zip.dll
0x00007ffd069d0000 - 0x00007ffd069e0000 	C:\Program Files\Microsoft\jdk-17.0.8.7-hotspot\bin\verify.dll
0x00007ffd07250000 - 0x00007ffd07277000 	C:\Users\Laiba\.gradle\native\68d5fa5c4cc2d200863cafc0d521ce42e7d3e7ee720ec0a83991735586a16f82\windows-amd64\native-platform.dll
0x00007ffce1fb0000 - 0x00007ffce20f4000 	C:\Users\Laiba\.gradle\native\e376f236ea51e6404a007f0833ffe2c6e607c4080706a723a18a27aeea778392\windows-amd64\native-platform-file-events.dll
0x00007ffd066e0000 - 0x00007ffd066e9000 	C:\Program Files\Microsoft\jdk-17.0.8.7-hotspot\bin\management.dll
0x00007ffd06600000 - 0x00007ffd0660b000 	C:\Program Files\Microsoft\jdk-17.0.8.7-hotspot\bin\management_ext.dll
0x00007ffd0d200000 - 0x00007ffd0d208000 	C:\WINDOWS\System32\PSAPI.DLL
0x00007ffd0b650000 - 0x00007ffd0b668000 	C:\WINDOWS\SYSTEM32\CRYPTSP.dll
0x00007ffd0acd0000 - 0x00007ffd0ad04000 	C:\WINDOWS\system32\rsaenh.dll
0x00007ffd0bbb0000 - 0x00007ffd0bbde000 	C:\WINDOWS\SYSTEM32\USERENV.dll
0x00007ffd0b580000 - 0x00007ffd0b58c000 	C:\WINDOWS\SYSTEM32\CRYPTBASE.dll
0x00007ffd0b0b0000 - 0x00007ffd0b0eb000 	C:\WINDOWS\SYSTEM32\IPHLPAPI.DLL
0x00007ffd0e5a0000 - 0x00007ffd0e5a8000 	C:\WINDOWS\System32\NSI.dll
0x00007ffd05190000 - 0x00007ffd051a7000 	C:\WINDOWS\SYSTEM32\dhcpcsvc6.DLL
0x00007ffd05170000 - 0x00007ffd0518d000 	C:\WINDOWS\SYSTEM32\dhcpcsvc.DLL
0x00007ffd0b100000 - 0x00007ffd0b1ca000 	C:\WINDOWS\SYSTEM32\DNSAPI.dll
0x00007ffd05080000 - 0x00007ffd0508e000 	C:\Program Files\Microsoft\jdk-17.0.8.7-hotspot\bin\sunmscapi.dll
0x00007ffd0bd70000 - 0x00007ffd0becd000 	C:\WINDOWS\System32\CRYPT32.dll
0x00007ffd0b760000 - 0x00007ffd0b788000 	C:\WINDOWS\SYSTEM32\ncrypt.dll
0x00007ffd0b720000 - 0x00007ffd0b75b000 	C:\WINDOWS\SYSTEM32\NTASN1.dll
0x00007ffcfb7b0000 - 0x00007ffcfb7b7000 	C:\WINDOWS\system32\wshunix.dll
0x00007ffcbdee0000 - 0x00007ffcbdef7000 	C:\WINDOWS\system32\napinsp.dll
0x00007ffcbdec0000 - 0x00007ffcbdedb000 	C:\WINDOWS\system32\pnrpnsp.dll
0x00007ffcf02c0000 - 0x00007ffcf02d5000 	C:\WINDOWS\system32\wshbth.dll
0x00007ffd07660000 - 0x00007ffd0767d000 	C:\WINDOWS\system32\NLAapi.dll
0x00007ffcaa140000 - 0x00007ffcaa152000 	C:\WINDOWS\System32\winrnr.dll
0x00007ffcfc630000 - 0x00007ffcfc63a000 	C:\Windows\System32\rasadhlp.dll
0x00007ffd04060000 - 0x00007ffd040e0000 	C:\WINDOWS\System32\fwpuclnt.dll

dbghelp: loaded successfully - version: 4.0.5 - missing functions: none
symbol engine: initialized successfully - sym options: 0x614 - pdb path: .;C:\Program Files\Microsoft\jdk-17.0.8.7-hotspot\bin;C:\WINDOWS\SYSTEM32;C:\WINDOWS\WinSxS\amd64_microsoft.windows.common-controls_6595b64144ccf1df_6.0.19041.3636_none_60b6a03d71f818d5;C:\Program Files\Microsoft\jdk-17.0.8.7-hotspot\bin\server;C:\Users\Laiba\.gradle\native\68d5fa5c4cc2d200863cafc0d521ce42e7d3e7ee720ec0a83991735586a16f82\windows-amd64;C:\Users\Laiba\.gradle\native\e376f236ea51e6404a007f0833ffe2c6e607c4080706a723a18a27aeea778392\windows-amd64

VM Arguments:
jvm_args: -XX:MaxMetaspaceSize=512m --add-opens=java.base/java.util=ALL-UNNAMED --add-opens=java.base/java.lang=ALL-UNNAMED --add-opens=java.base/java.lang.invoke=ALL-UNNAMED --add-opens=java.prefs/java.util.prefs=ALL-UNNAMED --add-opens=java.base/java.nio.charset=ALL-UNNAMED --add-opens=java.base/java.net=ALL-UNNAMED --add-opens=java.base/java.util.concurrent.atomic=ALL-UNNAMED -Xmx2048m -Dfile.encoding=windows-1252 -Duser.country=US -Duser.language=en -Duser.variant 
java_command: org.gradle.launcher.daemon.bootstrap.GradleDaemon 8.0.1
java_class_path (initial): C:\Users\Laiba\.gradle\wrapper\dists\gradle-8.0.1-all\aro4hu1c3oeioove7l0i4i14o\gradle-8.0.1\lib\gradle-launcher-8.0.1.jar
Launcher Type: SUN_STANDARD

[Global flags]
     intx CICompilerCount                          = 3                                         {product} {ergonomic}
   size_t CompressedClassSpaceSize                 = 436207616                                 {product} {ergonomic}
     uint ConcGCThreads                            = 1                                         {product} {ergonomic}
     uint G1ConcRefinementThreads                  = 4                                         {product} {ergonomic}
   size_t G1HeapRegionSize                         = 1048576                                   {product} {ergonomic}
    uintx GCDrainStackTargetSize                   = 64                                        {product} {ergonomic}
   size_t InitialHeapSize                          = 134217728                                 {product} {ergonomic}
   size_t MarkStackSize                            = 4194304                                   {product} {ergonomic}
   size_t MaxHeapSize                              = 2147483648                                {product} {command line}
   size_t MaxMetaspaceSize                         = 536870912                                 {product} {command line}
   size_t MaxNewSize                               = 1287651328                                {product} {ergonomic}
   size_t MinHeapDeltaBytes                        = 1048576                                   {product} {ergonomic}
   size_t MinHeapSize                              = 8388608                                   {product} {ergonomic}
    uintx NonNMethodCodeHeapSize                   = 5832780                                {pd product} {ergonomic}
    uintx NonProfiledCodeHeapSize                  = 122912730                              {pd product} {ergonomic}
    uintx ProfiledCodeHeapSize                     = 122912730                              {pd product} {ergonomic}
    uintx ReservedCodeCacheSize                    = 251658240                              {pd product} {ergonomic}
     bool SegmentedCodeCache                       = true                                      {product} {ergonomic}
   size_t SoftMaxHeapSize                          = 2147483648                             {manageable} {ergonomic}
     bool UseCompressedClassPointers               = true                           {product lp64_product} {ergonomic}
     bool UseCompressedOops                        = true                           {product lp64_product} {ergonomic}
     bool UseG1GC                                  = true                                      {product} {ergonomic}
     bool UseLargePagesIndividualAllocation        = false                                  {pd product} {ergonomic}

Logging:
Log output configuration:
 #0: stdout all=warning uptime,level,tags
 #1: stderr all=off uptime,level,tags

Environment Variables:
JAVA_HOME=C:\Program Files\Microsoft\jdk-17.0.8.7-hotspot\
CLASSPATH=F:\document\reactNative\SupportBridge3\android\\gradle\wrapper\gradle-wrapper.jar
PATH=F:\document\reactNative\SupportBridge3\node_modules\.bin;F:\document\reactNative\SupportBridge3\node_modules\.bin;F:\document\reactNative\node_modules\.bin;F:\document\node_modules\.bin;F:\node_modules\.bin;C:\Users\Laiba\AppData\Roaming\npm\node_modules\npm\node_modules\@npmcli\run-script\lib\node-gyp-bin;C:\Program Files\Microsoft\jdk-17.0.8.7-hotspot\bin;C:\Python311\Scripts\;C:\Python311\;C:\WINDOWS\system32;C:\WINDOWS;C:\WINDOWS\System32\Wbem;C:\WINDOWS\System32\WindowsPowerShell\v1.0\;C:\WINDOWS\System32\OpenSSH\;C:\Program Files\Git\cmd;C:\Program Files\MySQL\MySQL Server 8.0\bin;C:\Users\Laiba\AppData\Local\Android\Sdk\platform-tools;C:\ProgramData\chocolatey\bin;C:\Program Files\nodejs\;C:\Users\Laiba\AppData\Local\Android\Sdk\platform-tools-2;C:\Users\Laiba\AppData\Local\Android\Sdk\tools;C:\Users\Laiba\AppData\Local\Microsoft\WindowsApps;C:\Users\Laiba\AppData\Local\Programs\Microsoft VS Code\bin;C:\Users\Laiba\AppData\Roaming\npm;
USERNAME=Laiba
LANG=en_US.UTF-8
OS=Windows_NT
PROCESSOR_IDENTIFIER=Intel64 Family 6 Model 60 Stepping 3, GenuineIntel
TMP=C:\Users\Laiba\AppData\Local\Temp
TEMP=C:\Users\Laiba\AppData\Local\Temp



---------------  S Y S T E M  ---------------

OS:
 Windows 10 , 64 bit Build 19041 (10.0.19041.3636)
OS uptime: 0 days 3:46 hours
Hyper-V role detected

CPU: total 4 (initial active 4) (2 cores per cpu, 2 threads per core) family 6 model 60 stepping 3 microcode 0x27, cx8, cmov, fxsr, ht, mmx, sse, sse2, sse3, ssse3, sse4.1, sse4.2, popcnt, lzcnt, tsc, tscinvbit, avx, avx2, aes, erms, clmul, bmi1, bmi2, fma, vzeroupper, clflush, hv
Processor Information for all 4 processors :
  Max Mhz: 2501, Current Mhz: 2501, Mhz Limit: 2501

Memory: 4k page, system-wide physical 8105M (1201M free)
TotalPageFile size 14249M (AvailPageFile size 2030M)
current process WorkingSet (physical memory assigned to process): 664M, peak: 668M
current process commit charge ("private bytes"): 733M, peak: 737M

vm_info: OpenJDK 64-Bit Server VM (17.0.8+7-LTS) for windows-amd64 JRE (17.0.8+7-LTS), built on Jul  7 2023 17:21:55 by "MicrosoftCorporation" with MS VC++ 16.10 / 16.11 (VS2019)

END.
