#
# A fatal error has been detected by the Java Runtime Environment:
#
#  EXCEPTION_ACCESS_VIOLATION (0xc0000005) at pc=0x00007ff91189e0a9, pid=25392, tid=28336
#
# JRE version: OpenJDK Runtime Environment Microsoft-8035246 (17.0.8+7) (build 17.0.8+7-LTS)
# Java VM: OpenJDK 64-Bit Server VM Microsoft-8035246 (17.0.8+7-LTS, mixed mode, sharing, tiered, compressed oops, compressed class ptrs, g1 gc, windows-amd64)
# Problematic frame:
# V  [jvm.dll+0x2be0a9]
#
# No core dump will be written. Minidumps are not enabled by default on client versions of Windows
#
# If you would like to submit a bug report, please visit:
#   https://github.com/microsoft/openjdk/issues
#

---------------  S U M M A R Y ------------

Command Line: -XX:MaxMetaspaceSize=512m --add-opens=java.base/java.util=ALL-UNNAMED --add-opens=java.base/java.lang=ALL-UNNAMED --add-opens=java.base/java.lang.invoke=ALL-UNNAMED --add-opens=java.prefs/java.util.prefs=ALL-UNNAMED --add-opens=java.base/java.nio.charset=ALL-UNNAMED --add-opens=java.base/java.net=ALL-UNNAMED --add-opens=java.base/java.util.concurrent.atomic=ALL-UNNAMED -Xmx2048m -Dfile.encoding=windows-1252 -Duser.country=US -Duser.language=en -Duser.variant org.gradle.launcher.daemon.bootstrap.GradleDaemon 8.0.1

Host: Intel(R) Core(TM) i5-4200M CPU @ 2.50GHz, 4 cores, 7G,  Windows 10 , 64 bit Build 19041 (10.0.19041.3636)
Time: Fri Feb  9 23:05:00 2024 Pakistan Standard Time elapsed time: 57.138372 seconds (0d 0h 0m 57s)

---------------  T H R E A D  ---------------

Current thread (0x000002254c4b69d0):  JavaThread "C2 CompilerThread1" daemon [_thread_in_native, id=28336, stack(0x000000418db00000,0x000000418dc00000)]


Current CompileTask:
C2:  57138 15948   !   4       org.gradle.cache.internal.DefaultMultiProcessSafePersistentIndexedCache::getIfPresent (25 bytes)

Stack: [0x000000418db00000,0x000000418dc00000],  sp=0x000000418dbfb520,  free space=1005k
Native frames: (J=compiled Java code, j=interpreted, Vv=VM code, C=native code)
V  [jvm.dll+0x2be0a9]
V  [jvm.dll+0x21ba8b]
V  [jvm.dll+0x21944b]
V  [jvm.dll+0x1a56b6]
V  [jvm.dll+0x2291ea]
V  [jvm.dll+0x22724c]
V  [jvm.dll+0x7efd0c]
V  [jvm.dll+0x7ea13a]
V  [jvm.dll+0x67ad85]
C  [ucrtbase.dll+0x21bb2]
C  [KERNEL32.DLL+0x17344]
C  [ntdll.dll+0x526b1]


siginfo: EXCEPTION_ACCESS_VIOLATION (0xc0000005), reading address 0x0000000000000028


Register to memory mapping:

RIP=0x00007ff91189e0a9 jvm.dll
RAX=0x000002255214c9e0 points into unknown readable memory: 0x0000000000000000 | 00 00 00 00 00 00 00 00
RBX=0x00000000000016bf is an unknown value
RCX=0x0 is NULL
RDX=0x0 is NULL
RSP=0x000000418dbfb520 is pointing into the stack for thread: 0x000002254c4b69d0
RBP=0x000000418dbfb590 is pointing into the stack for thread: 0x000002254c4b69d0
RSI=0x0 is NULL
RDI=0x000000000000004b is an unknown value
R8 =0x000000000000ffe0 is an unknown value
R9 =0x0 is NULL
R10=0x00007ff981c90000 VCRUNTIME140.dll
R11=0x000002255214ca00 points into unknown readable memory: 0x0000000000000000 | 00 00 00 00 00 00 00 00
R12=0x0000000000000050 is an unknown value
R13=0x0 is NULL
R14=0x0 is NULL
R15=0x000000418dbfe740 is pointing into the stack for thread: 0x000002254c4b69d0


Registers:
RAX=0x000002255214c9e0, RBX=0x00000000000016bf, RCX=0x0000000000000000, RDX=0x0000000000000000
RSP=0x000000418dbfb520, RBP=0x000000418dbfb590, RSI=0x0000000000000000, RDI=0x000000000000004b
R8 =0x000000000000ffe0, R9 =0x0000000000000000, R10=0x00007ff981c90000, R11=0x000002255214ca00
R12=0x0000000000000050, R13=0x0000000000000000, R14=0x0000000000000000, R15=0x000000418dbfe740
RIP=0x00007ff91189e0a9, EFLAGS=0x0000000000010202

Top of Stack: (sp=0x000000418dbfb520)
0x000000418dbfb520:   00000000000016bf 0000000000000000
0x000000418dbfb530:   000000418dbfe740 00007ff9118038d1
0x000000418dbfb540:   000002254bab83a0 00007ff900002000
0x000000418dbfb550:   000002255214c9e0 0000022500000000
0x000000418dbfb560:   0000022500000002 0000022553d297f0
0x000000418dbfb570:   0000000000000002 000002254bab83a0
0x000000418dbfb580:   0000000000000000 0000000000000000
0x000000418dbfb590:   000002254c9b9420 0000022507b44080
0x000000418dbfb5a0:   000000000000004b 00007ff911f24c08
0x000000418dbfb5b0:   000000418dbfb6c0 00007ff9117fba8b
0x000000418dbfb5c0:   000000418dbfe740 00007ff911f24c08
0x000000418dbfb5d0:   000000418dbfe740 000000418dbfb6c0
0x000000418dbfb5e0:   0000022500000000 00007ff911bfb7fb
0x000000418dbfb5f0:   000000410000000f 000000418dbfe740
0x000000418dbfb600:   000000418dbfb770 0000000000000000
0x000000418dbfb610:   0000022500000100 00007ff911f24c08 

Instructions: (pc=0x00007ff91189e0a9)
0x00007ff91189dfa9:   3b d0 75 0b ff c1 41 3b c9 7c dc 48 8b c2 c3 33
0x00007ff91189dfb9:   c0 c3 cc cc cc cc cc 48 89 5c 24 18 55 56 57 41
0x00007ff91189dfc9:   55 41 57 48 8b ec 48 83 ec 70 65 48 8b 04 25 58
0x00007ff91189dfd9:   00 00 00 48 8b f2 44 8b 05 d2 8b 90 00 4c 8b f9
0x00007ff91189dfe9:   4a 8b 1c c0 b8 50 00 00 00 80 3c 18 00 75 05 e8
0x00007ff91189dff9:   8b 6f 5d 00 b8 20 00 00 00 48 8b 04 18 48 8b 98
0x00007ff91189e009:   38 02 00 00 48 89 5d b0 c7 45 b8 04 00 00 00 48
0x00007ff91189e019:   8b 43 18 48 83 f8 df 76 18 4c 8d 05 37 a9 65 00
0x00007ff91189e029:   ba 20 00 00 00 48 8b cb e8 5a eb de ff 48 8b 43
0x00007ff91189e039:   18 48 8d 48 20 48 3b 4b 20 76 11 45 33 c0 48 8b
0x00007ff91189e049:   cb 41 8d 50 20 e8 fd e8 de ff eb 04 48 89 4b 18
0x00007ff91189e059:   44 8b 45 b8 33 d2 49 c1 e0 03 48 8b c8 48 89 45
0x00007ff91189e069:   c0 e8 e3 80 5d 00 45 33 ed 48 8d 4d d0 44 89 6d
0x00007ff91189e079:   c8 e8 01 59 56 00 41 8b 9f 40 02 00 00 41 2b 9f
0x00007ff91189e089:   68 02 00 00 44 89 6d f0 3b 5d b8 72 0b 8b d3 48
0x00007ff91189e099:   8d 4d b0 e8 6f b3 39 00 48 8b 45 c0 4c 89 2c d8
0x00007ff91189e0a9:   8b 7e 28 8b df c1 eb 05 3b 5d d0 72 0b 8b d3 48
0x00007ff91189e0b9:   8d 4d d0 e8 1f 59 56 00 48 8b 45 d8 83 e7 1f 48
0x00007ff91189e0c9:   8d 14 98 40 0f b6 cf 41 b8 01 00 00 00 41 d3 e0
0x00007ff91189e0d9:   8b 0a 8b c1 41 0b c0 89 02 41 85 c8 75 21 8b 5d
0x00007ff91189e0e9:   c8 8d 43 01 89 45 c8 3b 5d b8 72 0b 8b d3 48 8d
0x00007ff91189e0f9:   4d b0 e8 10 b3 39 00 48 8b 45 c0 48 89 34 d8 44
0x00007ff91189e109:   39 6d c8 0f 86 77 01 00 00 4c 89 a4 24 a0 00 00
0x00007ff91189e119:   00 4c 89 b4 24 a8 00 00 00 48 8b 45 c0 41 8b cd
0x00007ff91189e129:   48 8b 34 c8 8b 46 2c 25 ff 1f 00 00 3d 04 10 00
0x00007ff91189e139:   00 0f 85 a7 00 00 00 bb 01 00 00 00 39 5e 18 76
0x00007ff91189e149:   39 66 0f 1f 44 00 00 48 8b 46 08 8b cb 48 8b 14
0x00007ff91189e159:   c8 48 85 d2 74 1d 48 83 7a 10 00 74 16 80 7a 2c
0x00007ff91189e169:   84 74 10 e8 7f 7e ee ff 48 8b d0 49 8b cf e8 a4
0x00007ff91189e179:   61 f6 ff ff c3 3b 5e 18 72 cd 48 8b 5e 10 8b 46
0x00007ff91189e189:   20 4c 8d 34 c3 49 3b de 73 54 48 8b 3b 8b 47 2c
0x00007ff91189e199:   83 e0 03 3c 03 75 2e 48 8b 07 48 8b cf ff 90 88 


Stack slot to memory mapping:
stack at sp + 0 slots: 0x00000000000016bf is an unknown value
stack at sp + 1 slots: 0x0 is NULL
stack at sp + 2 slots: 0x000000418dbfe740 is pointing into the stack for thread: 0x000002254c4b69d0
stack at sp + 3 slots: 0x00007ff9118038d1 jvm.dll
stack at sp + 4 slots: 0x000002254bab83a0 points into unknown readable memory: 0x0000000000000006 | 06 00 00 00 00 00 00 00
stack at sp + 5 slots: 0x00007ff900002000 is an unknown value
stack at sp + 6 slots: 0x000002255214c9e0 points into unknown readable memory: 0x0000000000000000 | 00 00 00 00 00 00 00 00
stack at sp + 7 slots: 0x0000022500000000 is an unknown value


---------------  P R O C E S S  ---------------

Threads class SMR info:
_java_thread_list=0x0000022548f2ae50, length=92, elements={
0x0000022507b295e0, 0x000002252765f5c0, 0x0000022527660150, 0x0000022527674960,
0x00000225276754f0, 0x0000022527676dd0, 0x00000225276776a0, 0x000002252767b850,
0x0000022527685230, 0x0000022527687b50, 0x00000225278be640, 0x00000225278bed40,
0x00000225482ace60, 0x0000022547e9c610, 0x0000022547e9ba30, 0x0000022548af2330,
0x0000022547d5dfc0, 0x0000022548685340, 0x0000022548ae1280, 0x0000022548ae1ca0,
0x0000022548ae0860, 0x0000022548ae1790, 0x0000022548ea8230, 0x0000022548ea59b0,
0x0000022548ea7300, 0x0000022548eaaab0, 0x0000022548ea6df0, 0x0000022548eaa090,
0x0000022548ea5ec0, 0x0000022548eaafc0, 0x0000022548ea4570, 0x0000022548ea8740,
0x0000022548ea68e0, 0x0000022548eab9e0, 0x0000022548ea7d20, 0x0000022548eaa5a0,
0x0000022548ea4a80, 0x0000022548ea4f90, 0x000002254b56cac0, 0x000002254b573000,
0x000002254b570270, 0x000002254b56c0a0, 0x000002254b56cfd0, 0x000002254b5716b0,
0x000002254b5725e0, 0x000002254b56d9f0, 0x000002254b56bb90, 0x000002254b56df00,
0x000002254b573510, 0x000002254b571bc0, 0x000002254b56d4e0, 0x000002254b570780,
0x000002254b56e920, 0x000002254b56f340, 0x000002254b56e410, 0x000002254b570c90,
0x000002254b56ee30, 0x000002254b56f850, 0x000002254b5711a0, 0x000002254b572af0,
0x000002254b5720d0, 0x000002254b56c5b0, 0x0000022549368d20, 0x00000225493678e0,
0x0000022549369230, 0x0000022549369740, 0x00000225493669b0, 0x0000022549368300,
0x0000022549365a80, 0x0000022549369c50, 0x0000022549365060, 0x000002254936a160,
0x0000022549365570, 0x0000022549368810, 0x0000022549363c20, 0x0000022549363200,
0x000002254936ab80, 0x0000022549367df0, 0x00000225493664a0, 0x0000022549364130,
0x0000022549365f90, 0x00000225493673d0, 0x0000022549717e00, 0x000002254971cf00,
0x000002254971bfd0, 0x000002254971f270, 0x000002254971c4e0, 0x000002254971ab90,
0x0000022549718d30, 0x000002254971d410, 0x000002254c4b69d0, 0x0000022549718820
}

Java Threads: ( => current thread )
  0x0000022507b295e0 JavaThread "main" [_thread_blocked, id=24264, stack(0x0000004188900000,0x0000004188a00000)]
  0x000002252765f5c0 JavaThread "Reference Handler" daemon [_thread_blocked, id=22736, stack(0x0000004189000000,0x0000004189100000)]
  0x0000022527660150 JavaThread "Finalizer" daemon [_thread_blocked, id=8188, stack(0x0000004189100000,0x0000004189200000)]
  0x0000022527674960 JavaThread "Signal Dispatcher" daemon [_thread_blocked, id=28232, stack(0x0000004189200000,0x0000004189300000)]
  0x00000225276754f0 JavaThread "Attach Listener" daemon [_thread_blocked, id=26344, stack(0x0000004189300000,0x0000004189400000)]
  0x0000022527676dd0 JavaThread "Service Thread" daemon [_thread_blocked, id=28092, stack(0x0000004189400000,0x0000004189500000)]
  0x00000225276776a0 JavaThread "Monitor Deflation Thread" daemon [_thread_blocked, id=26376, stack(0x0000004189500000,0x0000004189600000)]
  0x000002252767b850 JavaThread "C2 CompilerThread0" daemon [_thread_in_vm, id=12688, stack(0x0000004189600000,0x0000004189700000)]
  0x0000022527685230 JavaThread "C1 CompilerThread0" daemon [_thread_blocked, id=28500, stack(0x0000004189700000,0x0000004189800000)]
  0x0000022527687b50 JavaThread "Sweeper thread" daemon [_thread_blocked, id=25460, stack(0x0000004189800000,0x0000004189900000)]
  0x00000225278be640 JavaThread "Common-Cleaner" daemon [_thread_blocked, id=21212, stack(0x0000004189900000,0x0000004189a00000)]
  0x00000225278bed40 JavaThread "Notification Thread" daemon [_thread_blocked, id=27440, stack(0x0000004189a00000,0x0000004189b00000)]
  0x00000225482ace60 JavaThread "Daemon health stats" [_thread_blocked, id=28444, stack(0x000000418a000000,0x000000418a100000)]
  0x0000022547e9c610 JavaThread "Incoming local TCP Connector on port 58209" [_thread_in_native, id=21748, stack(0x000000418a100000,0x000000418a200000)]
  0x0000022547e9ba30 JavaThread "Daemon periodic checks" [_thread_blocked, id=24888, stack(0x000000418a200000,0x000000418a300000)]
  0x0000022548af2330 JavaThread "Daemon" [_thread_blocked, id=12640, stack(0x000000418a300000,0x000000418a400000)]
  0x0000022547d5dfc0 JavaThread "Handler for socket connection from /127.0.0.1:58209 to /127.0.0.1:58210" [_thread_in_native, id=11076, stack(0x000000418a400000,0x000000418a500000)]
  0x0000022548685340 JavaThread "Cancel handler" [_thread_blocked, id=12260, stack(0x000000418a500000,0x000000418a600000)]
  0x0000022548ae1280 JavaThread "Daemon worker" [_thread_blocked, id=6952, stack(0x000000418a600000,0x000000418a700000)]
  0x0000022548ae1ca0 JavaThread "Asynchronous log dispatcher for DefaultDaemonConnection: socket connection from /127.0.0.1:58209 to /127.0.0.1:58210" [_thread_blocked, id=6776, stack(0x000000418a700000,0x000000418a800000)]
  0x0000022548ae0860 JavaThread "Stdin handler" [_thread_blocked, id=10456, stack(0x000000418a800000,0x000000418a900000)]
  0x0000022548ae1790 JavaThread "Daemon client event forwarder" [_thread_blocked, id=10012, stack(0x000000418a900000,0x000000418aa00000)]
  0x0000022548ea8230 JavaThread "Cache worker for journal cache (C:\Users\Laiba\.gradle\caches\journal-1)" [_thread_blocked, id=9468, stack(0x000000418aa00000,0x000000418ab00000)]
  0x0000022548ea59b0 JavaThread "File lock request listener" [_thread_in_native, id=1172, stack(0x000000418ab00000,0x000000418ac00000)]
  0x0000022548ea7300 JavaThread "Cache worker for file hash cache (C:\Users\Laiba\.gradle\caches\8.0.1\fileHashes)" [_thread_in_vm, id=27532, stack(0x000000418ac00000,0x000000418ad00000)]
  0x0000022548eaaab0 JavaThread "File watcher server" daemon [_thread_in_native, id=23888, stack(0x000000418ad00000,0x000000418ae00000)]
  0x0000022548ea6df0 JavaThread "File watcher consumer" daemon [_thread_blocked, id=15240, stack(0x000000418ae00000,0x000000418af00000)]
  0x0000022548eaa090 JavaThread "Cache worker for checksums cache (F:\document\reactNative\SupportBridge3\android\.gradle\8.0.1\checksums)" [_thread_blocked, id=4904, stack(0x000000418af00000,0x000000418b000000)]
  0x0000022548ea5ec0 JavaThread "Cache worker for cache directory md-rule (C:\Users\Laiba\.gradle\caches\8.0.1\md-rule)" [_thread_blocked, id=5152, stack(0x000000418b000000,0x000000418b100000)]
  0x0000022548eaafc0 JavaThread "Cache worker for file content cache (C:\Users\Laiba\.gradle\caches\8.0.1\fileContent)" [_thread_blocked, id=5820, stack(0x000000418b100000,0x000000418b200000)]
  0x0000022548ea4570 JavaThread "Cache worker for file hash cache (F:\document\reactNative\SupportBridge3\android\.gradle\8.0.1\fileHashes)" [_thread_blocked, id=20392, stack(0x000000418b200000,0x000000418b300000)]
  0x0000022548ea8740 JavaThread "Cache worker for cache directory md-supplier (C:\Users\Laiba\.gradle\caches\8.0.1\md-supplier)" [_thread_blocked, id=28320, stack(0x000000418b300000,0x000000418b400000)]
  0x0000022548ea68e0 JavaThread "Cache worker for execution history cache (C:\Users\Laiba\.gradle\caches\8.0.1\executionHistory)" [_thread_blocked, id=9704, stack(0x000000418b500000,0x000000418b600000)]
  0x0000022548eab9e0 JavaThread "jar transforms" [_thread_blocked, id=12944, stack(0x000000418b600000,0x000000418b700000)]
  0x0000022548ea7d20 JavaThread "jar transforms Thread 2" [_thread_blocked, id=28572, stack(0x000000418b700000,0x000000418b800000)]
  0x0000022548eaa5a0 JavaThread "jar transforms Thread 3" [_thread_blocked, id=27712, stack(0x0000004189c00000,0x0000004189d00000)]
  0x0000022548ea4a80 JavaThread "jar transforms Thread 4" [_thread_blocked, id=16976, stack(0x000000418b800000,0x000000418b900000)]
  0x0000022548ea4f90 JavaThread "Cache worker for kotlin-dsl (C:\Users\Laiba\.gradle\caches\8.0.1\kotlin-dsl)" [_thread_blocked, id=6572, stack(0x000000418ba00000,0x000000418bb00000)]
  0x000002254b56cac0 JavaThread "Unconstrained build operations" [_thread_blocked, id=25968, stack(0x000000418bb00000,0x000000418bc00000)]
  0x000002254b573000 JavaThread "Unconstrained build operations Thread 2" [_thread_blocked, id=20680, stack(0x000000418bc00000,0x000000418bd00000)]
  0x000002254b570270 JavaThread "Cache worker for dependencies-accessors (F:\document\reactNative\SupportBridge3\android\.gradle\8.0.1\dependencies-accessors)" [_thread_blocked, id=24524, stack(0x000000418be00000,0x000000418bf00000)]
  0x000002254b56c0a0 JavaThread "Cache worker for Build Output Cleanup Cache (F:\document\reactNative\SupportBridge3\node_modules\@react-native\gradle-plugin\.gradle\buildOutputCleanup)" [_thread_blocked, id=20204, stack(0x000000418bf00000,0x000000418c000000)]
  0x000002254b56cfd0 JavaThread "Unconstrained build operations Thread 3" [_thread_blocked, id=2608, stack(0x000000418bd00000,0x000000418be00000)]
  0x000002254b5716b0 JavaThread "Unconstrained build operations Thread 4" [_thread_blocked, id=21656, stack(0x000000418c000000,0x000000418c100000)]
  0x000002254b5725e0 JavaThread "Unconstrained build operations Thread 5" [_thread_blocked, id=27924, stack(0x000000418c100000,0x000000418c200000)]
  0x000002254b56d9f0 JavaThread "Unconstrained build operations Thread 6" [_thread_blocked, id=23824, stack(0x000000418c200000,0x000000418c300000)]
  0x000002254b56bb90 JavaThread "Unconstrained build operations Thread 7" [_thread_blocked, id=20740, stack(0x000000418c300000,0x000000418c400000)]
  0x000002254b56df00 JavaThread "Unconstrained build operations Thread 8" [_thread_blocked, id=26836, stack(0x000000418c400000,0x000000418c500000)]
  0x000002254b573510 JavaThread "Unconstrained build operations Thread 9" [_thread_blocked, id=11684, stack(0x000000418c500000,0x000000418c600000)]
  0x000002254b571bc0 JavaThread "Unconstrained build operations Thread 10" [_thread_blocked, id=17972, stack(0x000000418c600000,0x000000418c700000)]
  0x000002254b56d4e0 JavaThread "Unconstrained build operations Thread 11" [_thread_blocked, id=18916, stack(0x000000418c700000,0x000000418c800000)]
  0x000002254b570780 JavaThread "Unconstrained build operations Thread 12" [_thread_blocked, id=10252, stack(0x000000418c800000,0x000000418c900000)]
  0x000002254b56e920 JavaThread "Unconstrained build operations Thread 13" [_thread_blocked, id=26052, stack(0x000000418c900000,0x000000418ca00000)]
  0x000002254b56f340 JavaThread "Unconstrained build operations Thread 14" [_thread_blocked, id=27772, stack(0x000000418ca00000,0x000000418cb00000)]
  0x000002254b56e410 JavaThread "Unconstrained build operations Thread 15" [_thread_blocked, id=17564, stack(0x000000418cb00000,0x000000418cc00000)]
  0x000002254b570c90 JavaThread "Unconstrained build operations Thread 16" [_thread_blocked, id=22280, stack(0x000000418cc00000,0x000000418cd00000)]
  0x000002254b56ee30 JavaThread "Unconstrained build operations Thread 17" [_thread_blocked, id=6568, stack(0x000000418cd00000,0x000000418ce00000)]
  0x000002254b56f850 JavaThread "Unconstrained build operations Thread 18" [_thread_blocked, id=26032, stack(0x000000418ce00000,0x000000418cf00000)]
  0x000002254b5711a0 JavaThread "Unconstrained build operations Thread 19" [_thread_blocked, id=7480, stack(0x000000418cf00000,0x000000418d000000)]
  0x000002254b572af0 JavaThread "Unconstrained build operations Thread 20" [_thread_blocked, id=22744, stack(0x000000418d000000,0x000000418d100000)]
  0x000002254b5720d0 JavaThread "Unconstrained build operations Thread 21" [_thread_blocked, id=28488, stack(0x000000418d100000,0x000000418d200000)]
  0x000002254b56c5b0 JavaThread "Unconstrained build operations Thread 22" [_thread_blocked, id=8172, stack(0x000000418d200000,0x000000418d300000)]
  0x0000022549368d20 JavaThread "Unconstrained build operations Thread 23" [_thread_blocked, id=6608, stack(0x000000418d300000,0x000000418d400000)]
  0x00000225493678e0 JavaThread "Unconstrained build operations Thread 24" [_thread_blocked, id=28144, stack(0x000000418d400000,0x000000418d500000)]
  0x0000022549369230 JavaThread "Unconstrained build operations Thread 25" [_thread_blocked, id=24704, stack(0x000000418d500000,0x000000418d600000)]
  0x0000022549369740 JavaThread "Unconstrained build operations Thread 26" [_thread_blocked, id=20276, stack(0x000000418d600000,0x000000418d700000)]
  0x00000225493669b0 JavaThread "Unconstrained build operations Thread 27" [_thread_blocked, id=7704, stack(0x000000418d700000,0x000000418d800000)]
  0x0000022549368300 JavaThread "Unconstrained build operations Thread 28" [_thread_blocked, id=25648, stack(0x000000418d800000,0x000000418d900000)]
  0x0000022549365a80 JavaThread "Memory manager" [_thread_blocked, id=25116, stack(0x000000418da00000,0x000000418db00000)]
  0x0000022549369c50 JavaThread "Cache worker for Build Output Cleanup Cache (F:\document\reactNative\SupportBridge3\android\.gradle\buildOutputCleanup)" [_thread_blocked, id=9764, stack(0x000000418d900000,0x000000418da00000)]
  0x0000022549365060 JavaThread "ForkJoinPool.commonPool-worker-1" daemon [_thread_blocked, id=20980, stack(0x000000418dc00000,0x000000418dd00000)]
  0x000002254936a160 JavaThread "ForkJoinPool.commonPool-worker-2" daemon [_thread_blocked, id=19240, stack(0x000000418dd00000,0x000000418de00000)]
  0x0000022549365570 JavaThread "ForkJoinPool.commonPool-worker-3" daemon [_thread_blocked, id=16436, stack(0x000000418de00000,0x000000418df00000)]
  0x0000022549368810 JavaThread "included builds" [_thread_blocked, id=25716, stack(0x000000418df00000,0x000000418e000000)]
  0x0000022549363c20 JavaThread "Execution worker" [_thread_blocked, id=25060, stack(0x000000418e000000,0x000000418e100000)]
  0x0000022549363200 JavaThread "Execution worker Thread 2" [_thread_blocked, id=28024, stack(0x000000418e100000,0x000000418e200000)]
  0x000002254936ab80 JavaThread "Execution worker Thread 3" [_thread_blocked, id=15912, stack(0x000000418e200000,0x000000418e300000)]
  0x0000022549367df0 JavaThread "Cache worker for execution history cache (F:\document\reactNative\SupportBridge3\node_modules\@react-native\gradle-plugin\.gradle\8.0.1\executionHistory)" [_thread_blocked, id=21964, stack(0x000000418e300000,0x000000418e400000)]
  0x00000225493664a0 JavaThread "Unconstrained build operations Thread 29" [_thread_blocked, id=21616, stack(0x000000418e400000,0x000000418e500000)]
  0x0000022549364130 JavaThread "Unconstrained build operations Thread 30" [_thread_blocked, id=25452, stack(0x000000418e500000,0x000000418e600000)]
  0x0000022549365f90 JavaThread "Unconstrained build operations Thread 31" [_thread_blocked, id=21916, stack(0x000000418e600000,0x000000418e700000)]
  0x00000225493673d0 JavaThread "Unconstrained build operations Thread 32" [_thread_blocked, id=22228, stack(0x000000418e700000,0x000000418e800000)]
  0x0000022549717e00 JavaThread "Unconstrained build operations Thread 33" [_thread_blocked, id=24100, stack(0x000000418e800000,0x000000418e900000)]
  0x000002254971cf00 JavaThread "Unconstrained build operations Thread 34" [_thread_blocked, id=16048, stack(0x000000418e900000,0x000000418ea00000)]
  0x000002254971bfd0 JavaThread "Unconstrained build operations Thread 35" [_thread_blocked, id=21960, stack(0x000000418ea00000,0x000000418eb00000)]
  0x000002254971f270 JavaThread "Unconstrained build operations Thread 36" [_thread_blocked, id=23740, stack(0x000000418eb00000,0x000000418ec00000)]
  0x000002254971c4e0 JavaThread "Unconstrained build operations Thread 37" [_thread_blocked, id=23272, stack(0x000000418ec00000,0x000000418ed00000)]
  0x000002254971ab90 JavaThread "Unconstrained build operations Thread 38" [_thread_blocked, id=11900, stack(0x000000418ed00000,0x000000418ee00000)]
  0x0000022549718d30 JavaThread "Unconstrained build operations Thread 39" [_thread_blocked, id=15728, stack(0x000000418ee00000,0x000000418ef00000)]
  0x000002254971d410 JavaThread "Unconstrained build operations Thread 40" [_thread_blocked, id=21232, stack(0x000000418ef00000,0x000000418f000000)]
=>0x000002254c4b69d0 JavaThread "C2 CompilerThread1" daemon [_thread_in_native, id=28336, stack(0x000000418db00000,0x000000418dc00000)]
  0x0000022549718820 JavaThread "Cache worker for execution history cache (F:\document\reactNative\SupportBridge3\android\.gradle\8.0.1\executionHistory)" [_thread_blocked, id=9856, stack(0x000000418f300000,0x000000418f400000)]

Other Threads:
  0x000002252765cbb0 VMThread "VM Thread" [stack: 0x0000004188f00000,0x0000004189000000] [id=27948]
  0x0000022507ba1790 WatcherThread [stack: 0x0000004189b00000,0x0000004189c00000] [id=20812]
  0x0000022507b871b0 GCTaskThread "GC Thread#0" [stack: 0x0000004188a00000,0x0000004188b00000] [id=11020]
  0x0000022527930350 GCTaskThread "GC Thread#1" [stack: 0x0000004189d00000,0x0000004189e00000] [id=10788]
  0x00000225278d5c40 GCTaskThread "GC Thread#2" [stack: 0x0000004189e00000,0x0000004189f00000] [id=6792]
  0x00000225477fe560 GCTaskThread "GC Thread#3" [stack: 0x0000004189f00000,0x000000418a000000] [id=27020]
  0x0000022507b97f10 ConcurrentGCThread "G1 Main Marker" [stack: 0x0000004188b00000,0x0000004188c00000] [id=17516]
  0x0000022507b98ed0 ConcurrentGCThread "G1 Conc#0" [stack: 0x0000004188c00000,0x0000004188d00000] [id=16920]
  0x0000022507bdd4a0 ConcurrentGCThread "G1 Refine#0" [stack: 0x0000004188d00000,0x0000004188e00000] [id=26036]
  0x0000022548ef7920 ConcurrentGCThread "G1 Refine#1" [stack: 0x000000418b400000,0x000000418b500000] [id=5148]
  0x000002254904d6d0 ConcurrentGCThread "G1 Refine#2" [stack: 0x000000418f200000,0x000000418f300000] [id=21688]
  0x0000022507bddce0 ConcurrentGCThread "G1 Service" [stack: 0x0000004188e00000,0x0000004188f00000] [id=9352]

Threads with active compile tasks:
C2 CompilerThread0    57245 15960       4       org.gradle.internal.io.StreamByteBuffer$StreamByteBufferChunk::read (25 bytes)
C1 CompilerThread0    57245 15968       3       jdk.internal.misc.Unsafe::allocateMemory (65 bytes)
C2 CompilerThread1    57245 15948   !   4       org.gradle.cache.internal.DefaultMultiProcessSafePersistentIndexedCache::getIfPresent (25 bytes)

VM state: not at safepoint (normal execution)

VM Mutex/Monitor currently owned by a thread:  ([mutex/lock_event])
[0x0000022507b28490] Compile_lock - owner thread: 0x000002252767b850

Heap address: 0x0000000080000000, size: 2048 MB, Compressed Oops mode: 32-bit

CDS archive(s) mapped at: [0x0000022528000000-0x0000022528bd0000-0x0000022528bd0000), size 12386304, SharedBaseAddress: 0x0000022528000000, ArchiveRelocationMode: 1.
Compressed class space mapped at: 0x0000022529000000-0x0000022543000000, reserved size: 436207616
Narrow klass base: 0x0000022528000000, Narrow klass shift: 0, Narrow klass range: 0x100000000

GC Precious Log:
 CPUs: 4 total, 4 available
 Memory: 8105M
 Large Page Support: Disabled
 NUMA Support: Disabled
 Compressed Oops: Enabled (32-bit)
 Heap Region Size: 1M
 Heap Min Capacity: 8M
 Heap Initial Capacity: 128M
 Heap Max Capacity: 2G
 Pre-touch: Disabled
 Parallel Workers: 4
 Concurrent Workers: 1
 Concurrent Refinement Workers: 4
 Periodic GC: Disabled

Heap:
 garbage-first heap   total 385024K, used 285530K [0x0000000080000000, 0x0000000100000000)
  region size 1024K, 86 young (88064K), 13 survivors (13312K)
 Metaspace       used 102186K, committed 103360K, reserved 557056K
  class space    used 14056K, committed 14592K, reserved 425984K

Heap Regions: E=young(eden), S=young(survivor), O=old, HS=humongous(starts), HC=humongous(continues), CS=collection set, F=free, OA=open archive, CA=closed archive, TAMS=top-at-mark-start (previous, next)
|   0|0x0000000080000000, 0x0000000080100000, 0x0000000080100000|100%| O|  |TAMS 0x0000000080100000, 0x0000000080000000| Untracked 
|   1|0x0000000080100000, 0x0000000080200000, 0x0000000080200000|100%| O|  |TAMS 0x0000000080200000, 0x0000000080100000| Untracked 
|   2|0x0000000080200000, 0x0000000080300000, 0x0000000080300000|100%|HS|  |TAMS 0x0000000080300000, 0x0000000080200000| Complete 
|   3|0x0000000080300000, 0x0000000080400000, 0x0000000080400000|100%|HC|  |TAMS 0x0000000080400000, 0x0000000080300000| Complete 
|   4|0x0000000080400000, 0x0000000080500000, 0x0000000080500000|100%|HC|  |TAMS 0x0000000080500000, 0x0000000080400000| Complete 
|   5|0x0000000080500000, 0x0000000080600000, 0x0000000080600000|100%|HC|  |TAMS 0x0000000080600000, 0x0000000080500000| Complete 
|   6|0x0000000080600000, 0x0000000080700000, 0x0000000080700000|100%| O|  |TAMS 0x0000000080700000, 0x0000000080600000| Untracked 
|   7|0x0000000080700000, 0x0000000080800000, 0x0000000080800000|100%| O|  |TAMS 0x0000000080800000, 0x0000000080700000| Untracked 
|   8|0x0000000080800000, 0x0000000080900000, 0x0000000080900000|100%| O|  |TAMS 0x0000000080900000, 0x0000000080800000| Untracked 
|   9|0x0000000080900000, 0x0000000080a00000, 0x0000000080a00000|100%| O|  |TAMS 0x0000000080a00000, 0x0000000080900000| Untracked 
|  10|0x0000000080a00000, 0x0000000080b00000, 0x0000000080b00000|100%| O|  |TAMS 0x0000000080b00000, 0x0000000080a00000| Untracked 
|  11|0x0000000080b00000, 0x0000000080c00000, 0x0000000080c00000|100%| O|  |TAMS 0x0000000080c00000, 0x0000000080b00000| Untracked 
|  12|0x0000000080c00000, 0x0000000080d00000, 0x0000000080d00000|100%| O|  |TAMS 0x0000000080d00000, 0x0000000080c00000| Untracked 
|  13|0x0000000080d00000, 0x0000000080e00000, 0x0000000080e00000|100%| O|  |TAMS 0x0000000080e00000, 0x0000000080d00000| Untracked 
|  14|0x0000000080e00000, 0x0000000080f00000, 0x0000000080f00000|100%| O|  |TAMS 0x0000000080f00000, 0x0000000080e00000| Untracked 
|  15|0x0000000080f00000, 0x0000000081000000, 0x0000000081000000|100%| O|  |TAMS 0x0000000081000000, 0x0000000080f00000| Untracked 
|  16|0x0000000081000000, 0x0000000081100000, 0x0000000081100000|100%| O|  |TAMS 0x0000000081100000, 0x0000000081000000| Untracked 
|  17|0x0000000081100000, 0x0000000081200000, 0x0000000081200000|100%| O|  |TAMS 0x0000000081200000, 0x0000000081100000| Untracked 
|  18|0x0000000081200000, 0x0000000081300000, 0x0000000081300000|100%| O|  |TAMS 0x0000000081300000, 0x0000000081200000| Untracked 
|  19|0x0000000081300000, 0x0000000081400000, 0x0000000081400000|100%| O|  |TAMS 0x0000000081400000, 0x0000000081300000| Untracked 
|  20|0x0000000081400000, 0x0000000081500000, 0x0000000081500000|100%| O|  |TAMS 0x0000000081500000, 0x0000000081400000| Untracked 
|  21|0x0000000081500000, 0x0000000081600000, 0x0000000081600000|100%| O|  |TAMS 0x0000000081600000, 0x0000000081500000| Untracked 
|  22|0x0000000081600000, 0x0000000081700000, 0x0000000081700000|100%| O|  |TAMS 0x0000000081700000, 0x0000000081600000| Untracked 
|  23|0x0000000081700000, 0x0000000081800000, 0x0000000081800000|100%| O|  |TAMS 0x0000000081800000, 0x0000000081700000| Untracked 
|  24|0x0000000081800000, 0x0000000081900000, 0x0000000081900000|100%| O|  |TAMS 0x0000000081900000, 0x0000000081800000| Untracked 
|  25|0x0000000081900000, 0x0000000081a00000, 0x0000000081a00000|100%| O|  |TAMS 0x0000000081a00000, 0x0000000081900000| Untracked 
|  26|0x0000000081a00000, 0x0000000081b00000, 0x0000000081b00000|100%|HS|  |TAMS 0x0000000081b00000, 0x0000000081a00000| Complete 
|  27|0x0000000081b00000, 0x0000000081c00000, 0x0000000081c00000|100%| O|  |TAMS 0x0000000081c00000, 0x0000000081b00000| Untracked 
|  28|0x0000000081c00000, 0x0000000081d00000, 0x0000000081d00000|100%| O|  |TAMS 0x0000000081d00000, 0x0000000081c00000| Untracked 
|  29|0x0000000081d00000, 0x0000000081e00000, 0x0000000081e00000|100%| O|  |TAMS 0x0000000081e00000, 0x0000000081d00000| Untracked 
|  30|0x0000000081e00000, 0x0000000081f00000, 0x0000000081f00000|100%| O|  |TAMS 0x0000000081f00000, 0x0000000081e00000| Untracked 
|  31|0x0000000081f00000, 0x0000000082000000, 0x0000000082000000|100%| O|  |TAMS 0x0000000082000000, 0x0000000081f00000| Untracked 
|  32|0x0000000082000000, 0x0000000082100000, 0x0000000082100000|100%| O|  |TAMS 0x0000000082100000, 0x0000000082000000| Untracked 
|  33|0x0000000082100000, 0x0000000082200000, 0x0000000082200000|100%| O|  |TAMS 0x0000000082200000, 0x0000000082100000| Untracked 
|  34|0x0000000082200000, 0x0000000082300000, 0x0000000082300000|100%| O|  |TAMS 0x0000000082300000, 0x0000000082200000| Untracked 
|  35|0x0000000082300000, 0x0000000082400000, 0x0000000082400000|100%| O|  |TAMS 0x0000000082400000, 0x0000000082300000| Untracked 
|  36|0x0000000082400000, 0x0000000082500000, 0x0000000082500000|100%| O|  |TAMS 0x0000000082500000, 0x0000000082400000| Untracked 
|  37|0x0000000082500000, 0x0000000082600000, 0x0000000082600000|100%| O|  |TAMS 0x0000000082600000, 0x0000000082500000| Untracked 
|  38|0x0000000082600000, 0x0000000082700000, 0x0000000082700000|100%| O|  |TAMS 0x0000000082700000, 0x0000000082600000| Untracked 
|  39|0x0000000082700000, 0x0000000082800000, 0x0000000082800000|100%| O|  |TAMS 0x0000000082800000, 0x0000000082700000| Untracked 
|  40|0x0000000082800000, 0x0000000082900000, 0x0000000082900000|100%| O|  |TAMS 0x0000000082900000, 0x0000000082800000| Untracked 
|  41|0x0000000082900000, 0x0000000082a00000, 0x0000000082a00000|100%| O|  |TAMS 0x0000000082a00000, 0x0000000082900000| Untracked 
|  42|0x0000000082a00000, 0x0000000082b00000, 0x0000000082b00000|100%|HS|  |TAMS 0x0000000082b00000, 0x0000000082a00000| Complete 
|  43|0x0000000082b00000, 0x0000000082c00000, 0x0000000082c00000|100%|HC|  |TAMS 0x0000000082c00000, 0x0000000082b00000| Complete 
|  44|0x0000000082c00000, 0x0000000082d00000, 0x0000000082d00000|100%|HS|  |TAMS 0x0000000082d00000, 0x0000000082c00000| Complete 
|  45|0x0000000082d00000, 0x0000000082e00000, 0x0000000082e00000|100%|HC|  |TAMS 0x0000000082e00000, 0x0000000082d00000| Complete 
|  46|0x0000000082e00000, 0x0000000082f00000, 0x0000000082f00000|100%|HC|  |TAMS 0x0000000082f00000, 0x0000000082e00000| Complete 
|  47|0x0000000082f00000, 0x0000000083000000, 0x0000000083000000|100%|HC|  |TAMS 0x0000000083000000, 0x0000000082f00000| Complete 
|  48|0x0000000083000000, 0x0000000083100000, 0x0000000083100000|100%| O|  |TAMS 0x0000000083100000, 0x0000000083000000| Untracked 
|  49|0x0000000083100000, 0x0000000083200000, 0x0000000083200000|100%| O|  |TAMS 0x0000000083200000, 0x0000000083100000| Untracked 
|  50|0x0000000083200000, 0x0000000083300000, 0x0000000083300000|100%| O|  |TAMS 0x0000000083300000, 0x0000000083200000| Untracked 
|  51|0x0000000083300000, 0x0000000083400000, 0x0000000083400000|100%| O|  |TAMS 0x0000000083400000, 0x0000000083300000| Untracked 
|  52|0x0000000083400000, 0x0000000083500000, 0x0000000083500000|100%| O|  |TAMS 0x0000000083500000, 0x0000000083400000| Untracked 
|  53|0x0000000083500000, 0x0000000083600000, 0x0000000083600000|100%| O|  |TAMS 0x0000000083600000, 0x0000000083500000| Untracked 
|  54|0x0000000083600000, 0x0000000083700000, 0x0000000083700000|100%| O|  |TAMS 0x0000000083700000, 0x0000000083600000| Untracked 
|  55|0x0000000083700000, 0x0000000083800000, 0x0000000083800000|100%| O|  |TAMS 0x0000000083800000, 0x0000000083700000| Untracked 
|  56|0x0000000083800000, 0x0000000083900000, 0x0000000083900000|100%| O|  |TAMS 0x0000000083900000, 0x0000000083800000| Untracked 
|  57|0x0000000083900000, 0x0000000083a00000, 0x0000000083a00000|100%| O|  |TAMS 0x0000000083a00000, 0x0000000083900000| Untracked 
|  58|0x0000000083a00000, 0x0000000083b00000, 0x0000000083b00000|100%| O|  |TAMS 0x0000000083b00000, 0x0000000083a00000| Untracked 
|  59|0x0000000083b00000, 0x0000000083c00000, 0x0000000083c00000|100%| O|  |TAMS 0x0000000083c00000, 0x0000000083b00000| Untracked 
|  60|0x0000000083c00000, 0x0000000083d00000, 0x0000000083d00000|100%| O|  |TAMS 0x0000000083d00000, 0x0000000083c00000| Untracked 
|  61|0x0000000083d00000, 0x0000000083e00000, 0x0000000083e00000|100%| O|  |TAMS 0x0000000083e00000, 0x0000000083d00000| Untracked 
|  62|0x0000000083e00000, 0x0000000083f00000, 0x0000000083f00000|100%|HS|  |TAMS 0x0000000083f00000, 0x0000000083e00000| Complete 
|  63|0x0000000083f00000, 0x0000000084000000, 0x0000000084000000|100%|HS|  |TAMS 0x0000000084000000, 0x0000000083f00000| Complete 
|  64|0x0000000084000000, 0x0000000084100000, 0x0000000084100000|100%| O|  |TAMS 0x0000000084100000, 0x0000000084000000| Untracked 
|  65|0x0000000084100000, 0x0000000084200000, 0x0000000084200000|100%| O|  |TAMS 0x0000000084200000, 0x0000000084100000| Untracked 
|  66|0x0000000084200000, 0x0000000084300000, 0x0000000084300000|100%| O|  |TAMS 0x0000000084300000, 0x0000000084200000| Untracked 
|  67|0x0000000084300000, 0x0000000084400000, 0x0000000084400000|100%| O|  |TAMS 0x0000000084400000, 0x0000000084300000| Untracked 
|  68|0x0000000084400000, 0x0000000084500000, 0x0000000084500000|100%| O|  |TAMS 0x0000000084500000, 0x0000000084400000| Untracked 
|  69|0x0000000084500000, 0x0000000084600000, 0x0000000084600000|100%| O|  |TAMS 0x0000000084600000, 0x0000000084500000| Untracked 
|  70|0x0000000084600000, 0x0000000084700000, 0x0000000084700000|100%| O|  |TAMS 0x0000000084700000, 0x0000000084600000| Untracked 
|  71|0x0000000084700000, 0x0000000084800000, 0x0000000084800000|100%| O|  |TAMS 0x0000000084800000, 0x0000000084700000| Untracked 
|  72|0x0000000084800000, 0x0000000084900000, 0x0000000084900000|100%| O|  |TAMS 0x0000000084900000, 0x0000000084800000| Untracked 
|  73|0x0000000084900000, 0x0000000084a00000, 0x0000000084a00000|100%| O|  |TAMS 0x0000000084a00000, 0x0000000084900000| Untracked 
|  74|0x0000000084a00000, 0x0000000084b00000, 0x0000000084b00000|100%| O|  |TAMS 0x0000000084b00000, 0x0000000084a00000| Untracked 
|  75|0x0000000084b00000, 0x0000000084c00000, 0x0000000084c00000|100%| O|  |TAMS 0x0000000084c00000, 0x0000000084b00000| Untracked 
|  76|0x0000000084c00000, 0x0000000084d00000, 0x0000000084d00000|100%| O|  |TAMS 0x0000000084d00000, 0x0000000084c00000| Untracked 
|  77|0x0000000084d00000, 0x0000000084e00000, 0x0000000084e00000|100%| O|  |TAMS 0x0000000084e00000, 0x0000000084d00000| Untracked 
|  78|0x0000000084e00000, 0x0000000084f00000, 0x0000000084f00000|100%| O|  |TAMS 0x0000000084f00000, 0x0000000084e00000| Untracked 
|  79|0x0000000084f00000, 0x0000000085000000, 0x0000000085000000|100%| O|  |TAMS 0x0000000085000000, 0x0000000084f00000| Untracked 
|  80|0x0000000085000000, 0x0000000085100000, 0x0000000085100000|100%| O|  |TAMS 0x0000000085100000, 0x0000000085000000| Untracked 
|  81|0x0000000085100000, 0x0000000085200000, 0x0000000085200000|100%| O|  |TAMS 0x0000000085200000, 0x0000000085100000| Untracked 
|  82|0x0000000085200000, 0x0000000085300000, 0x0000000085300000|100%|HS|  |TAMS 0x0000000085300000, 0x0000000085200000| Complete 
|  83|0x0000000085300000, 0x0000000085400000, 0x0000000085400000|100%|HC|  |TAMS 0x0000000085400000, 0x0000000085300000| Complete 
|  84|0x0000000085400000, 0x0000000085500000, 0x0000000085500000|100%|HS|  |TAMS 0x0000000085500000, 0x0000000085400000| Complete 
|  85|0x0000000085500000, 0x0000000085600000, 0x0000000085600000|100%|HC|  |TAMS 0x0000000085600000, 0x0000000085500000| Complete 
|  86|0x0000000085600000, 0x0000000085700000, 0x0000000085700000|100%|HC|  |TAMS 0x0000000085700000, 0x0000000085600000| Complete 
|  87|0x0000000085700000, 0x0000000085800000, 0x0000000085800000|100%|HC|  |TAMS 0x0000000085800000, 0x0000000085700000| Complete 
|  88|0x0000000085800000, 0x0000000085900000, 0x0000000085900000|100%| O|  |TAMS 0x0000000085900000, 0x0000000085800000| Untracked 
|  89|0x0000000085900000, 0x0000000085a00000, 0x0000000085a00000|100%| O|  |TAMS 0x0000000085a00000, 0x0000000085900000| Untracked 
|  90|0x0000000085a00000, 0x0000000085b00000, 0x0000000085b00000|100%| O|  |TAMS 0x0000000085a00000, 0x0000000085a00000| Untracked 
|  91|0x0000000085b00000, 0x0000000085c00000, 0x0000000085c00000|100%|HS|  |TAMS 0x0000000085c00000, 0x0000000085b00000| Complete 
|  92|0x0000000085c00000, 0x0000000085d00000, 0x0000000085d00000|100%|HC|  |TAMS 0x0000000085d00000, 0x0000000085c00000| Complete 
|  93|0x0000000085d00000, 0x0000000085e00000, 0x0000000085e00000|100%|HC|  |TAMS 0x0000000085e00000, 0x0000000085d00000| Complete 
|  94|0x0000000085e00000, 0x0000000085f00000, 0x0000000085f00000|100%|HS|  |TAMS 0x0000000085f00000, 0x0000000085e00000| Complete 
|  95|0x0000000085f00000, 0x0000000086000000, 0x0000000086000000|100%|HC|  |TAMS 0x0000000086000000, 0x0000000085f00000| Complete 
|  96|0x0000000086000000, 0x0000000086100000, 0x0000000086100000|100%| O|  |TAMS 0x0000000086100000, 0x0000000086000000| Untracked 
|  97|0x0000000086100000, 0x0000000086200000, 0x0000000086200000|100%| O|  |TAMS 0x0000000086200000, 0x0000000086100000| Untracked 
|  98|0x0000000086200000, 0x0000000086300000, 0x0000000086300000|100%| O|  |TAMS 0x0000000086300000, 0x0000000086200000| Untracked 
|  99|0x0000000086300000, 0x0000000086400000, 0x0000000086400000|100%| O|  |TAMS 0x0000000086400000, 0x0000000086300000| Untracked 
| 100|0x0000000086400000, 0x0000000086500000, 0x0000000086500000|100%| O|  |TAMS 0x0000000086500000, 0x0000000086400000| Untracked 
| 101|0x0000000086500000, 0x0000000086600000, 0x0000000086600000|100%| O|  |TAMS 0x0000000086600000, 0x0000000086500000| Untracked 
| 102|0x0000000086600000, 0x0000000086700000, 0x0000000086700000|100%| O|  |TAMS 0x0000000086700000, 0x0000000086600000| Untracked 
| 103|0x0000000086700000, 0x0000000086800000, 0x0000000086800000|100%| O|  |TAMS 0x0000000086800000, 0x0000000086700000| Untracked 
| 104|0x0000000086800000, 0x0000000086900000, 0x0000000086900000|100%| O|  |TAMS 0x0000000086900000, 0x0000000086800000| Untracked 
| 105|0x0000000086900000, 0x0000000086a00000, 0x0000000086a00000|100%| O|  |TAMS 0x0000000086a00000, 0x0000000086900000| Untracked 
| 106|0x0000000086a00000, 0x0000000086b00000, 0x0000000086b00000|100%| O|  |TAMS 0x0000000086b00000, 0x0000000086a00000| Untracked 
| 107|0x0000000086b00000, 0x0000000086c00000, 0x0000000086c00000|100%|HS|  |TAMS 0x0000000086c00000, 0x0000000086b00000| Complete 
| 108|0x0000000086c00000, 0x0000000086d00000, 0x0000000086d00000|100%|HS|  |TAMS 0x0000000086d00000, 0x0000000086c00000| Complete 
| 109|0x0000000086d00000, 0x0000000086e00000, 0x0000000086e00000|100%|HS|  |TAMS 0x0000000086e00000, 0x0000000086d00000| Complete 
| 110|0x0000000086e00000, 0x0000000086f00000, 0x0000000086f00000|100%|HS|  |TAMS 0x0000000086f00000, 0x0000000086e00000| Complete 
| 111|0x0000000086f00000, 0x0000000087000000, 0x0000000087000000|100%|HC|  |TAMS 0x0000000087000000, 0x0000000086f00000| Complete 
| 112|0x0000000087000000, 0x0000000087100000, 0x0000000087100000|100%|HC|  |TAMS 0x0000000087100000, 0x0000000087000000| Complete 
| 113|0x0000000087100000, 0x0000000087200000, 0x0000000087200000|100%| O|  |TAMS 0x0000000087200000, 0x0000000087100000| Untracked 
| 114|0x0000000087200000, 0x0000000087300000, 0x0000000087300000|100%| O|  |TAMS 0x0000000087200000, 0x0000000087200000| Untracked 
| 115|0x0000000087300000, 0x0000000087400000, 0x0000000087400000|100%|HS|  |TAMS 0x0000000087400000, 0x0000000087300000| Complete 
| 116|0x0000000087400000, 0x0000000087500000, 0x0000000087500000|100%|HC|  |TAMS 0x0000000087500000, 0x0000000087400000| Complete 
| 117|0x0000000087500000, 0x0000000087600000, 0x0000000087600000|100%| O|  |TAMS 0x0000000087600000, 0x0000000087500000| Untracked 
| 118|0x0000000087600000, 0x0000000087700000, 0x0000000087700000|100%| O|  |TAMS 0x0000000087700000, 0x0000000087600000| Untracked 
| 119|0x0000000087700000, 0x0000000087800000, 0x0000000087800000|100%| O|  |TAMS 0x0000000087800000, 0x0000000087700000| Untracked 
| 120|0x0000000087800000, 0x0000000087900000, 0x0000000087900000|100%| O|  |TAMS 0x0000000087900000, 0x0000000087800000| Untracked 
| 121|0x0000000087900000, 0x0000000087a00000, 0x0000000087a00000|100%| O|  |TAMS 0x0000000087a00000, 0x0000000087900000| Untracked 
| 122|0x0000000087a00000, 0x0000000087b00000, 0x0000000087b00000|100%| O|  |TAMS 0x0000000087b00000, 0x0000000087a00000| Untracked 
| 123|0x0000000087b00000, 0x0000000087c00000, 0x0000000087c00000|100%| O|  |TAMS 0x0000000087c00000, 0x0000000087b00000| Untracked 
| 124|0x0000000087c00000, 0x0000000087d00000, 0x0000000087d00000|100%| O|  |TAMS 0x0000000087d00000, 0x0000000087c00000| Untracked 
| 125|0x0000000087d00000, 0x0000000087e00000, 0x0000000087e00000|100%| O|  |TAMS 0x0000000087e00000, 0x0000000087d00000| Untracked 
| 126|0x0000000087e00000, 0x0000000087f00000, 0x0000000087f00000|100%| O|  |TAMS 0x0000000087f00000, 0x0000000087e00000| Untracked 
| 127|0x0000000087f00000, 0x0000000088000000, 0x0000000088000000|100%| O|  |TAMS 0x0000000088000000, 0x0000000087f00000| Untracked 
| 128|0x0000000088000000, 0x0000000088100000, 0x0000000088100000|100%| O|  |TAMS 0x0000000088100000, 0x0000000088000000| Untracked 
| 129|0x0000000088100000, 0x0000000088200000, 0x0000000088200000|100%| O|  |TAMS 0x0000000088100000, 0x0000000088100000| Untracked 
| 130|0x0000000088200000, 0x0000000088300000, 0x0000000088300000|100%| O|  |TAMS 0x0000000088200000, 0x0000000088200000| Untracked 
| 131|0x0000000088300000, 0x0000000088400000, 0x0000000088400000|100%| O|  |TAMS 0x0000000088300000, 0x0000000088300000| Untracked 
| 132|0x0000000088400000, 0x0000000088500000, 0x0000000088500000|100%| O|  |TAMS 0x0000000088400000, 0x0000000088400000| Untracked 
| 133|0x0000000088500000, 0x0000000088600000, 0x0000000088600000|100%| O|  |TAMS 0x0000000088500000, 0x0000000088500000| Untracked 
| 134|0x0000000088600000, 0x0000000088700000, 0x0000000088700000|100%| O|  |TAMS 0x0000000088600000, 0x0000000088600000| Untracked 
| 135|0x0000000088700000, 0x0000000088800000, 0x0000000088800000|100%| O|  |TAMS 0x0000000088700000, 0x0000000088700000| Untracked 
| 136|0x0000000088800000, 0x0000000088900000, 0x0000000088900000|100%|HS|  |TAMS 0x0000000088800000, 0x0000000088800000| Complete 
| 137|0x0000000088900000, 0x0000000088a00000, 0x0000000088a00000|100%| O|  |TAMS 0x0000000088980000, 0x0000000088900000| Untracked 
| 138|0x0000000088a00000, 0x0000000088b00000, 0x0000000088b00000|100%|HS|  |TAMS 0x0000000088a00000, 0x0000000088a00000| Complete 
| 139|0x0000000088b00000, 0x0000000088c00000, 0x0000000088c00000|100%|HS|  |TAMS 0x0000000088b00000, 0x0000000088b00000| Complete 
| 140|0x0000000088c00000, 0x0000000088d00000, 0x0000000088d00000|100%|HS|  |TAMS 0x0000000088c00000, 0x0000000088c00000| Complete 
| 141|0x0000000088d00000, 0x0000000088e00000, 0x0000000088e00000|100%|HC|  |TAMS 0x0000000088d00000, 0x0000000088d00000| Complete 
| 142|0x0000000088e00000, 0x0000000088f00000, 0x0000000088f00000|100%|HC|  |TAMS 0x0000000088e00000, 0x0000000088e00000| Complete 
| 143|0x0000000088f00000, 0x0000000089000000, 0x0000000089000000|100%| O|  |TAMS 0x0000000088f00000, 0x0000000088f00000| Untracked 
| 144|0x0000000089000000, 0x0000000089100000, 0x0000000089100000|100%|HS|  |TAMS 0x0000000089000000, 0x0000000089000000| Complete 
| 145|0x0000000089100000, 0x0000000089200000, 0x0000000089200000|100%|HS|  |TAMS 0x0000000089100000, 0x0000000089100000| Complete 
| 146|0x0000000089200000, 0x0000000089300000, 0x0000000089300000|100%|HS|  |TAMS 0x0000000089200000, 0x0000000089200000| Complete 
| 147|0x0000000089300000, 0x0000000089400000, 0x0000000089400000|100%| O|  |TAMS 0x0000000089300000, 0x0000000089300000| Untracked 
| 148|0x0000000089400000, 0x0000000089500000, 0x0000000089500000|100%| O|  |TAMS 0x0000000089400000, 0x0000000089400000| Untracked 
| 149|0x0000000089500000, 0x0000000089600000, 0x0000000089600000|100%| O|  |TAMS 0x0000000089500000, 0x0000000089500000| Untracked 
| 150|0x0000000089600000, 0x0000000089700000, 0x0000000089700000|100%| O|  |TAMS 0x0000000089600000, 0x0000000089600000| Untracked 
| 151|0x0000000089700000, 0x0000000089800000, 0x0000000089800000|100%| O|  |TAMS 0x0000000089700000, 0x0000000089700000| Untracked 
| 152|0x0000000089800000, 0x0000000089900000, 0x0000000089900000|100%| O|  |TAMS 0x0000000089800000, 0x0000000089800000| Untracked 
| 153|0x0000000089900000, 0x0000000089a00000, 0x0000000089a00000|100%| O|  |TAMS 0x0000000089900000, 0x0000000089900000| Untracked 
| 154|0x0000000089a00000, 0x0000000089b00000, 0x0000000089b00000|100%| O|  |TAMS 0x0000000089a00000, 0x0000000089a00000| Untracked 
| 155|0x0000000089b00000, 0x0000000089c00000, 0x0000000089c00000|100%| O|  |TAMS 0x0000000089b00000, 0x0000000089b00000| Untracked 
| 156|0x0000000089c00000, 0x0000000089d00000, 0x0000000089d00000|100%| O|  |TAMS 0x0000000089c00000, 0x0000000089c00000| Untracked 
| 157|0x0000000089d00000, 0x0000000089e00000, 0x0000000089e00000|100%| O|  |TAMS 0x0000000089d00000, 0x0000000089d00000| Untracked 
| 158|0x0000000089e00000, 0x0000000089f00000, 0x0000000089f00000|100%| O|  |TAMS 0x0000000089e00000, 0x0000000089e00000| Untracked 
| 159|0x0000000089f00000, 0x000000008a000000, 0x000000008a000000|100%| O|  |TAMS 0x0000000089f00000, 0x0000000089f00000| Untracked 
| 160|0x000000008a000000, 0x000000008a100000, 0x000000008a100000|100%| O|  |TAMS 0x000000008a000000, 0x000000008a000000| Untracked 
| 161|0x000000008a100000, 0x000000008a200000, 0x000000008a200000|100%| O|  |TAMS 0x000000008a100000, 0x000000008a100000| Untracked 
| 162|0x000000008a200000, 0x000000008a300000, 0x000000008a300000|100%| O|  |TAMS 0x000000008a200000, 0x000000008a200000| Untracked 
| 163|0x000000008a300000, 0x000000008a400000, 0x000000008a400000|100%| O|  |TAMS 0x000000008a300000, 0x000000008a300000| Untracked 
| 164|0x000000008a400000, 0x000000008a500000, 0x000000008a500000|100%| O|  |TAMS 0x000000008a400000, 0x000000008a400000| Untracked 
| 165|0x000000008a500000, 0x000000008a600000, 0x000000008a600000|100%| O|  |TAMS 0x000000008a500000, 0x000000008a500000| Untracked 
| 166|0x000000008a600000, 0x000000008a700000, 0x000000008a700000|100%| O|  |TAMS 0x000000008a600000, 0x000000008a600000| Untracked 
| 167|0x000000008a700000, 0x000000008a800000, 0x000000008a800000|100%| O|  |TAMS 0x000000008a700000, 0x000000008a700000| Untracked 
| 168|0x000000008a800000, 0x000000008a900000, 0x000000008a900000|100%| O|  |TAMS 0x000000008a800000, 0x000000008a800000| Untracked 
| 169|0x000000008a900000, 0x000000008aa00000, 0x000000008aa00000|100%| O|  |TAMS 0x000000008a900000, 0x000000008a900000| Untracked 
| 170|0x000000008aa00000, 0x000000008ab00000, 0x000000008ab00000|100%| O|  |TAMS 0x000000008aa00000, 0x000000008aa00000| Untracked 
| 171|0x000000008ab00000, 0x000000008ac00000, 0x000000008ac00000|100%| O|  |TAMS 0x000000008ab00000, 0x000000008ab00000| Untracked 
| 172|0x000000008ac00000, 0x000000008ad00000, 0x000000008ad00000|100%| O|  |TAMS 0x000000008ac00000, 0x000000008ac00000| Untracked 
| 173|0x000000008ad00000, 0x000000008ae00000, 0x000000008ae00000|100%| O|  |TAMS 0x000000008ad00000, 0x000000008ad00000| Untracked 
| 174|0x000000008ae00000, 0x000000008af00000, 0x000000008af00000|100%| O|  |TAMS 0x000000008ae00000, 0x000000008ae00000| Untracked 
| 175|0x000000008af00000, 0x000000008b000000, 0x000000008b000000|100%| O|  |TAMS 0x000000008af00000, 0x000000008af00000| Untracked 
| 176|0x000000008b000000, 0x000000008b100000, 0x000000008b100000|100%| O|  |TAMS 0x000000008b000000, 0x000000008b000000| Untracked 
| 177|0x000000008b100000, 0x000000008b200000, 0x000000008b200000|100%| O|  |TAMS 0x000000008b100000, 0x000000008b100000| Untracked 
| 178|0x000000008b200000, 0x000000008b300000, 0x000000008b300000|100%| O|  |TAMS 0x000000008b200000, 0x000000008b200000| Untracked 
| 179|0x000000008b300000, 0x000000008b400000, 0x000000008b400000|100%| O|  |TAMS 0x000000008b300000, 0x000000008b300000| Untracked 
| 180|0x000000008b400000, 0x000000008b500000, 0x000000008b500000|100%| O|  |TAMS 0x000000008b400000, 0x000000008b400000| Untracked 
| 181|0x000000008b500000, 0x000000008b600000, 0x000000008b600000|100%| O|  |TAMS 0x000000008b500000, 0x000000008b500000| Untracked 
| 182|0x000000008b600000, 0x000000008b700000, 0x000000008b700000|100%| O|  |TAMS 0x000000008b600000, 0x000000008b600000| Untracked 
| 183|0x000000008b700000, 0x000000008b800000, 0x000000008b800000|100%| O|  |TAMS 0x000000008b700000, 0x000000008b700000| Untracked 
| 184|0x000000008b800000, 0x000000008b900000, 0x000000008b900000|100%| O|  |TAMS 0x000000008b800000, 0x000000008b800000| Untracked 
| 185|0x000000008b900000, 0x000000008ba00000, 0x000000008ba00000|100%| O|  |TAMS 0x000000008b900000, 0x000000008b900000| Untracked 
| 186|0x000000008ba00000, 0x000000008bb00000, 0x000000008bb00000|100%| O|  |TAMS 0x000000008ba00000, 0x000000008ba00000| Untracked 
| 187|0x000000008bb00000, 0x000000008bc00000, 0x000000008bc00000|100%| O|  |TAMS 0x000000008bb00000, 0x000000008bb00000| Untracked 
| 188|0x000000008bc00000, 0x000000008bd00000, 0x000000008bd00000|100%| O|  |TAMS 0x000000008bc00000, 0x000000008bc00000| Untracked 
| 189|0x000000008bd00000, 0x000000008be00000, 0x000000008be00000|100%| O|  |TAMS 0x000000008bd00000, 0x000000008bd00000| Untracked 
| 190|0x000000008be00000, 0x000000008bf00000, 0x000000008bf00000|100%| O|  |TAMS 0x000000008be00000, 0x000000008be00000| Untracked 
| 191|0x000000008bf00000, 0x000000008c000000, 0x000000008c000000|100%| O|  |TAMS 0x000000008bf00000, 0x000000008bf00000| Untracked 
| 192|0x000000008c000000, 0x000000008c100000, 0x000000008c100000|100%| O|  |TAMS 0x000000008c000000, 0x000000008c000000| Untracked 
| 193|0x000000008c100000, 0x000000008c200000, 0x000000008c200000|100%| O|  |TAMS 0x000000008c100000, 0x000000008c100000| Untracked 
| 194|0x000000008c200000, 0x000000008c300000, 0x000000008c300000|100%| O|  |TAMS 0x000000008c200000, 0x000000008c200000| Untracked 
| 195|0x000000008c300000, 0x000000008c356a00, 0x000000008c400000| 33%| O|  |TAMS 0x000000008c300000, 0x000000008c300000| Untracked 
| 196|0x000000008c400000, 0x000000008c400000, 0x000000008c500000|  0%| F|  |TAMS 0x000000008c400000, 0x000000008c400000| Untracked 
| 197|0x000000008c500000, 0x000000008c500000, 0x000000008c600000|  0%| F|  |TAMS 0x000000008c500000, 0x000000008c500000| Untracked 
| 198|0x000000008c600000, 0x000000008c600000, 0x000000008c700000|  0%| F|  |TAMS 0x000000008c600000, 0x000000008c600000| Untracked 
| 199|0x000000008c700000, 0x000000008c700000, 0x000000008c800000|  0%| F|  |TAMS 0x000000008c700000, 0x000000008c700000| Untracked 
| 200|0x000000008c800000, 0x000000008c800000, 0x000000008c900000|  0%| F|  |TAMS 0x000000008c800000, 0x000000008c800000| Untracked 
| 201|0x000000008c900000, 0x000000008c900000, 0x000000008ca00000|  0%| F|  |TAMS 0x000000008c900000, 0x000000008c900000| Untracked 
| 202|0x000000008ca00000, 0x000000008ca00000, 0x000000008cb00000|  0%| F|  |TAMS 0x000000008ca00000, 0x000000008ca00000| Untracked 
| 203|0x000000008cb00000, 0x000000008cb00000, 0x000000008cc00000|  0%| F|  |TAMS 0x000000008cb00000, 0x000000008cb00000| Untracked 
| 204|0x000000008cc00000, 0x000000008cc00000, 0x000000008cd00000|  0%| F|  |TAMS 0x000000008cc00000, 0x000000008cc00000| Untracked 
| 205|0x000000008cd00000, 0x000000008cd00000, 0x000000008ce00000|  0%| F|  |TAMS 0x000000008cd00000, 0x000000008cd00000| Untracked 
| 206|0x000000008ce00000, 0x000000008ce00000, 0x000000008cf00000|  0%| F|  |TAMS 0x000000008ce00000, 0x000000008ce00000| Untracked 
| 207|0x000000008cf00000, 0x000000008cf00000, 0x000000008d000000|  0%| F|  |TAMS 0x000000008cf00000, 0x000000008cf00000| Untracked 
| 208|0x000000008d000000, 0x000000008d000000, 0x000000008d100000|  0%| F|  |TAMS 0x000000008d000000, 0x000000008d000000| Untracked 
| 209|0x000000008d100000, 0x000000008d100000, 0x000000008d200000|  0%| F|  |TAMS 0x000000008d100000, 0x000000008d100000| Untracked 
| 210|0x000000008d200000, 0x000000008d200000, 0x000000008d300000|  0%| F|  |TAMS 0x000000008d200000, 0x000000008d200000| Untracked 
| 211|0x000000008d300000, 0x000000008d300000, 0x000000008d400000|  0%| F|  |TAMS 0x000000008d300000, 0x000000008d300000| Untracked 
| 212|0x000000008d400000, 0x000000008d400000, 0x000000008d500000|  0%| F|  |TAMS 0x000000008d400000, 0x000000008d400000| Untracked 
| 213|0x000000008d500000, 0x000000008d500000, 0x000000008d600000|  0%| F|  |TAMS 0x000000008d500000, 0x000000008d500000| Untracked 
| 214|0x000000008d600000, 0x000000008d600000, 0x000000008d700000|  0%| F|  |TAMS 0x000000008d600000, 0x000000008d600000| Untracked 
| 215|0x000000008d700000, 0x000000008d700000, 0x000000008d800000|  0%| F|  |TAMS 0x000000008d700000, 0x000000008d700000| Untracked 
| 216|0x000000008d800000, 0x000000008d800000, 0x000000008d900000|  0%| F|  |TAMS 0x000000008d800000, 0x000000008d800000| Untracked 
| 217|0x000000008d900000, 0x000000008d900000, 0x000000008da00000|  0%| F|  |TAMS 0x000000008d900000, 0x000000008d900000| Untracked 
| 218|0x000000008da00000, 0x000000008da00000, 0x000000008db00000|  0%| F|  |TAMS 0x000000008da00000, 0x000000008da00000| Untracked 
| 219|0x000000008db00000, 0x000000008db00000, 0x000000008dc00000|  0%| F|  |TAMS 0x000000008db00000, 0x000000008db00000| Untracked 
| 220|0x000000008dc00000, 0x000000008dc00000, 0x000000008dd00000|  0%| F|  |TAMS 0x000000008dc00000, 0x000000008dc00000| Untracked 
| 221|0x000000008dd00000, 0x000000008dd00000, 0x000000008de00000|  0%| F|  |TAMS 0x000000008dd00000, 0x000000008dd00000| Untracked 
| 222|0x000000008de00000, 0x000000008de00000, 0x000000008df00000|  0%| F|  |TAMS 0x000000008de00000, 0x000000008de00000| Untracked 
| 223|0x000000008df00000, 0x000000008df00000, 0x000000008e000000|  0%| F|  |TAMS 0x000000008df00000, 0x000000008df00000| Untracked 
| 224|0x000000008e000000, 0x000000008e000000, 0x000000008e100000|  0%| F|  |TAMS 0x000000008e000000, 0x000000008e000000| Untracked 
| 225|0x000000008e100000, 0x000000008e100000, 0x000000008e200000|  0%| F|  |TAMS 0x000000008e100000, 0x000000008e100000| Untracked 
| 226|0x000000008e200000, 0x000000008e200000, 0x000000008e300000|  0%| F|  |TAMS 0x000000008e200000, 0x000000008e200000| Untracked 
| 227|0x000000008e300000, 0x000000008e300000, 0x000000008e400000|  0%| F|  |TAMS 0x000000008e300000, 0x000000008e300000| Untracked 
| 228|0x000000008e400000, 0x000000008e400000, 0x000000008e500000|  0%| F|  |TAMS 0x000000008e400000, 0x000000008e400000| Untracked 
| 229|0x000000008e500000, 0x000000008e500000, 0x000000008e600000|  0%| F|  |TAMS 0x000000008e500000, 0x000000008e500000| Untracked 
| 230|0x000000008e600000, 0x000000008e600000, 0x000000008e700000|  0%| F|  |TAMS 0x000000008e600000, 0x000000008e600000| Untracked 
| 231|0x000000008e700000, 0x000000008e700000, 0x000000008e800000|  0%| F|  |TAMS 0x000000008e700000, 0x000000008e700000| Untracked 
| 232|0x000000008e800000, 0x000000008e800000, 0x000000008e900000|  0%| F|  |TAMS 0x000000008e800000, 0x000000008e800000| Untracked 
| 233|0x000000008e900000, 0x000000008e900000, 0x000000008ea00000|  0%| F|  |TAMS 0x000000008e900000, 0x000000008e900000| Untracked 
| 234|0x000000008ea00000, 0x000000008ea00000, 0x000000008eb00000|  0%| F|  |TAMS 0x000000008ea00000, 0x000000008ea00000| Untracked 
| 235|0x000000008eb00000, 0x000000008eb00000, 0x000000008ec00000|  0%| F|  |TAMS 0x000000008eb00000, 0x000000008eb00000| Untracked 
| 236|0x000000008ec00000, 0x000000008ec00000, 0x000000008ed00000|  0%| F|  |TAMS 0x000000008ec00000, 0x000000008ec00000| Untracked 
| 237|0x000000008ed00000, 0x000000008ed00000, 0x000000008ee00000|  0%| F|  |TAMS 0x000000008ed00000, 0x000000008ed00000| Untracked 
| 238|0x000000008ee00000, 0x000000008ee00000, 0x000000008ef00000|  0%| F|  |TAMS 0x000000008ee00000, 0x000000008ee00000| Untracked 
| 239|0x000000008ef00000, 0x000000008ef00000, 0x000000008f000000|  0%| F|  |TAMS 0x000000008ef00000, 0x000000008ef00000| Untracked 
| 240|0x000000008f000000, 0x000000008f000000, 0x000000008f100000|  0%| F|  |TAMS 0x000000008f000000, 0x000000008f000000| Untracked 
| 241|0x000000008f100000, 0x000000008f100000, 0x000000008f200000|  0%| F|  |TAMS 0x000000008f100000, 0x000000008f100000| Untracked 
| 242|0x000000008f200000, 0x000000008f200000, 0x000000008f300000|  0%| F|  |TAMS 0x000000008f200000, 0x000000008f200000| Untracked 
| 243|0x000000008f300000, 0x000000008f300000, 0x000000008f400000|  0%| F|  |TAMS 0x000000008f300000, 0x000000008f300000| Untracked 
| 244|0x000000008f400000, 0x000000008f400000, 0x000000008f500000|  0%| F|  |TAMS 0x000000008f400000, 0x000000008f400000| Untracked 
| 245|0x000000008f500000, 0x000000008f500000, 0x000000008f600000|  0%| F|  |TAMS 0x000000008f500000, 0x000000008f500000| Untracked 
| 246|0x000000008f600000, 0x000000008f600000, 0x000000008f700000|  0%| F|  |TAMS 0x000000008f600000, 0x000000008f600000| Untracked 
| 247|0x000000008f700000, 0x000000008f700000, 0x000000008f800000|  0%| F|  |TAMS 0x000000008f700000, 0x000000008f700000| Untracked 
| 248|0x000000008f800000, 0x000000008f800000, 0x000000008f900000|  0%| F|  |TAMS 0x000000008f800000, 0x000000008f800000| Untracked 
| 249|0x000000008f900000, 0x000000008f900000, 0x000000008fa00000|  0%| F|  |TAMS 0x000000008f900000, 0x000000008f900000| Untracked 
| 250|0x000000008fa00000, 0x000000008fa00000, 0x000000008fb00000|  0%| F|  |TAMS 0x000000008fa00000, 0x000000008fa00000| Untracked 
| 251|0x000000008fb00000, 0x000000008fb00000, 0x000000008fc00000|  0%| F|  |TAMS 0x000000008fb00000, 0x000000008fb00000| Untracked 
| 252|0x000000008fc00000, 0x000000008fc00000, 0x000000008fd00000|  0%| F|  |TAMS 0x000000008fc00000, 0x000000008fc00000| Untracked 
| 253|0x000000008fd00000, 0x000000008fd00000, 0x000000008fe00000|  0%| F|  |TAMS 0x000000008fd00000, 0x000000008fd00000| Untracked 
| 254|0x000000008fe00000, 0x000000008fe00000, 0x000000008ff00000|  0%| F|  |TAMS 0x000000008fe00000, 0x000000008fe00000| Untracked 
| 255|0x000000008ff00000, 0x000000008ff00000, 0x0000000090000000|  0%| F|  |TAMS 0x000000008ff00000, 0x000000008ff00000| Untracked 
| 256|0x0000000090000000, 0x0000000090000000, 0x0000000090100000|  0%| F|  |TAMS 0x0000000090000000, 0x0000000090000000| Untracked 
| 257|0x0000000090100000, 0x0000000090100000, 0x0000000090200000|  0%| F|  |TAMS 0x0000000090100000, 0x0000000090100000| Untracked 
| 258|0x0000000090200000, 0x0000000090280000, 0x0000000090300000| 50%| S|CS|TAMS 0x0000000090200000, 0x0000000090200000| Complete 
| 259|0x0000000090300000, 0x0000000090300000, 0x0000000090400000|  0%| F|  |TAMS 0x0000000090300000, 0x0000000090300000| Untracked 
| 260|0x0000000090400000, 0x0000000090400000, 0x0000000090500000|  0%| F|  |TAMS 0x0000000090400000, 0x0000000090400000| Untracked 
| 261|0x0000000090500000, 0x0000000090500000, 0x0000000090600000|  0%| F|  |TAMS 0x0000000090500000, 0x0000000090500000| Untracked 
| 262|0x0000000090600000, 0x0000000090600000, 0x0000000090700000|  0%| F|  |TAMS 0x0000000090600000, 0x0000000090600000| Untracked 
| 263|0x0000000090700000, 0x0000000090700000, 0x0000000090800000|  0%| F|  |TAMS 0x0000000090700000, 0x0000000090700000| Untracked 
| 264|0x0000000090800000, 0x0000000090800000, 0x0000000090900000|  0%| F|  |TAMS 0x0000000090800000, 0x0000000090800000| Untracked 
| 265|0x0000000090900000, 0x0000000090900000, 0x0000000090a00000|  0%| F|  |TAMS 0x0000000090900000, 0x0000000090900000| Untracked 
| 266|0x0000000090a00000, 0x0000000090a00000, 0x0000000090b00000|  0%| F|  |TAMS 0x0000000090a00000, 0x0000000090a00000| Untracked 
| 267|0x0000000090b00000, 0x0000000090b00000, 0x0000000090c00000|  0%| F|  |TAMS 0x0000000090b00000, 0x0000000090b00000| Untracked 
| 268|0x0000000090c00000, 0x0000000090c00000, 0x0000000090d00000|  0%| F|  |TAMS 0x0000000090c00000, 0x0000000090c00000| Untracked 
| 269|0x0000000090d00000, 0x0000000090d00000, 0x0000000090e00000|  0%| F|  |TAMS 0x0000000090d00000, 0x0000000090d00000| Untracked 
| 270|0x0000000090e00000, 0x0000000090e00000, 0x0000000090f00000|  0%| F|  |TAMS 0x0000000090e00000, 0x0000000090e00000| Untracked 
| 271|0x0000000090f00000, 0x0000000090f00000, 0x0000000091000000|  0%| F|  |TAMS 0x0000000090f00000, 0x0000000090f00000| Untracked 
| 272|0x0000000091000000, 0x0000000091100000, 0x0000000091100000|100%| S|CS|TAMS 0x0000000091000000, 0x0000000091000000| Complete 
| 273|0x0000000091100000, 0x0000000091200000, 0x0000000091200000|100%| S|CS|TAMS 0x0000000091100000, 0x0000000091100000| Complete 
| 274|0x0000000091200000, 0x0000000091300000, 0x0000000091300000|100%| S|CS|TAMS 0x0000000091200000, 0x0000000091200000| Complete 
| 275|0x0000000091300000, 0x0000000091400000, 0x0000000091400000|100%| S|CS|TAMS 0x0000000091300000, 0x0000000091300000| Complete 
| 276|0x0000000091400000, 0x0000000091500000, 0x0000000091500000|100%| S|CS|TAMS 0x0000000091400000, 0x0000000091400000| Complete 
| 277|0x0000000091500000, 0x0000000091600000, 0x0000000091600000|100%| S|CS|TAMS 0x0000000091500000, 0x0000000091500000| Complete 
| 278|0x0000000091600000, 0x0000000091700000, 0x0000000091700000|100%| S|CS|TAMS 0x0000000091600000, 0x0000000091600000| Complete 
| 279|0x0000000091700000, 0x0000000091800000, 0x0000000091800000|100%| S|CS|TAMS 0x0000000091700000, 0x0000000091700000| Complete 
| 280|0x0000000091800000, 0x0000000091900000, 0x0000000091900000|100%| S|CS|TAMS 0x0000000091800000, 0x0000000091800000| Complete 
| 281|0x0000000091900000, 0x0000000091a00000, 0x0000000091a00000|100%| S|CS|TAMS 0x0000000091900000, 0x0000000091900000| Complete 
| 282|0x0000000091a00000, 0x0000000091b00000, 0x0000000091b00000|100%| S|CS|TAMS 0x0000000091a00000, 0x0000000091a00000| Complete 
| 283|0x0000000091b00000, 0x0000000091c00000, 0x0000000091c00000|100%| S|CS|TAMS 0x0000000091b00000, 0x0000000091b00000| Complete 
| 284|0x0000000091c00000, 0x0000000091c00000, 0x0000000091d00000|  0%| F|  |TAMS 0x0000000091c00000, 0x0000000091c00000| Untracked 
| 285|0x0000000091d00000, 0x0000000091d00000, 0x0000000091e00000|  0%| F|  |TAMS 0x0000000091d00000, 0x0000000091d00000| Untracked 
| 286|0x0000000091e00000, 0x0000000091e00000, 0x0000000091f00000|  0%| F|  |TAMS 0x0000000091e00000, 0x0000000091e00000| Untracked 
| 287|0x0000000091f00000, 0x0000000091f00000, 0x0000000092000000|  0%| F|  |TAMS 0x0000000091f00000, 0x0000000091f00000| Untracked 
| 288|0x0000000092000000, 0x0000000092000000, 0x0000000092100000|  0%| F|  |TAMS 0x0000000092000000, 0x0000000092000000| Untracked 
| 289|0x0000000092100000, 0x0000000092100000, 0x0000000092200000|  0%| F|  |TAMS 0x0000000092100000, 0x0000000092100000| Untracked 
| 290|0x0000000092200000, 0x0000000092200000, 0x0000000092300000|  0%| F|  |TAMS 0x0000000092200000, 0x0000000092200000| Untracked 
| 291|0x0000000092300000, 0x0000000092300000, 0x0000000092400000|  0%| F|  |TAMS 0x0000000092300000, 0x0000000092300000| Untracked 
| 292|0x0000000092400000, 0x0000000092400000, 0x0000000092500000|  0%| F|  |TAMS 0x0000000092400000, 0x0000000092400000| Untracked 
| 293|0x0000000092500000, 0x0000000092500000, 0x0000000092600000|  0%| F|  |TAMS 0x0000000092500000, 0x0000000092500000| Untracked 
| 294|0x0000000092600000, 0x0000000092600000, 0x0000000092700000|  0%| F|  |TAMS 0x0000000092600000, 0x0000000092600000| Untracked 
| 295|0x0000000092700000, 0x0000000092700000, 0x0000000092800000|  0%| F|  |TAMS 0x0000000092700000, 0x0000000092700000| Untracked 
| 296|0x0000000092800000, 0x0000000092800000, 0x0000000092900000|  0%| F|  |TAMS 0x0000000092800000, 0x0000000092800000| Untracked 
| 297|0x0000000092900000, 0x0000000092900000, 0x0000000092a00000|  0%| F|  |TAMS 0x0000000092900000, 0x0000000092900000| Untracked 
| 298|0x0000000092a00000, 0x0000000092a00000, 0x0000000092b00000|  0%| F|  |TAMS 0x0000000092a00000, 0x0000000092a00000| Untracked 
| 299|0x0000000092b00000, 0x0000000092b00000, 0x0000000092c00000|  0%| F|  |TAMS 0x0000000092b00000, 0x0000000092b00000| Untracked 
| 300|0x0000000092c00000, 0x0000000092c00000, 0x0000000092d00000|  0%| F|  |TAMS 0x0000000092c00000, 0x0000000092c00000| Untracked 
| 301|0x0000000092d00000, 0x0000000092d00000, 0x0000000092e00000|  0%| F|  |TAMS 0x0000000092d00000, 0x0000000092d00000| Untracked 
| 302|0x0000000092e00000, 0x0000000092e00000, 0x0000000092f00000|  0%| F|  |TAMS 0x0000000092e00000, 0x0000000092e00000| Untracked 
| 303|0x0000000092f00000, 0x0000000093000000, 0x0000000093000000|100%| E|  |TAMS 0x0000000092f00000, 0x0000000092f00000| Complete 
| 304|0x0000000093000000, 0x0000000093100000, 0x0000000093100000|100%| E|CS|TAMS 0x0000000093000000, 0x0000000093000000| Complete 
| 305|0x0000000093100000, 0x0000000093200000, 0x0000000093200000|100%| E|CS|TAMS 0x0000000093100000, 0x0000000093100000| Complete 
| 306|0x0000000093200000, 0x0000000093300000, 0x0000000093300000|100%| E|CS|TAMS 0x0000000093200000, 0x0000000093200000| Complete 
| 307|0x0000000093300000, 0x0000000093400000, 0x0000000093400000|100%| E|CS|TAMS 0x0000000093300000, 0x0000000093300000| Complete 
| 308|0x0000000093400000, 0x0000000093500000, 0x0000000093500000|100%| E|CS|TAMS 0x0000000093400000, 0x0000000093400000| Complete 
| 309|0x0000000093500000, 0x0000000093600000, 0x0000000093600000|100%| E|CS|TAMS 0x0000000093500000, 0x0000000093500000| Complete 
| 310|0x0000000093600000, 0x0000000093700000, 0x0000000093700000|100%| E|CS|TAMS 0x0000000093600000, 0x0000000093600000| Complete 
| 311|0x0000000093700000, 0x0000000093800000, 0x0000000093800000|100%| E|CS|TAMS 0x0000000093700000, 0x0000000093700000| Complete 
| 312|0x0000000093800000, 0x0000000093900000, 0x0000000093900000|100%| E|CS|TAMS 0x0000000093800000, 0x0000000093800000| Complete 
| 313|0x0000000093900000, 0x0000000093a00000, 0x0000000093a00000|100%| E|CS|TAMS 0x0000000093900000, 0x0000000093900000| Complete 
| 314|0x0000000093a00000, 0x0000000093b00000, 0x0000000093b00000|100%| E|CS|TAMS 0x0000000093a00000, 0x0000000093a00000| Complete 
| 315|0x0000000093b00000, 0x0000000093c00000, 0x0000000093c00000|100%| E|CS|TAMS 0x0000000093b00000, 0x0000000093b00000| Complete 
| 316|0x0000000093c00000, 0x0000000093d00000, 0x0000000093d00000|100%| E|CS|TAMS 0x0000000093c00000, 0x0000000093c00000| Complete 
| 317|0x0000000093d00000, 0x0000000093e00000, 0x0000000093e00000|100%| E|  |TAMS 0x0000000093d00000, 0x0000000093d00000| Complete 
| 318|0x0000000093e00000, 0x0000000093f00000, 0x0000000093f00000|100%| E|CS|TAMS 0x0000000093e00000, 0x0000000093e00000| Complete 
| 319|0x0000000093f00000, 0x0000000094000000, 0x0000000094000000|100%| E|CS|TAMS 0x0000000093f00000, 0x0000000093f00000| Complete 
| 320|0x0000000094000000, 0x0000000094100000, 0x0000000094100000|100%| E|CS|TAMS 0x0000000094000000, 0x0000000094000000| Complete 
| 321|0x0000000094100000, 0x0000000094200000, 0x0000000094200000|100%| E|CS|TAMS 0x0000000094100000, 0x0000000094100000| Complete 
| 322|0x0000000094200000, 0x0000000094300000, 0x0000000094300000|100%| E|CS|TAMS 0x0000000094200000, 0x0000000094200000| Complete 
| 323|0x0000000094300000, 0x0000000094400000, 0x0000000094400000|100%| E|CS|TAMS 0x0000000094300000, 0x0000000094300000| Complete 
| 324|0x0000000094400000, 0x0000000094500000, 0x0000000094500000|100%| E|CS|TAMS 0x0000000094400000, 0x0000000094400000| Complete 
| 325|0x0000000094500000, 0x0000000094600000, 0x0000000094600000|100%| E|CS|TAMS 0x0000000094500000, 0x0000000094500000| Complete 
| 326|0x0000000094600000, 0x0000000094700000, 0x0000000094700000|100%| E|CS|TAMS 0x0000000094600000, 0x0000000094600000| Complete 
| 327|0x0000000094700000, 0x0000000094800000, 0x0000000094800000|100%| E|CS|TAMS 0x0000000094700000, 0x0000000094700000| Complete 
| 328|0x0000000094800000, 0x0000000094900000, 0x0000000094900000|100%| E|CS|TAMS 0x0000000094800000, 0x0000000094800000| Complete 
| 329|0x0000000094900000, 0x0000000094a00000, 0x0000000094a00000|100%| E|CS|TAMS 0x0000000094900000, 0x0000000094900000| Complete 
| 330|0x0000000094a00000, 0x0000000094b00000, 0x0000000094b00000|100%| E|CS|TAMS 0x0000000094a00000, 0x0000000094a00000| Complete 
| 331|0x0000000094b00000, 0x0000000094c00000, 0x0000000094c00000|100%| E|CS|TAMS 0x0000000094b00000, 0x0000000094b00000| Complete 
| 332|0x0000000094c00000, 0x0000000094d00000, 0x0000000094d00000|100%| E|CS|TAMS 0x0000000094c00000, 0x0000000094c00000| Complete 
| 333|0x0000000094d00000, 0x0000000094e00000, 0x0000000094e00000|100%| E|CS|TAMS 0x0000000094d00000, 0x0000000094d00000| Complete 
| 334|0x0000000094e00000, 0x0000000094f00000, 0x0000000094f00000|100%| E|CS|TAMS 0x0000000094e00000, 0x0000000094e00000| Complete 
| 335|0x0000000094f00000, 0x0000000095000000, 0x0000000095000000|100%| E|CS|TAMS 0x0000000094f00000, 0x0000000094f00000| Complete 
| 336|0x0000000095000000, 0x0000000095100000, 0x0000000095100000|100%| E|CS|TAMS 0x0000000095000000, 0x0000000095000000| Complete 
| 337|0x0000000095100000, 0x0000000095200000, 0x0000000095200000|100%| E|CS|TAMS 0x0000000095100000, 0x0000000095100000| Complete 
| 338|0x0000000095200000, 0x0000000095300000, 0x0000000095300000|100%| E|CS|TAMS 0x0000000095200000, 0x0000000095200000| Complete 
| 339|0x0000000095300000, 0x0000000095400000, 0x0000000095400000|100%| E|CS|TAMS 0x0000000095300000, 0x0000000095300000| Complete 
| 340|0x0000000095400000, 0x0000000095500000, 0x0000000095500000|100%| E|CS|TAMS 0x0000000095400000, 0x0000000095400000| Complete 
| 341|0x0000000095500000, 0x0000000095600000, 0x0000000095600000|100%| E|CS|TAMS 0x0000000095500000, 0x0000000095500000| Complete 
| 342|0x0000000095600000, 0x0000000095700000, 0x0000000095700000|100%| E|CS|TAMS 0x0000000095600000, 0x0000000095600000| Complete 
| 343|0x0000000095700000, 0x0000000095800000, 0x0000000095800000|100%| E|CS|TAMS 0x0000000095700000, 0x0000000095700000| Complete 
| 344|0x0000000095800000, 0x0000000095900000, 0x0000000095900000|100%| E|CS|TAMS 0x0000000095800000, 0x0000000095800000| Complete 
| 345|0x0000000095900000, 0x0000000095a00000, 0x0000000095a00000|100%| E|CS|TAMS 0x0000000095900000, 0x0000000095900000| Complete 
| 346|0x0000000095a00000, 0x0000000095b00000, 0x0000000095b00000|100%| E|CS|TAMS 0x0000000095a00000, 0x0000000095a00000| Complete 
| 347|0x0000000095b00000, 0x0000000095c00000, 0x0000000095c00000|100%| E|CS|TAMS 0x0000000095b00000, 0x0000000095b00000| Complete 
| 348|0x0000000095c00000, 0x0000000095d00000, 0x0000000095d00000|100%| E|CS|TAMS 0x0000000095c00000, 0x0000000095c00000| Complete 
| 349|0x0000000095d00000, 0x0000000095e00000, 0x0000000095e00000|100%| E|CS|TAMS 0x0000000095d00000, 0x0000000095d00000| Complete 
| 350|0x0000000095e00000, 0x0000000095f00000, 0x0000000095f00000|100%| E|CS|TAMS 0x0000000095e00000, 0x0000000095e00000| Complete 
| 351|0x0000000095f00000, 0x0000000096000000, 0x0000000096000000|100%| E|CS|TAMS 0x0000000095f00000, 0x0000000095f00000| Complete 
| 352|0x0000000096000000, 0x0000000096100000, 0x0000000096100000|100%| E|CS|TAMS 0x0000000096000000, 0x0000000096000000| Complete 
| 353|0x0000000096100000, 0x0000000096200000, 0x0000000096200000|100%| E|CS|TAMS 0x0000000096100000, 0x0000000096100000| Complete 
| 354|0x0000000096200000, 0x0000000096300000, 0x0000000096300000|100%| E|CS|TAMS 0x0000000096200000, 0x0000000096200000| Complete 
| 355|0x0000000096300000, 0x0000000096400000, 0x0000000096400000|100%| E|CS|TAMS 0x0000000096300000, 0x0000000096300000| Complete 
| 356|0x0000000096400000, 0x0000000096500000, 0x0000000096500000|100%| E|CS|TAMS 0x0000000096400000, 0x0000000096400000| Complete 
| 357|0x0000000096500000, 0x0000000096600000, 0x0000000096600000|100%| E|CS|TAMS 0x0000000096500000, 0x0000000096500000| Complete 
| 358|0x0000000096600000, 0x0000000096700000, 0x0000000096700000|100%| E|CS|TAMS 0x0000000096600000, 0x0000000096600000| Complete 
| 359|0x0000000096700000, 0x0000000096800000, 0x0000000096800000|100%| E|CS|TAMS 0x0000000096700000, 0x0000000096700000| Complete 
| 360|0x0000000096800000, 0x0000000096900000, 0x0000000096900000|100%| E|CS|TAMS 0x0000000096800000, 0x0000000096800000| Complete 
| 361|0x0000000096900000, 0x0000000096a00000, 0x0000000096a00000|100%| E|CS|TAMS 0x0000000096900000, 0x0000000096900000| Complete 
| 362|0x0000000096a00000, 0x0000000096b00000, 0x0000000096b00000|100%| E|CS|TAMS 0x0000000096a00000, 0x0000000096a00000| Complete 
| 363|0x0000000096b00000, 0x0000000096c00000, 0x0000000096c00000|100%| E|CS|TAMS 0x0000000096b00000, 0x0000000096b00000| Complete 
| 364|0x0000000096c00000, 0x0000000096d00000, 0x0000000096d00000|100%| E|CS|TAMS 0x0000000096c00000, 0x0000000096c00000| Complete 
| 365|0x0000000096d00000, 0x0000000096e00000, 0x0000000096e00000|100%| E|CS|TAMS 0x0000000096d00000, 0x0000000096d00000| Complete 
| 366|0x0000000096e00000, 0x0000000096f00000, 0x0000000096f00000|100%| E|CS|TAMS 0x0000000096e00000, 0x0000000096e00000| Complete 
| 367|0x0000000096f00000, 0x0000000097000000, 0x0000000097000000|100%| E|CS|TAMS 0x0000000096f00000, 0x0000000096f00000| Complete 
| 368|0x0000000097000000, 0x0000000097100000, 0x0000000097100000|100%| E|CS|TAMS 0x0000000097000000, 0x0000000097000000| Complete 
| 369|0x0000000097100000, 0x0000000097200000, 0x0000000097200000|100%| E|CS|TAMS 0x0000000097100000, 0x0000000097100000| Complete 
| 370|0x0000000097200000, 0x0000000097300000, 0x0000000097300000|100%| E|CS|TAMS 0x0000000097200000, 0x0000000097200000| Complete 
| 371|0x0000000097300000, 0x0000000097400000, 0x0000000097400000|100%| E|CS|TAMS 0x0000000097300000, 0x0000000097300000| Complete 
| 372|0x0000000097400000, 0x0000000097500000, 0x0000000097500000|100%| E|CS|TAMS 0x0000000097400000, 0x0000000097400000| Complete 
| 373|0x0000000097500000, 0x0000000097600000, 0x0000000097600000|100%| E|CS|TAMS 0x0000000097500000, 0x0000000097500000| Complete 
| 374|0x0000000097600000, 0x0000000097700000, 0x0000000097700000|100%| E|CS|TAMS 0x0000000097600000, 0x0000000097600000| Complete 
| 375|0x0000000097700000, 0x0000000097800000, 0x0000000097800000|100%| E|CS|TAMS 0x0000000097700000, 0x0000000097700000| Complete 

Card table byte_map: [0x0000022520850000,0x0000022520c50000] _byte_map_base: 0x0000022520450000

Marking Bits (Prev, Next): (CMBitMap*) 0x0000022507b875e0, (CMBitMap*) 0x0000022507b87620
 Prev Bits: [0x0000022521050000, 0x0000022523050000)
 Next Bits: [0x0000022523050000, 0x0000022525050000)

Polling page: 0x0000022507be0000

Metaspace:

Usage:
  Non-class:     86.06 MB used.
      Class:     13.73 MB used.
       Both:     99.79 MB used.

Virtual space:
  Non-class space:      128.00 MB reserved,      86.69 MB ( 68%) committed,  2 nodes.
      Class space:      416.00 MB reserved,      14.25 MB (  3%) committed,  1 nodes.
             Both:      544.00 MB reserved,     100.94 MB ( 19%) committed. 

Chunk freelists:
   Non-Class:  8.72 MB
       Class:  1.79 MB
        Both:  10.51 MB

MaxMetaspaceSize: 512.00 MB
CompressedClassSpaceSize: 416.00 MB
Initial GC threshold: 21.00 MB
Current GC threshold: 153.56 MB
CDS: on
MetaspaceReclaimPolicy: balanced
 - commit_granule_bytes: 65536.
 - commit_granule_words: 8192.
 - virtual_space_node_default_size: 8388608.
 - enlarge_chunks_in_place: 1.
 - new_chunks_are_fully_committed: 0.
 - uncommit_free_chunks: 1.
 - use_allocation_guard: 0.
 - handle_deallocations: 1.


Internal statistics:

num_allocs_failed_limit: 6.
num_arena_births: 1428.
num_arena_deaths: 0.
num_vsnodes_births: 3.
num_vsnodes_deaths: 0.
num_space_committed: 1615.
num_space_uncommitted: 0.
num_chunks_returned_to_freelist: 6.
num_chunks_taken_from_freelist: 5846.
num_chunk_merges: 6.
num_chunk_splits: 3743.
num_chunks_enlarged: 2308.
num_inconsistent_stats: 0.

CodeHeap 'non-profiled nmethods': size=120000Kb used=8489Kb max_used=8489Kb free=111510Kb
 bounds [0x0000022518900000, 0x0000022519150000, 0x000002251fe30000]
CodeHeap 'profiled nmethods': size=120000Kb used=26520Kb max_used=26520Kb free=93479Kb
 bounds [0x0000022510e30000, 0x0000022512820000, 0x0000022518360000]
CodeHeap 'non-nmethods': size=5760Kb used=2439Kb max_used=2516Kb free=3320Kb
 bounds [0x0000022518360000, 0x00000225185f0000, 0x0000022518900000]
 total_blobs=14661 nmethods=13683 adapters=890
 compilation: enabled
              stopped_count=0, restarted_count=0
 full_count=0

Compilation events (20 events):
Event: 56.767 Thread 0x000002252767b850 nmethod 15941 0x0000022519130a90 code [0x0000022519130c20, 0x0000022519130ce8]
Event: 56.775 Thread 0x000002252767b850 15943       4       org.gradle.internal.snapshot.DirectorySnapshot$$Lambda$433/0x000002252942a428::apply (8 bytes)
Event: 56.778 Thread 0x000002252767b850 nmethod 15943 0x0000022519130e10 code [0x0000022519130fa0, 0x0000022519131278]
Event: 56.778 Thread 0x000002252767b850 15944       4       sun.nio.fs.WindowsPath::getFileName (87 bytes)
Event: 56.804 Thread 0x000002252767b850 nmethod 15944 0x0000022519131390 code [0x0000022519131560, 0x0000022519132148]
Event: 56.804 Thread 0x000002252767b850 15945   !   4       java.nio.file.FileTreeWalker::next (144 bytes)
Event: 56.961 Thread 0x000002254c4b69d0 nmethod 15942 0x0000022519132690 code [0x0000022519132b20, 0x0000022519136988]
Event: 56.961 Thread 0x000002254c4b69d0 15952       4       java.util.ArrayDeque::addFirst (51 bytes)
Event: 56.979 Thread 0x000002254c4b69d0 nmethod 15952 0x0000022519139c10 code [0x0000022519139da0, 0x000002251913a738]
Event: 56.980 Thread 0x000002254c4b69d0 15951       4       org.gradle.internal.hash.HashCode::fromBytes (65 bytes)
Event: 56.986 Thread 0x000002254c4b69d0 nmethod 15951 0x000002251913ab10 code [0x000002251913aca0, 0x000002251913b138]
Event: 56.986 Thread 0x000002254c4b69d0 15949       4       java.lang.String::encode (48 bytes)
Event: 56.990 Thread 0x000002254c4b69d0 nmethod 15949 0x000002251913b310 code [0x000002251913b4c0, 0x000002251913b7b0]
Event: 56.990 Thread 0x000002254c4b69d0 15950       4       java.lang.String::encodeUTF8 (141 bytes)
Event: 56.992 Thread 0x000002254c4b69d0 nmethod 15950 0x000002251913b990 code [0x000002251913bb20, 0x000002251913bd68]
Event: 56.992 Thread 0x000002254c4b69d0 15946       4       com.google.common.cache.LocalCache$Segment::newEntry (18 bytes)
Event: 57.000 Thread 0x000002254c4b69d0 nmethod 15946 0x000002251913bf10 code [0x000002251913c0c0, 0x000002251913c6d8]
Event: 57.000 Thread 0x000002254c4b69d0 15947       4       org.gradle.cache.internal.DefaultFileLockManager$DefaultFileLock::assertOpenAndIntegral (41 bytes)
Event: 57.002 Thread 0x000002254c4b69d0 nmethod 15947 0x000002251913c890 code [0x000002251913ca20, 0x000002251913cb38]
Event: 57.002 Thread 0x000002254c4b69d0 15948   !   4       org.gradle.cache.internal.DefaultMultiProcessSafePersistentIndexedCache::getIfPresent (25 bytes)

GC Heap History (20 events):
Event: 39.406 GC heap before
{Heap before GC invocations=27 (full 0):
 garbage-first heap   total 194560K, used 153539K [0x0000000080000000, 0x0000000100000000)
  region size 1024K, 87 young (89088K), 10 survivors (10240K)
 Metaspace       used 78313K, committed 79040K, reserved 557056K
  class space    used 10704K, committed 11072K, reserved 425984K
}
Event: 39.422 GC heap after
{Heap after GC invocations=28 (full 0):
 garbage-first heap   total 194560K, used 82508K [0x0000000080000000, 0x0000000100000000)
  region size 1024K, 8 young (8192K), 8 survivors (8192K)
 Metaspace       used 78313K, committed 79040K, reserved 557056K
  class space    used 10704K, committed 11072K, reserved 425984K
}
Event: 41.458 GC heap before
{Heap before GC invocations=28 (full 0):
 garbage-first heap   total 194560K, used 155212K [0x0000000080000000, 0x0000000100000000)
  region size 1024K, 79 young (80896K), 8 survivors (8192K)
 Metaspace       used 85660K, committed 86464K, reserved 557056K
  class space    used 11905K, committed 12288K, reserved 425984K
}
Event: 41.474 GC heap after
{Heap after GC invocations=29 (full 0):
 garbage-first heap   total 194560K, used 87976K [0x0000000080000000, 0x0000000100000000)
  region size 1024K, 6 young (6144K), 6 survivors (6144K)
 Metaspace       used 85660K, committed 86464K, reserved 557056K
  class space    used 11905K, committed 12288K, reserved 425984K
}
Event: 42.793 GC heap before
{Heap before GC invocations=29 (full 0):
 garbage-first heap   total 194560K, used 161704K [0x0000000080000000, 0x0000000100000000)
  region size 1024K, 73 young (74752K), 6 survivors (6144K)
 Metaspace       used 87918K, committed 88768K, reserved 557056K
  class space    used 12237K, committed 12608K, reserved 425984K
}
Event: 42.812 GC heap after
{Heap after GC invocations=30 (full 0):
 garbage-first heap   total 194560K, used 103026K [0x0000000080000000, 0x0000000100000000)
  region size 1024K, 10 young (10240K), 10 survivors (10240K)
 Metaspace       used 87918K, committed 88768K, reserved 557056K
  class space    used 12237K, committed 12608K, reserved 425984K
}
Event: 44.466 GC heap before
{Heap before GC invocations=30 (full 0):
 garbage-first heap   total 194560K, used 161394K [0x0000000080000000, 0x0000000100000000)
  region size 1024K, 63 young (64512K), 10 survivors (10240K)
 Metaspace       used 90569K, committed 91520K, reserved 557056K
  class space    used 12529K, committed 12992K, reserved 425984K
}
Event: 44.496 GC heap after
{Heap after GC invocations=31 (full 0):
 garbage-first heap   total 194560K, used 119674K [0x0000000080000000, 0x0000000100000000)
  region size 1024K, 8 young (8192K), 8 survivors (8192K)
 Metaspace       used 90569K, committed 91520K, reserved 557056K
  class space    used 12529K, committed 12992K, reserved 425984K
}
Event: 45.673 GC heap before
{Heap before GC invocations=31 (full 0):
 garbage-first heap   total 194560K, used 167802K [0x0000000080000000, 0x0000000100000000)
  region size 1024K, 47 young (48128K), 8 survivors (8192K)
 Metaspace       used 92985K, committed 93952K, reserved 557056K
  class space    used 12858K, committed 13312K, reserved 425984K
}
Event: 45.694 GC heap after
{Heap after GC invocations=32 (full 0):
 garbage-first heap   total 194560K, used 138752K [0x0000000080000000, 0x0000000100000000)
  region size 1024K, 6 young (6144K), 6 survivors (6144K)
 Metaspace       used 92985K, committed 93952K, reserved 557056K
  class space    used 12858K, committed 13312K, reserved 425984K
}
Event: 46.388 GC heap before
{Heap before GC invocations=32 (full 0):
 garbage-first heap   total 194560K, used 162304K [0x0000000080000000, 0x0000000100000000)
  region size 1024K, 30 young (30720K), 6 survivors (6144K)
 Metaspace       used 93261K, committed 94272K, reserved 557056K
  class space    used 12885K, committed 13376K, reserved 425984K
}
Event: 46.402 GC heap after
{Heap after GC invocations=33 (full 0):
 garbage-first heap   total 385024K, used 143872K [0x0000000080000000, 0x0000000100000000)
  region size 1024K, 4 young (4096K), 4 survivors (4096K)
 Metaspace       used 93261K, committed 94272K, reserved 557056K
  class space    used 12885K, committed 13376K, reserved 425984K
}
Event: 50.737 GC heap before
{Heap before GC invocations=34 (full 0):
 garbage-first heap   total 385024K, used 283136K [0x0000000080000000, 0x0000000100000000)
  region size 1024K, 131 young (134144K), 4 survivors (4096K)
 Metaspace       used 97193K, committed 98304K, reserved 557056K
  class space    used 13469K, committed 13952K, reserved 425984K
}
Event: 50.788 GC heap after
{Heap after GC invocations=35 (full 0):
 garbage-first heap   total 385024K, used 180553K [0x0000000080000000, 0x0000000100000000)
  region size 1024K, 17 young (17408K), 17 survivors (17408K)
 Metaspace       used 97193K, committed 98304K, reserved 557056K
  class space    used 13469K, committed 13952K, reserved 425984K
}
Event: 50.819 GC heap before
{Heap before GC invocations=35 (full 0):
 garbage-first heap   total 385024K, used 181577K [0x0000000080000000, 0x0000000100000000)
  region size 1024K, 18 young (18432K), 17 survivors (17408K)
 Metaspace       used 97247K, committed 98304K, reserved 557056K
  class space    used 13477K, committed 13952K, reserved 425984K
}
Event: 50.846 GC heap after
{Heap after GC invocations=36 (full 0):
 garbage-first heap   total 385024K, used 181695K [0x0000000080000000, 0x0000000100000000)
  region size 1024K, 2 young (2048K), 2 survivors (2048K)
 Metaspace       used 97247K, committed 98304K, reserved 557056K
  class space    used 13477K, committed 13952K, reserved 425984K
}
Event: 53.048 GC heap before
{Heap before GC invocations=36 (full 0):
 garbage-first heap   total 385024K, used 286143K [0x0000000080000000, 0x0000000100000000)
  region size 1024K, 104 young (106496K), 2 survivors (2048K)
 Metaspace       used 100719K, committed 101824K, reserved 557056K
  class space    used 13883K, committed 14400K, reserved 425984K
}
Event: 53.091 GC heap after
{Heap after GC invocations=37 (full 0):
 garbage-first heap   total 385024K, used 199680K [0x0000000080000000, 0x0000000100000000)
  region size 1024K, 13 young (13312K), 13 survivors (13312K)
 Metaspace       used 100719K, committed 101824K, reserved 557056K
  class space    used 13883K, committed 14400K, reserved 425984K
}
Event: 55.180 GC heap before
{Heap before GC invocations=37 (full 0):
 garbage-first heap   total 385024K, used 292864K [0x0000000080000000, 0x0000000100000000)
  region size 1024K, 105 young (107520K), 13 survivors (13312K)
 Metaspace       used 101849K, committed 102976K, reserved 557056K
  class space    used 14004K, committed 14528K, reserved 425984K
}
Event: 55.223 GC heap after
{Heap after GC invocations=38 (full 0):
 garbage-first heap   total 385024K, used 212826K [0x0000000080000000, 0x0000000100000000)
  region size 1024K, 13 young (13312K), 13 survivors (13312K)
 Metaspace       used 101849K, committed 102976K, reserved 557056K
  class space    used 14004K, committed 14528K, reserved 425984K
}

Dll operation events (12 events):
Event: 0.009 Loaded shared library C:\Program Files\Microsoft\jdk-17.0.8.7-hotspot\bin\java.dll
Event: 0.027 Loaded shared library C:\Program Files\Microsoft\jdk-17.0.8.7-hotspot\bin\jsvml.dll
Event: 0.068 Loaded shared library C:\Program Files\Microsoft\jdk-17.0.8.7-hotspot\bin\net.dll
Event: 0.069 Loaded shared library C:\Program Files\Microsoft\jdk-17.0.8.7-hotspot\bin\nio.dll
Event: 0.075 Loaded shared library C:\Program Files\Microsoft\jdk-17.0.8.7-hotspot\bin\zip.dll
Event: 0.363 Loaded shared library C:\Program Files\Microsoft\jdk-17.0.8.7-hotspot\bin\jimage.dll
Event: 0.457 Loaded shared library C:\Program Files\Microsoft\jdk-17.0.8.7-hotspot\bin\verify.dll
Event: 0.707 Loaded shared library C:\Users\Laiba\.gradle\native\68d5fa5c4cc2d200863cafc0d521ce42e7d3e7ee720ec0a83991735586a16f82\windows-amd64\native-platform.dll
Event: 0.726 Loaded shared library C:\Users\Laiba\.gradle\native\e376f236ea51e6404a007f0833ffe2c6e607c4080706a723a18a27aeea778392\windows-amd64\native-platform-file-events.dll
Event: 2.115 Loaded shared library C:\Program Files\Microsoft\jdk-17.0.8.7-hotspot\bin\management.dll
Event: 2.119 Loaded shared library C:\Program Files\Microsoft\jdk-17.0.8.7-hotspot\bin\management_ext.dll
Event: 2.895 Loaded shared library C:\Program Files\Microsoft\jdk-17.0.8.7-hotspot\bin\sunmscapi.dll

Deoptimization events (20 events):
Event: 55.856 Thread 0x000002254936ab80 DEOPT PACKING pc=0x0000022518db9cc0 sp=0x000000418e2feca0
Event: 55.856 Thread 0x000002254936ab80 DEOPT UNPACKING pc=0x00000225183b69a3 sp=0x000000418e2fec28 mode 2
Event: 55.881 Thread 0x000002254936ab80 Uncommon trap: trap_request=0xffffffc6 fr.pc=0x0000022518db9cc0 relative=0x00000000000000a0
Event: 55.881 Thread 0x000002254936ab80 Uncommon trap: reason=bimorphic_or_optimized_type_check action=maybe_recompile pc=0x0000022518db9cc0 method=org.gradle.execution.plan.ActionNode.hasPendingPreExecutionNodes()Z @ 11 c2
Event: 55.881 Thread 0x000002254936ab80 DEOPT PACKING pc=0x0000022518db9cc0 sp=0x000000418e2feca0
Event: 55.881 Thread 0x000002254936ab80 DEOPT UNPACKING pc=0x00000225183b69a3 sp=0x000000418e2fec28 mode 2
Event: 55.898 Thread 0x000002254936ab80 Uncommon trap: trap_request=0xffffffc6 fr.pc=0x0000022518db9cc0 relative=0x00000000000000a0
Event: 55.898 Thread 0x000002254936ab80 Uncommon trap: reason=bimorphic_or_optimized_type_check action=maybe_recompile pc=0x0000022518db9cc0 method=org.gradle.execution.plan.ActionNode.hasPendingPreExecutionNodes()Z @ 11 c2
Event: 55.898 Thread 0x000002254936ab80 DEOPT PACKING pc=0x0000022518db9cc0 sp=0x000000418e2feca0
Event: 55.898 Thread 0x000002254936ab80 DEOPT UNPACKING pc=0x00000225183b69a3 sp=0x000000418e2fec28 mode 2
Event: 55.949 Thread 0x0000022549363200 DEOPT PACKING pc=0x0000022511862362 sp=0x000000418e1fe970
Event: 55.949 Thread 0x0000022549363200 DEOPT UNPACKING pc=0x00000225183b7143 sp=0x000000418e1fdec0 mode 0
Event: 56.028 Thread 0x0000022549718820 Uncommon trap: trap_request=0xffffffd6 fr.pc=0x0000022518fb612c relative=0x0000000000000d6c
Event: 56.028 Thread 0x0000022549718820 Uncommon trap: reason=array_check action=maybe_recompile pc=0x0000022518fb612c method=com.google.common.collect.RegularImmutableMap.fromEntryArrayCheckingBucketOverflow(I[Ljava/util/Map$Entry;Z)Lcom/google/common/collect/ImmutableMap; @ 216 c2
Event: 56.028 Thread 0x0000022549718820 DEOPT PACKING pc=0x0000022518fb612c sp=0x000000418f3fe1e0
Event: 56.028 Thread 0x0000022549718820 DEOPT UNPACKING pc=0x00000225183b69a3 sp=0x000000418f3fe0a8 mode 2
Event: 56.028 Thread 0x0000022549718820 Uncommon trap: trap_request=0xffffffd6 fr.pc=0x0000022518fb612c relative=0x0000000000000d6c
Event: 56.028 Thread 0x0000022549718820 Uncommon trap: reason=array_check action=maybe_recompile pc=0x0000022518fb612c method=com.google.common.collect.RegularImmutableMap.fromEntryArrayCheckingBucketOverflow(I[Ljava/util/Map$Entry;Z)Lcom/google/common/collect/ImmutableMap; @ 216 c2
Event: 56.028 Thread 0x0000022549718820 DEOPT PACKING pc=0x0000022518fb612c sp=0x000000418f3fdfd0
Event: 56.028 Thread 0x0000022549718820 DEOPT UNPACKING pc=0x00000225183b69a3 sp=0x000000418f3fde98 mode 2

Classes unloaded (0 events):
No events

Classes redefined (0 events):
No events

Internal exceptions (20 events):
Event: 50.213 Thread 0x0000022548ae1280 Exception <a 'sun/nio/fs/WindowsException'{0x0000000090839b88}> (0x0000000090839b88) 
thrown [s\src\hotspot\share\prims\jni.cpp, line 516]
Event: 50.457 Thread 0x0000022548ae1280 Exception <a 'java/lang/NullPointerException'{0x00000000901d3d80}> (0x00000000901d3d80) 
thrown [s\src\hotspot\share\interpreter\linkResolver.cpp, line 1433]
Event: 51.030 Thread 0x0000022548ae1280 Exception <a 'sun/nio/fs/WindowsException'{0x0000000097050fc0}> (0x0000000097050fc0) 
thrown [s\src\hotspot\share\prims\jni.cpp, line 516]
Event: 51.030 Thread 0x0000022548ae1280 Exception <a 'sun/nio/fs/WindowsException'{0x00000000970525e0}> (0x00000000970525e0) 
thrown [s\src\hotspot\share\prims\jni.cpp, line 516]
Event: 51.030 Thread 0x0000022548ae1280 Exception <a 'sun/nio/fs/WindowsException'{0x0000000097053c50}> (0x0000000097053c50) 
thrown [s\src\hotspot\share\prims\jni.cpp, line 516]
Event: 51.031 Thread 0x0000022548ae1280 Exception <a 'sun/nio/fs/WindowsException'{0x00000000970552c0}> (0x00000000970552c0) 
thrown [s\src\hotspot\share\prims\jni.cpp, line 516]
Event: 51.573 Thread 0x0000022548ae1280 Implicit null exception at 0x0000022518ff1611 to 0x0000022518ff9c64
Event: 52.225 Thread 0x0000022548ae1280 Exception <a 'java/lang/IncompatibleClassChangeError'{0x0000000093dfa518}: Found class java.lang.Object, but interface was expected> (0x0000000093dfa518) 
thrown [s\src\hotspot\share\interpreter\linkResolver.cpp, line 826]
Event: 54.455 Thread 0x0000022549368810 Exception <a 'java/lang/NoSuchMethodError'{0x0000000093ca8ae8}: 'void java.lang.invoke.DirectMethodHandle$Holder.invokeStatic(java.lang.Object, java.lang.Object, java.lang.Object, java.lang.Object, int, java.lang.Object, java.lang.Object)'> (0x0000000093ca8ae8) 
thrown [s\src\hotspot\share\interpreter\linkResolver.cpp, line 759]
Event: 54.488 Thread 0x000002254b570c90 Exception <a 'java/lang/NoSuchMethodError'{0x0000000093a924a0}: 'java.lang.Object java.lang.invoke.DirectMethodHandle$Holder.invokeSpecialIFC(java.lang.Object, java.lang.Object, java.lang.Object)'> (0x0000000093a924a0) 
thrown [s\src\hotspot\share\interpreter\linkResolver.cpp, line 759]
Event: 54.488 Thread 0x0000022549368810 Exception <a 'java/lang/NoSuchMethodError'{0x0000000093a50d38}: 'java.lang.Object java.lang.invoke.DirectMethodHandle$Holder.invokeSpecialIFC(java.lang.Object, java.lang.Object, java.lang.Object)'> (0x0000000093a50d38) 
thrown [s\src\hotspot\share\interpreter\linkResolver.cpp, line 759]
Event: 54.555 Thread 0x000002254b56ee30 Exception <a 'java/lang/NoSuchMethodError'{0x000000009376ec18}: 'void java.lang.invoke.DirectMethodHandle$Holder.invokeVirtual(java.lang.Object, java.lang.Object)'> (0x000000009376ec18) 
thrown [s\src\hotspot\share\interpreter\linkResolver.cpp, line 759]
Event: 54.556 Thread 0x000002254b570c90 Exception <a 'java/lang/NoSuchMethodError'{0x00000000937ab380}: 'void java.lang.invoke.DirectMethodHandle$Holder.invokeVirtual(java.lang.Object, java.lang.Object)'> (0x00000000937ab380) 
thrown [s\src\hotspot\share\interpreter\linkResolver.cpp, line 759]
Event: 55.639 Thread 0x0000022549363200 Exception <a 'java/lang/ClassNotFoundException'{0x00000000969bb1c0}: groovy/util/FileTreeBuilderBeanInfo> (0x00000000969bb1c0) 
thrown [s\src\hotspot\share\classfile\systemDictionary.cpp, line 256]
Event: 55.641 Thread 0x0000022549363200 Exception <a 'java/lang/ClassNotFoundException'{0x000000009681ed20}: groovy/util/FileTreeBuilderCustomizer> (0x000000009681ed20) 
thrown [s\src\hotspot\share\classfile\systemDictionary.cpp, line 256]
Event: 55.654 Thread 0x0000022549363200 Exception <a 'java/lang/ClassNotFoundException'{0x00000000968544d0}: java/io/BufferedWriterBeanInfo> (0x00000000968544d0) 
thrown [s\src\hotspot\share\classfile\systemDictionary.cpp, line 256]
Event: 55.654 Thread 0x0000022549363200 Exception <a 'java/lang/ClassNotFoundException'{0x0000000096859b58}: java/io/WriterBeanInfo> (0x0000000096859b58) 
thrown [s\src\hotspot\share\classfile\systemDictionary.cpp, line 256]
Event: 55.654 Thread 0x0000022549363200 Exception <a 'java/lang/ClassNotFoundException'{0x000000009685f258}: java/io/WriterCustomizer> (0x000000009685f258) 
thrown [s\src\hotspot\share\classfile\systemDictionary.cpp, line 256]
Event: 55.656 Thread 0x0000022549363200 Exception <a 'java/lang/ClassNotFoundException'{0x000000009686dce0}: java/io/BufferedWriterCustomizer> (0x000000009686dce0) 
thrown [s\src\hotspot\share\classfile\systemDictionary.cpp, line 256]
Event: 55.801 Thread 0x0000022549363200 Exception <a 'java/lang/NoSuchMethodError'{0x0000000096716048}: static Lcom/android/build/api/variant/BuildConfigField;.<clinit>()V> (0x0000000096716048) 
thrown [s\src\hotspot\share\prims\jni.cpp, line 1107]

VM Operations (20 events):
Event: 53.445 Executing VM operation: ICBufferFull
Event: 53.446 Executing VM operation: ICBufferFull done
Event: 54.030 Executing VM operation: HandshakeAllThreads
Event: 54.030 Executing VM operation: HandshakeAllThreads done
Event: 54.069 Executing VM operation: ICBufferFull
Event: 54.069 Executing VM operation: ICBufferFull done
Event: 54.378 Executing VM operation: ICBufferFull
Event: 54.379 Executing VM operation: ICBufferFull done
Event: 54.407 Executing VM operation: HandshakeAllThreads
Event: 54.407 Executing VM operation: HandshakeAllThreads done
Event: 54.464 Executing VM operation: HandshakeAllThreads
Event: 54.465 Executing VM operation: HandshakeAllThreads done
Event: 54.712 Executing VM operation: ICBufferFull
Event: 54.714 Executing VM operation: ICBufferFull done
Event: 55.180 Executing VM operation: G1CollectForAllocation
Event: 55.224 Executing VM operation: G1CollectForAllocation done
Event: 55.940 Executing VM operation: ICBufferFull
Event: 55.941 Executing VM operation: ICBufferFull done
Event: 56.942 Executing VM operation: Cleanup
Event: 56.942 Executing VM operation: Cleanup done

Events (20 events):
Event: 53.233 Thread 0x0000022527687b50 flushing nmethod 0x00000225126ac910
Event: 53.234 Thread 0x0000022527687b50 flushing nmethod 0x000002251272bb10
Event: 53.234 Thread 0x0000022527687b50 flushing nmethod 0x000002251272c890
Event: 55.563 Thread 0x0000022549718820 Thread added: 0x0000022549718820
Event: 55.653 loading class java/io/BufferedWriterBeanInfo
Event: 55.653 loading class java/io/BufferedWriterBeanInfo done
Event: 55.654 loading class java/io/BufferedWriterBeanInfo
Event: 55.654 loading class java/io/BufferedWriterBeanInfo done
Event: 55.654 loading class java/io/WriterBeanInfo
Event: 55.654 loading class java/io/WriterBeanInfo done
Event: 55.654 loading class java/io/WriterBeanInfo
Event: 55.654 loading class java/io/WriterBeanInfo done
Event: 55.654 loading class java/io/WriterCustomizer
Event: 55.654 loading class java/io/WriterCustomizer done
Event: 55.654 loading class java/io/WriterCustomizer
Event: 55.654 loading class java/io/WriterCustomizer done
Event: 55.655 loading class java/io/BufferedWriterCustomizer
Event: 55.655 loading class java/io/BufferedWriterCustomizer done
Event: 55.655 loading class java/io/BufferedWriterCustomizer
Event: 55.655 loading class java/io/BufferedWriterCustomizer done


Dynamic libraries:
0x00007ff7cd9b0000 - 0x00007ff7cd9be000 	C:\Program Files\Microsoft\jdk-17.0.8.7-hotspot\bin\java.exe
0x00007ff98fe30000 - 0x00007ff990028000 	C:\WINDOWS\SYSTEM32\ntdll.dll
0x00007ff98e500000 - 0x00007ff98e5bd000 	C:\WINDOWS\System32\KERNEL32.DLL
0x00007ff98da60000 - 0x00007ff98dd56000 	C:\WINDOWS\System32\KERNELBASE.dll
0x00007ff98d720000 - 0x00007ff98d820000 	C:\WINDOWS\System32\ucrtbase.dll
0x00007ff981c90000 - 0x00007ff981cab000 	C:\Program Files\Microsoft\jdk-17.0.8.7-hotspot\bin\VCRUNTIME140.dll
0x00007ff975600000 - 0x00007ff975617000 	C:\Program Files\Microsoft\jdk-17.0.8.7-hotspot\bin\jli.dll
0x00007ff98f180000 - 0x00007ff98f31e000 	C:\WINDOWS\System32\USER32.dll
0x00007ff98d820000 - 0x00007ff98d842000 	C:\WINDOWS\System32\win32u.dll
0x00007ff979a50000 - 0x00007ff979cea000 	C:\WINDOWS\WinSxS\amd64_microsoft.windows.common-controls_6595b64144ccf1df_6.0.19041.3636_none_60b6a03d71f818d5\COMCTL32.dll
0x00007ff98df40000 - 0x00007ff98df6c000 	C:\WINDOWS\System32\GDI32.dll
0x00007ff98e110000 - 0x00007ff98e1ae000 	C:\WINDOWS\System32\msvcrt.dll
0x00007ff98dd60000 - 0x00007ff98de7a000 	C:\WINDOWS\System32\gdi32full.dll
0x00007ff98d680000 - 0x00007ff98d71d000 	C:\WINDOWS\System32\msvcp_win.dll
0x00007ff98e860000 - 0x00007ff98e890000 	C:\WINDOWS\System32\IMM32.DLL
0x00007ff981c80000 - 0x00007ff981c8c000 	C:\Program Files\Microsoft\jdk-17.0.8.7-hotspot\bin\vcruntime140_1.dll
0x00007ff973f50000 - 0x00007ff973fdd000 	C:\Program Files\Microsoft\jdk-17.0.8.7-hotspot\bin\msvcp140.dll
0x00007ff9115e0000 - 0x00007ff912245000 	C:\Program Files\Microsoft\jdk-17.0.8.7-hotspot\bin\server\jvm.dll
0x00007ff98e1b0000 - 0x00007ff98e263000 	C:\WINDOWS\System32\ADVAPI32.dll
0x00007ff98f700000 - 0x00007ff98f79f000 	C:\WINDOWS\System32\sechost.dll
0x00007ff98f7a0000 - 0x00007ff98f8c6000 	C:\WINDOWS\System32\RPCRT4.dll
0x00007ff98d500000 - 0x00007ff98d527000 	C:\WINDOWS\System32\bcrypt.dll
0x00007ff98ca10000 - 0x00007ff98ca5b000 	C:\WINDOWS\SYSTEM32\POWRPROF.dll
0x00007ff97bd30000 - 0x00007ff97bd39000 	C:\WINDOWS\SYSTEM32\WSOCK32.dll
0x00007ff98f320000 - 0x00007ff98f38b000 	C:\WINDOWS\System32\WS2_32.dll
0x00007ff97c440000 - 0x00007ff97c467000 	C:\WINDOWS\SYSTEM32\WINMM.dll
0x00007ff97cda0000 - 0x00007ff97cdaa000 	C:\WINDOWS\SYSTEM32\VERSION.dll
0x00007ff98c8d0000 - 0x00007ff98c8e2000 	C:\WINDOWS\SYSTEM32\UMPDC.dll
0x00007ff98b370000 - 0x00007ff98b382000 	C:\WINDOWS\SYSTEM32\kernel.appcore.dll
0x00007ff978b00000 - 0x00007ff978b0a000 	C:\Program Files\Microsoft\jdk-17.0.8.7-hotspot\bin\jimage.dll
0x00007ff976740000 - 0x00007ff976924000 	C:\WINDOWS\SYSTEM32\DBGHELP.DLL
0x00007ff976700000 - 0x00007ff976734000 	C:\WINDOWS\SYSTEM32\dbgcore.DLL
0x00007ff98d5f0000 - 0x00007ff98d672000 	C:\WINDOWS\System32\bcryptPrimitives.dll
0x00007ff9755d0000 - 0x00007ff9755f5000 	C:\Program Files\Microsoft\jdk-17.0.8.7-hotspot\bin\java.dll
0x00007ff965c40000 - 0x00007ff965d17000 	C:\Program Files\Microsoft\jdk-17.0.8.7-hotspot\bin\jsvml.dll
0x00007ff98e8f0000 - 0x00007ff98f035000 	C:\WINDOWS\System32\SHELL32.dll
0x00007ff98b570000 - 0x00007ff98bd0b000 	C:\WINDOWS\SYSTEM32\windows.storage.dll
0x00007ff98f390000 - 0x00007ff98f6e4000 	C:\WINDOWS\System32\combase.dll
0x00007ff98ce50000 - 0x00007ff98ce7d000 	C:\WINDOWS\SYSTEM32\Wldp.dll
0x00007ff98f0d0000 - 0x00007ff98f17d000 	C:\WINDOWS\System32\SHCORE.dll
0x00007ff98e890000 - 0x00007ff98e8e5000 	C:\WINDOWS\System32\shlwapi.dll
0x00007ff98d430000 - 0x00007ff98d455000 	C:\WINDOWS\SYSTEM32\profapi.dll
0x00007ff9752b0000 - 0x00007ff9752c9000 	C:\Program Files\Microsoft\jdk-17.0.8.7-hotspot\bin\net.dll
0x00007ff9843f0000 - 0x00007ff9844fa000 	C:\WINDOWS\SYSTEM32\WINHTTP.dll
0x00007ff98cc30000 - 0x00007ff98cc9a000 	C:\WINDOWS\system32\mswsock.dll
0x00007ff975290000 - 0x00007ff9752a6000 	C:\Program Files\Microsoft\jdk-17.0.8.7-hotspot\bin\nio.dll
0x00007ff974a90000 - 0x00007ff974aa8000 	C:\Program Files\Microsoft\jdk-17.0.8.7-hotspot\bin\zip.dll
0x00007ff978610000 - 0x00007ff978620000 	C:\Program Files\Microsoft\jdk-17.0.8.7-hotspot\bin\verify.dll
0x00007ff974a60000 - 0x00007ff974a87000 	C:\Users\Laiba\.gradle\native\68d5fa5c4cc2d200863cafc0d521ce42e7d3e7ee720ec0a83991735586a16f82\windows-amd64\native-platform.dll
0x00007ff965af0000 - 0x00007ff965c34000 	C:\Users\Laiba\.gradle\native\e376f236ea51e6404a007f0833ffe2c6e607c4080706a723a18a27aeea778392\windows-amd64\native-platform-file-events.dll
0x00007ff976980000 - 0x00007ff976989000 	C:\Program Files\Microsoft\jdk-17.0.8.7-hotspot\bin\management.dll
0x00007ff976130000 - 0x00007ff97613b000 	C:\Program Files\Microsoft\jdk-17.0.8.7-hotspot\bin\management_ext.dll
0x00007ff98f6f0000 - 0x00007ff98f6f8000 	C:\WINDOWS\System32\PSAPI.DLL
0x00007ff98ce90000 - 0x00007ff98cea8000 	C:\WINDOWS\SYSTEM32\CRYPTSP.dll
0x00007ff98c510000 - 0x00007ff98c544000 	C:\WINDOWS\system32\rsaenh.dll
0x00007ff98d3f0000 - 0x00007ff98d41e000 	C:\WINDOWS\SYSTEM32\USERENV.dll
0x00007ff98cdc0000 - 0x00007ff98cdcc000 	C:\WINDOWS\SYSTEM32\CRYPTBASE.dll
0x00007ff98c8f0000 - 0x00007ff98c92b000 	C:\WINDOWS\SYSTEM32\IPHLPAPI.DLL
0x00007ff98e850000 - 0x00007ff98e858000 	C:\WINDOWS\System32\NSI.dll
0x00007ff986b20000 - 0x00007ff986b37000 	C:\WINDOWS\SYSTEM32\dhcpcsvc6.DLL
0x00007ff986390000 - 0x00007ff9863ad000 	C:\WINDOWS\SYSTEM32\dhcpcsvc.DLL
0x00007ff98c940000 - 0x00007ff98ca0a000 	C:\WINDOWS\SYSTEM32\DNSAPI.dll
0x00007ff975750000 - 0x00007ff97575e000 	C:\Program Files\Microsoft\jdk-17.0.8.7-hotspot\bin\sunmscapi.dll
0x00007ff98d900000 - 0x00007ff98da5d000 	C:\WINDOWS\System32\CRYPT32.dll
0x00007ff98cfa0000 - 0x00007ff98cfc8000 	C:\WINDOWS\SYSTEM32\ncrypt.dll
0x00007ff98cf60000 - 0x00007ff98cf9b000 	C:\WINDOWS\SYSTEM32\NTASN1.dll
0x00007ff97a1e0000 - 0x00007ff97a1e7000 	C:\WINDOWS\system32\wshunix.dll
0x00007ff97e0a0000 - 0x00007ff97e0aa000 	C:\Windows\System32\rasadhlp.dll
0x00007ff983ee0000 - 0x00007ff983f60000 	C:\WINDOWS\System32\fwpuclnt.dll
0x00007ff972380000 - 0x00007ff972397000 	C:\WINDOWS\system32\napinsp.dll
0x00007ff92c5d0000 - 0x00007ff92c5eb000 	C:\WINDOWS\system32\pnrpnsp.dll
0x00007ff9880b0000 - 0x00007ff9880c5000 	C:\WINDOWS\system32\wshbth.dll
0x00007ff988e30000 - 0x00007ff988e4d000 	C:\WINDOWS\system32\NLAapi.dll
0x00007ff92c5b0000 - 0x00007ff92c5c2000 	C:\WINDOWS\System32\winrnr.dll

dbghelp: loaded successfully - version: 4.0.5 - missing functions: none
symbol engine: initialized successfully - sym options: 0x614 - pdb path: .;C:\Program Files\Microsoft\jdk-17.0.8.7-hotspot\bin;C:\WINDOWS\SYSTEM32;C:\WINDOWS\WinSxS\amd64_microsoft.windows.common-controls_6595b64144ccf1df_6.0.19041.3636_none_60b6a03d71f818d5;C:\Program Files\Microsoft\jdk-17.0.8.7-hotspot\bin\server;C:\Users\Laiba\.gradle\native\68d5fa5c4cc2d200863cafc0d521ce42e7d3e7ee720ec0a83991735586a16f82\windows-amd64;C:\Users\Laiba\.gradle\native\e376f236ea51e6404a007f0833ffe2c6e607c4080706a723a18a27aeea778392\windows-amd64

VM Arguments:
jvm_args: -XX:MaxMetaspaceSize=512m --add-opens=java.base/java.util=ALL-UNNAMED --add-opens=java.base/java.lang=ALL-UNNAMED --add-opens=java.base/java.lang.invoke=ALL-UNNAMED --add-opens=java.prefs/java.util.prefs=ALL-UNNAMED --add-opens=java.base/java.nio.charset=ALL-UNNAMED --add-opens=java.base/java.net=ALL-UNNAMED --add-opens=java.base/java.util.concurrent.atomic=ALL-UNNAMED -Xmx2048m -Dfile.encoding=windows-1252 -Duser.country=US -Duser.language=en -Duser.variant 
java_command: org.gradle.launcher.daemon.bootstrap.GradleDaemon 8.0.1
java_class_path (initial): C:\Users\Laiba\.gradle\wrapper\dists\gradle-8.0.1-all\aro4hu1c3oeioove7l0i4i14o\gradle-8.0.1\lib\gradle-launcher-8.0.1.jar
Launcher Type: SUN_STANDARD

[Global flags]
     intx CICompilerCount                          = 3                                         {product} {ergonomic}
   size_t CompressedClassSpaceSize                 = 436207616                                 {product} {ergonomic}
     uint ConcGCThreads                            = 1                                         {product} {ergonomic}
     uint G1ConcRefinementThreads                  = 4                                         {product} {ergonomic}
   size_t G1HeapRegionSize                         = 1048576                                   {product} {ergonomic}
    uintx GCDrainStackTargetSize                   = 64                                        {product} {ergonomic}
   size_t InitialHeapSize                          = 134217728                                 {product} {ergonomic}
   size_t MarkStackSize                            = 4194304                                   {product} {ergonomic}
   size_t MaxHeapSize                              = 2147483648                                {product} {command line}
   size_t MaxMetaspaceSize                         = 536870912                                 {product} {command line}
   size_t MaxNewSize                               = 1287651328                                {product} {ergonomic}
   size_t MinHeapDeltaBytes                        = 1048576                                   {product} {ergonomic}
   size_t MinHeapSize                              = 8388608                                   {product} {ergonomic}
    uintx NonNMethodCodeHeapSize                   = 5832780                                {pd product} {ergonomic}
    uintx NonProfiledCodeHeapSize                  = 122912730                              {pd product} {ergonomic}
    uintx ProfiledCodeHeapSize                     = 122912730                              {pd product} {ergonomic}
    uintx ReservedCodeCacheSize                    = 251658240                              {pd product} {ergonomic}
     bool SegmentedCodeCache                       = true                                      {product} {ergonomic}
   size_t SoftMaxHeapSize                          = 2147483648                             {manageable} {ergonomic}
     bool UseCompressedClassPointers               = true                           {product lp64_product} {ergonomic}
     bool UseCompressedOops                        = true                           {product lp64_product} {ergonomic}
     bool UseG1GC                                  = true                                      {product} {ergonomic}
     bool UseLargePagesIndividualAllocation        = false                                  {pd product} {ergonomic}

Logging:
Log output configuration:
 #0: stdout all=warning uptime,level,tags
 #1: stderr all=off uptime,level,tags

Environment Variables:
JAVA_HOME=C:\Program Files\Microsoft\jdk-17.0.8.7-hotspot\
CLASSPATH=F:\document\reactNative\SupportBridge3\android\\gradle\wrapper\gradle-wrapper.jar
PATH=F:\document\reactNative\SupportBridge3\node_modules\.bin;F:\document\reactNative\SupportBridge3\node_modules\.bin;F:\document\reactNative\node_modules\.bin;F:\document\node_modules\.bin;F:\node_modules\.bin;C:\Users\Laiba\AppData\Roaming\npm\node_modules\npm\node_modules\@npmcli\run-script\lib\node-gyp-bin;C:\Users\Laiba\AppData\Local\Temp\yarn--1707501727006-0.7016783770112474;F:\document\reactNative\SupportBridge3\node_modules\.bin;C:\Users\Laiba\AppData\Local\Yarn\Data\link\node_modules\.bin;C:\Users\Laiba\AppData\Local\Yarn\bin;C:\Program Files\libexec\lib\node_modules\npm\bin\node-gyp-bin;C:\Program Files\lib\node_modules\npm\bin\node-gyp-bin;C:\Program Files\nodejs\node_modules\npm\bin\node-gyp-bin;C:\Program Files\Microsoft\jdk-17.0.8.7-hotspot\bin;C:\Python311\Scripts\;C:\Python311\;C:\WINDOWS\system32;C:\WINDOWS;C:\WINDOWS\System32\Wbem;C:\WINDOWS\System32\WindowsPowerShell\v1.0\;C:\WINDOWS\System32\OpenSSH\;C:\Program Files\Git\cmd;C:\Program Files\MySQL\MySQL Server 8.0\bin;C:\Users\Laiba\AppData\Local\Android\Sdk\platform-tools;C:\ProgramData\chocolatey\bin;C:\Program Files\nodejs\;C:\Users\Laiba\AppData\Local\Android\Sdk\platform-tools-2;C:\Users\Laiba\AppData\Local\Android\Sdk\tools;C:\Users\Laiba\AppData\Local\Microsoft\WindowsApps;C:\Users\Laiba\AppData\Local\Programs\Microsoft VS Code\bin;C:\Users\Laiba\AppData\Roaming\npm;
USERNAME=Laiba
LANG=en_US.UTF-8
OS=Windows_NT
PROCESSOR_IDENTIFIER=Intel64 Family 6 Model 60 Stepping 3, GenuineIntel
TMP=C:\Users\Laiba\AppData\Local\Temp
TEMP=C:\Users\Laiba\AppData\Local\Temp



---------------  S Y S T E M  ---------------

OS:
 Windows 10 , 64 bit Build 19041 (10.0.19041.3636)
OS uptime: 0 days 2:23 hours
Hyper-V role detected

CPU: total 4 (initial active 4) (2 cores per cpu, 2 threads per core) family 6 model 60 stepping 3 microcode 0x27, cx8, cmov, fxsr, ht, mmx, sse, sse2, sse3, ssse3, sse4.1, sse4.2, popcnt, lzcnt, tsc, tscinvbit, avx, avx2, aes, erms, clmul, bmi1, bmi2, fma, vzeroupper, clflush, hv
Processor Information for all 4 processors :
  Max Mhz: 2501, Current Mhz: 2501, Mhz Limit: 2501

Memory: 4k page, system-wide physical 8105M (329M free)
TotalPageFile size 13993M (AvailPageFile size 4614M)
current process WorkingSet (physical memory assigned to process): 540M, peak: 557M
current process commit charge ("private bytes"): 732M, peak: 739M

vm_info: OpenJDK 64-Bit Server VM (17.0.8+7-LTS) for windows-amd64 JRE (17.0.8+7-LTS), built on Jul  7 2023 17:21:55 by "MicrosoftCorporation" with MS VC++ 16.10 / 16.11 (VS2019)

END.
