#
# There is insufficient memory for the Java Runtime Environment to continue.
# Native memory allocation (malloc) failed to allocate 1667264 bytes for Chunk::new
# Possible reasons:
#   The system is out of physical RAM or swap space
#   The process is running with CompressedOops enabled, and the Java Heap may be blocking the growth of the native heap
# Possible solutions:
#   Reduce memory load on the system
#   Increase physical memory or swap space
#   Check if swap backing store is full
#   Decrease Java heap size (-Xmx/-Xms)
#   Decrease number of Java threads
#   Decrease Java thread stack sizes (-Xss)
#   Set larger code cache with -XX:ReservedCodeCacheSize=
#   JVM is running with Unscaled Compressed Oops mode in which the Java heap is
#     placed in the first 4GB address space. The Java Heap base address is the
#     maximum limit for the native heap growth. Please use -XX:HeapBaseMinAddress
#     to set the Java Heap base and to place the Java Heap above 4GB virtual address.
# This output file may be truncated or incomplete.
#
#  Out of Memory Error (arena.cpp:189), pid=8432, tid=14392
#
# JRE version: Java(TM) SE Runtime Environment (17.0.10+11) (build 17.0.10+11-LTS-240)
# Java VM: Java HotSpot(TM) 64-Bit Server VM (17.0.10+11-LTS-240, mixed mode, sharing, tiered, compressed oops, compressed class ptrs, g1 gc, windows-amd64)
# No core dump will be written. Minidumps are not enabled by default on client versions of Windows
#

---------------  S U M M A R Y ------------

Command Line: -XX:MaxMetaspaceSize=512m --add-opens=java.base/java.util=ALL-UNNAMED --add-opens=java.base/java.lang=ALL-UNNAMED --add-opens=java.base/java.lang.invoke=ALL-UNNAMED --add-opens=java.prefs/java.util.prefs=ALL-UNNAMED --add-opens=java.base/java.nio.charset=ALL-UNNAMED --add-opens=java.base/java.net=ALL-UNNAMED --add-opens=java.base/java.util.concurrent.atomic=ALL-UNNAMED -Xmx2048m -Dfile.encoding=windows-1252 -Duser.country=US -Duser.language=en -Duser.variant org.gradle.launcher.daemon.bootstrap.GradleDaemon 8.0.1

Host: Intel(R) Core(TM) i5-4200M CPU @ 2.50GHz, 4 cores, 7G,  Windows 10 , 64 bit Build 19041 (10.0.19041.3636)
Time: Sat Jan 27 00:18:20 2024 Pakistan Standard Time elapsed time: 968.834734 seconds (0d 0h 16m 8s)

---------------  T H R E A D  ---------------

Current thread (0x00000266ff6a51e0):  JavaThread "C2 CompilerThread0" daemon [_thread_in_native, id=14392, stack(0x000000cc58a00000,0x000000cc58b00000)]


Current CompileTask:
C2: 968891 23583   !   4       java.nio.file.Files::walkFileTree (297 bytes)

Stack: [0x000000cc58a00000,0x000000cc58b00000]
Native frames: (J=compiled Java code, j=interpreted, Vv=VM code, C=native code)
V  [jvm.dll+0x677a5a]
V  [jvm.dll+0x7d8b2d]
V  [jvm.dll+0x7da48e]
V  [jvm.dll+0x7daaf3]
V  [jvm.dll+0x2455ff]
V  [jvm.dll+0xaaafb]
V  [jvm.dll+0xab09c]
V  [jvm.dll+0x361bae]
V  [jvm.dll+0x1bb3ca]
V  [jvm.dll+0x217aa7]
V  [jvm.dll+0x216d81]
V  [jvm.dll+0x1a3410]
V  [jvm.dll+0x226aeb]
V  [jvm.dll+0x224cab]
V  [jvm.dll+0x78e45c]
V  [jvm.dll+0x78888a]
V  [jvm.dll+0x676935]
C  [ucrtbase.dll+0x21bb2]
C  [KERNEL32.DLL+0x17344]
C  [ntdll.dll+0x526b1]


---------------  P R O C E S S  ---------------

Threads class SMR info:
_java_thread_list=0x00000266c4bdfa90, length=94, elements={
0x00000266fc52bc00, 0x00000266ff68b090, 0x00000266ff68be20, 0x00000266ff69f8a0,
0x00000266ff6a0370, 0x00000266ff6a2c50, 0x00000266ff6a4530, 0x00000266ff6a51e0,
0x00000266ff6a5ba0, 0x00000266ff71a730, 0x000002669a9a0230, 0x000002669a9a4730,
0x00000266baafbac0, 0x00000266baeb3050, 0x00000266bb0946f0, 0x000002669aca56a0,
0x00000266bb39d8a0, 0x000002669ac9a430, 0x00000266bb3978d0, 0x00000266bb399730,
0x00000266bb3982f0, 0x00000266bb398d10, 0x00000266bb398800, 0x00000266bb397de0,
0x00000266bb399c40, 0x00000266bb39a150, 0x00000266bb39b080, 0x00000266ba65dfc0,
0x00000266ba662190, 0x00000266ba664500, 0x00000266ba65e4d0, 0x00000266ba65d090,
0x00000266ba661260, 0x00000266ba660330, 0x00000266ba661770, 0x00000266ba664a10,
0x00000266ba65e9e0, 0x00000266ba661c80, 0x00000266ba65f400, 0x00000266ba6626a0,
0x00000266ba65f910, 0x00000266ba660d50, 0x00000266ba663ae0, 0x00000266ba65dab0,
0x00000266ba65fe20, 0x00000266ba660840, 0x00000266ba663ff0, 0x00000266ba65d5a0,
0x00000266bcdeb3d0, 0x00000266bcdf04d0, 0x00000266bcdee160, 0x00000266bcdec810,
0x00000266bcded230, 0x00000266bcdecd20, 0x00000266bcdeb8e0, 0x00000266bcdebdf0,
0x00000266bcdee670, 0x00000266bcdeaec0, 0x00000266bcdec300, 0x00000266bcde9f90,
0x00000266bcdedc50, 0x00000266bcdeffc0, 0x00000266bcde9570, 0x00000266bcdef5a0,
0x00000266bcded740, 0x00000266bcdeeb80, 0x00000266bcdef090, 0x00000266bcdefab0,
0x00000266bcde9060, 0x00000266bc1ac470, 0x00000266bc1ab030, 0x00000266bc1ac980,
0x00000266bc1a7370, 0x00000266bc1a6e60, 0x00000266bc1ad3a0, 0x00000266bc1aab20,
0x00000266bc1a9bf0, 0x00000266bc1a8cc0, 0x00000266bc1a5f30, 0x00000266bc1a91d0,
0x00000266bc1aa100, 0x00000266bc1ab540, 0x00000266bc1ad8b0, 0x00000266bc1a96e0,
0x00000266bc1aa610, 0x00000266c5a22730, 0x00000266c5a1f9a0, 0x00000266c5a203c0,
0x00000266c5a208d0, 0x00000266c5a212f0, 0x00000266bcdf09e0, 0x00000266bcdea4a0,
0x00000266bcdea9b0, 0x00000266bb39ab70
}

Java Threads: ( => current thread )
  0x00000266fc52bc00 JavaThread "main" [_thread_blocked, id=4088, stack(0x000000cc57c00000,0x000000cc57d00000)]
  0x00000266ff68b090 JavaThread "Reference Handler" daemon [_thread_blocked, id=16372, stack(0x000000cc58400000,0x000000cc58500000)]
  0x00000266ff68be20 JavaThread "Finalizer" daemon [_thread_blocked, id=16092, stack(0x000000cc58500000,0x000000cc58600000)]
  0x00000266ff69f8a0 JavaThread "Signal Dispatcher" daemon [_thread_blocked, id=5840, stack(0x000000cc58600000,0x000000cc58700000)]
  0x00000266ff6a0370 JavaThread "Attach Listener" daemon [_thread_blocked, id=8732, stack(0x000000cc58700000,0x000000cc58800000)]
  0x00000266ff6a2c50 JavaThread "Service Thread" daemon [_thread_blocked, id=5240, stack(0x000000cc58800000,0x000000cc58900000)]
  0x00000266ff6a4530 JavaThread "Monitor Deflation Thread" daemon [_thread_blocked, id=12024, stack(0x000000cc58900000,0x000000cc58a00000)]
=>0x00000266ff6a51e0 JavaThread "C2 CompilerThread0" daemon [_thread_in_native, id=14392, stack(0x000000cc58a00000,0x000000cc58b00000)]
  0x00000266ff6a5ba0 JavaThread "C1 CompilerThread0" daemon [_thread_blocked, id=15508, stack(0x000000cc58b00000,0x000000cc58c00000)]
  0x00000266ff71a730 JavaThread "Sweeper thread" daemon [_thread_blocked, id=3040, stack(0x000000cc58c00000,0x000000cc58d00000)]
  0x000002669a9a0230 JavaThread "Common-Cleaner" daemon [_thread_blocked, id=8888, stack(0x000000cc58d00000,0x000000cc58e00000)]
  0x000002669a9a4730 JavaThread "Notification Thread" daemon [_thread_blocked, id=6232, stack(0x000000cc58e00000,0x000000cc58f00000)]
  0x00000266baafbac0 JavaThread "Daemon health stats" [_thread_blocked, id=14068, stack(0x000000cc59300000,0x000000cc59400000)]
  0x00000266baeb3050 JavaThread "Incoming local TCP Connector on port 51772" [_thread_in_native, id=15032, stack(0x000000cc59400000,0x000000cc59500000)]
  0x00000266bb0946f0 JavaThread "Daemon periodic checks" [_thread_blocked, id=14776, stack(0x000000cc59500000,0x000000cc59600000)]
  0x000002669aca56a0 JavaThread "Daemon" [_thread_blocked, id=14648, stack(0x000000cc59600000,0x000000cc59700000)]
  0x00000266bb39d8a0 JavaThread "Handler for socket connection from /127.0.0.1:51772 to /127.0.0.1:51773" [_thread_in_native, id=13992, stack(0x000000cc59700000,0x000000cc59800000)]
  0x000002669ac9a430 JavaThread "Cancel handler" [_thread_blocked, id=12336, stack(0x000000cc59800000,0x000000cc59900000)]
  0x00000266bb3978d0 JavaThread "Daemon worker" [_thread_blocked, id=15796, stack(0x000000cc59900000,0x000000cc59a00000)]
  0x00000266bb399730 JavaThread "Asynchronous log dispatcher for DefaultDaemonConnection: socket connection from /127.0.0.1:51772 to /127.0.0.1:51773" [_thread_blocked, id=8396, stack(0x000000cc59a00000,0x000000cc59b00000)]
  0x00000266bb3982f0 JavaThread "Daemon client event forwarder" [_thread_blocked, id=12168, stack(0x000000cc59c00000,0x000000cc59d00000)]
  0x00000266bb398d10 JavaThread "Cache worker for journal cache (C:\Users\Laiba\.gradle\caches\journal-1)" [_thread_blocked, id=7420, stack(0x000000cc59d00000,0x000000cc59e00000)]
  0x00000266bb398800 JavaThread "File lock request listener" [_thread_in_native, id=10152, stack(0x000000cc59e00000,0x000000cc59f00000)]
  0x00000266bb397de0 JavaThread "Cache worker for file hash cache (C:\Users\Laiba\.gradle\caches\8.0.1\fileHashes)" [_thread_blocked, id=1216, stack(0x000000cc5a000000,0x000000cc5a100000)]
  0x00000266bb399c40 JavaThread "File watcher server" daemon [_thread_in_native, id=16756, stack(0x000000cc5a100000,0x000000cc5a200000)]
  0x00000266bb39a150 JavaThread "File watcher consumer" daemon [_thread_blocked, id=16772, stack(0x000000cc5a200000,0x000000cc5a300000)]
  0x00000266bb39b080 JavaThread "Cache worker for checksums cache (F:\document\reactNative\SupportBridge3\android\.gradle\8.0.1\checksums)" [_thread_blocked, id=16904, stack(0x000000cc5a300000,0x000000cc5a400000)]
  0x00000266ba65dfc0 JavaThread "Cache worker for cache directory md-rule (C:\Users\Laiba\.gradle\caches\8.0.1\md-rule)" [_thread_blocked, id=16948, stack(0x000000cc5a400000,0x000000cc5a500000)]
  0x00000266ba662190 JavaThread "Cache worker for file content cache (C:\Users\Laiba\.gradle\caches\8.0.1\fileContent)" [_thread_blocked, id=16972, stack(0x000000cc5a500000,0x000000cc5a600000)]
  0x00000266ba664500 JavaThread "Cache worker for file hash cache (F:\document\reactNative\SupportBridge3\android\.gradle\8.0.1\fileHashes)" [_thread_blocked, id=17104, stack(0x000000cc5a600000,0x000000cc5a700000)]
  0x00000266ba65e4d0 JavaThread "Cache worker for cache directory md-supplier (C:\Users\Laiba\.gradle\caches\8.0.1\md-supplier)" [_thread_blocked, id=17148, stack(0x000000cc5a800000,0x000000cc5a900000)]
  0x00000266ba65d090 JavaThread "Cache worker for execution history cache (C:\Users\Laiba\.gradle\caches\8.0.1\executionHistory)" [_thread_blocked, id=17236, stack(0x000000cc5a900000,0x000000cc5aa00000)]
  0x00000266ba661260 JavaThread "jar transforms" [_thread_blocked, id=15176, stack(0x000000cc5ac00000,0x000000cc5ad00000)]
  0x00000266ba660330 JavaThread "jar transforms Thread 2" [_thread_blocked, id=12760, stack(0x000000cc5ad00000,0x000000cc5ae00000)]
  0x00000266ba661770 JavaThread "jar transforms Thread 3" [_thread_blocked, id=17536, stack(0x000000cc5ae00000,0x000000cc5af00000)]
  0x00000266ba664a10 JavaThread "jar transforms Thread 4" [_thread_blocked, id=17564, stack(0x000000cc5af00000,0x000000cc5b000000)]
  0x00000266ba65e9e0 JavaThread "Cache worker for kotlin-dsl (C:\Users\Laiba\.gradle\caches\8.0.1\kotlin-dsl)" [_thread_blocked, id=18060, stack(0x000000cc57b00000,0x000000cc57c00000)]
  0x00000266ba661c80 JavaThread "Unconstrained build operations" [_thread_blocked, id=13288, stack(0x000000cc57d00000,0x000000cc57e00000)]
  0x00000266ba65f400 JavaThread "Unconstrained build operations Thread 2" [_thread_blocked, id=16816, stack(0x000000cc5b000000,0x000000cc5b100000)]
  0x00000266ba6626a0 JavaThread "Cache worker for dependencies-accessors (F:\document\reactNative\SupportBridge3\android\.gradle\8.0.1\dependencies-accessors)" [_thread_blocked, id=12064, stack(0x000000cc5aa00000,0x000000cc5ab00000)]
  0x00000266ba65f910 JavaThread "Cache worker for Build Output Cleanup Cache (F:\document\reactNative\SupportBridge3\node_modules\@react-native\gradle-plugin\.gradle\buildOutputCleanup)" [_thread_blocked, id=17372, stack(0x000000cc5b100000,0x000000cc5b200000)]
  0x00000266ba660d50 JavaThread "Unconstrained build operations Thread 3" [_thread_blocked, id=18144, stack(0x000000cc5b300000,0x000000cc5b400000)]
  0x00000266ba663ae0 JavaThread "Unconstrained build operations Thread 4" [_thread_blocked, id=18072, stack(0x000000cc5b400000,0x000000cc5b500000)]
  0x00000266ba65dab0 JavaThread "Unconstrained build operations Thread 5" [_thread_blocked, id=18132, stack(0x000000cc5b500000,0x000000cc5b600000)]
  0x00000266ba65fe20 JavaThread "Unconstrained build operations Thread 6" [_thread_blocked, id=12088, stack(0x000000cc5b600000,0x000000cc5b700000)]
  0x00000266ba660840 JavaThread "Unconstrained build operations Thread 7" [_thread_blocked, id=8716, stack(0x000000cc5b700000,0x000000cc5b800000)]
  0x00000266ba663ff0 JavaThread "Unconstrained build operations Thread 8" [_thread_blocked, id=18020, stack(0x000000cc5b800000,0x000000cc5b900000)]
  0x00000266ba65d5a0 JavaThread "Unconstrained build operations Thread 9" [_thread_blocked, id=18088, stack(0x000000cc5b900000,0x000000cc5ba00000)]
  0x00000266bcdeb3d0 JavaThread "Unconstrained build operations Thread 10" [_thread_blocked, id=16724, stack(0x000000cc5ba00000,0x000000cc5bb00000)]
  0x00000266bcdf04d0 JavaThread "Unconstrained build operations Thread 11" [_thread_blocked, id=9004, stack(0x000000cc5bb00000,0x000000cc5bc00000)]
  0x00000266bcdee160 JavaThread "Unconstrained build operations Thread 12" [_thread_blocked, id=17608, stack(0x000000cc5bc00000,0x000000cc5bd00000)]
  0x00000266bcdec810 JavaThread "Unconstrained build operations Thread 13" [_thread_blocked, id=18136, stack(0x000000cc5bd00000,0x000000cc5be00000)]
  0x00000266bcded230 JavaThread "Unconstrained build operations Thread 14" [_thread_blocked, id=4024, stack(0x000000cc5be00000,0x000000cc5bf00000)]
  0x00000266bcdecd20 JavaThread "Unconstrained build operations Thread 15" [_thread_blocked, id=17460, stack(0x000000cc5bf00000,0x000000cc5c000000)]
  0x00000266bcdeb8e0 JavaThread "Unconstrained build operations Thread 16" [_thread_blocked, id=17412, stack(0x000000cc5c000000,0x000000cc5c100000)]
  0x00000266bcdebdf0 JavaThread "Unconstrained build operations Thread 17" [_thread_blocked, id=17456, stack(0x000000cc5c100000,0x000000cc5c200000)]
  0x00000266bcdee670 JavaThread "Unconstrained build operations Thread 18" [_thread_blocked, id=17440, stack(0x000000cc5c200000,0x000000cc5c300000)]
  0x00000266bcdeaec0 JavaThread "Unconstrained build operations Thread 19" [_thread_blocked, id=18100, stack(0x000000cc5c300000,0x000000cc5c400000)]
  0x00000266bcdec300 JavaThread "Unconstrained build operations Thread 20" [_thread_blocked, id=18112, stack(0x000000cc5c400000,0x000000cc5c500000)]
  0x00000266bcde9f90 JavaThread "Unconstrained build operations Thread 21" [_thread_blocked, id=18084, stack(0x000000cc5c500000,0x000000cc5c600000)]
  0x00000266bcdedc50 JavaThread "Unconstrained build operations Thread 22" [_thread_blocked, id=17472, stack(0x000000cc5c600000,0x000000cc5c700000)]
  0x00000266bcdeffc0 JavaThread "Unconstrained build operations Thread 23" [_thread_blocked, id=17476, stack(0x000000cc5c700000,0x000000cc5c800000)]
  0x00000266bcde9570 JavaThread "Unconstrained build operations Thread 24" [_thread_blocked, id=14820, stack(0x000000cc5c800000,0x000000cc5c900000)]
  0x00000266bcdef5a0 JavaThread "Unconstrained build operations Thread 25" [_thread_blocked, id=9532, stack(0x000000cc5c900000,0x000000cc5ca00000)]
  0x00000266bcded740 JavaThread "Unconstrained build operations Thread 26" [_thread_blocked, id=18208, stack(0x000000cc5ca00000,0x000000cc5cb00000)]
  0x00000266bcdeeb80 JavaThread "Unconstrained build operations Thread 27" [_thread_blocked, id=17312, stack(0x000000cc5cb00000,0x000000cc5cc00000)]
  0x00000266bcdef090 JavaThread "Unconstrained build operations Thread 28" [_thread_blocked, id=3440, stack(0x000000cc5cc00000,0x000000cc5cd00000)]
  0x00000266bcdefab0 JavaThread "Memory manager" [_thread_blocked, id=17772, stack(0x000000cc5ce00000,0x000000cc5cf00000)]
  0x00000266bcde9060 JavaThread "Cache worker for Build Output Cleanup Cache (F:\document\reactNative\SupportBridge3\android\.gradle\buildOutputCleanup)" [_thread_blocked, id=17852, stack(0x000000cc5cd00000,0x000000cc5ce00000)]
  0x00000266bc1ac470 JavaThread "Execution worker" [_thread_blocked, id=2556, stack(0x000000cc5d500000,0x000000cc5d600000)]
  0x00000266bc1ab030 JavaThread "Execution worker Thread 2" [_thread_blocked, id=5380, stack(0x000000cc5d600000,0x000000cc5d700000)]
  0x00000266bc1ac980 JavaThread "Execution worker Thread 3" [_thread_blocked, id=1584, stack(0x000000cc5d700000,0x000000cc5d800000)]
  0x00000266bc1a7370 JavaThread "Cache worker for execution history cache (F:\document\reactNative\SupportBridge3\node_modules\@react-native\gradle-plugin\.gradle\8.0.1\executionHistory)" [_thread_blocked, id=3608, stack(0x000000cc5d800000,0x000000cc5d900000)]
  0x00000266bc1a6e60 JavaThread "Unconstrained build operations Thread 29" [_thread_blocked, id=14072, stack(0x000000cc59f00000,0x000000cc5a000000)]
  0x00000266bc1ad3a0 JavaThread "Unconstrained build operations Thread 30" [_thread_blocked, id=17956, stack(0x000000cc5d900000,0x000000cc5da00000)]
  0x00000266bc1aab20 JavaThread "Unconstrained build operations Thread 31" [_thread_blocked, id=17912, stack(0x000000cc5da00000,0x000000cc5db00000)]
  0x00000266bc1a9bf0 JavaThread "Unconstrained build operations Thread 32" [_thread_blocked, id=14188, stack(0x000000cc5db00000,0x000000cc5dc00000)]
  0x00000266bc1a8cc0 JavaThread "Unconstrained build operations Thread 33" [_thread_blocked, id=17808, stack(0x000000cc5dc00000,0x000000cc5dd00000)]
  0x00000266bc1a5f30 JavaThread "Unconstrained build operations Thread 34" [_thread_blocked, id=3908, stack(0x000000cc5dd00000,0x000000cc5de00000)]
  0x00000266bc1a91d0 JavaThread "Unconstrained build operations Thread 35" [_thread_blocked, id=17904, stack(0x000000cc5de00000,0x000000cc5df00000)]
  0x00000266bc1aa100 JavaThread "Unconstrained build operations Thread 36" [_thread_blocked, id=17900, stack(0x000000cc5df00000,0x000000cc5e000000)]
  0x00000266bc1ab540 JavaThread "Unconstrained build operations Thread 37" [_thread_blocked, id=10452, stack(0x000000cc5e000000,0x000000cc5e100000)]
  0x00000266bc1ad8b0 JavaThread "Unconstrained build operations Thread 38" [_thread_blocked, id=14228, stack(0x000000cc5e100000,0x000000cc5e200000)]
  0x00000266bc1a96e0 JavaThread "Unconstrained build operations Thread 39" [_thread_blocked, id=12352, stack(0x000000cc5e200000,0x000000cc5e300000)]
  0x00000266bc1aa610 JavaThread "Unconstrained build operations Thread 40" [_thread_blocked, id=1636, stack(0x000000cc5e300000,0x000000cc5e400000)]
  0x00000266c5a22730 JavaThread "included builds Thread 2" [_thread_blocked, id=18492, stack(0x000000cc5d100000,0x000000cc5d200000)]
  0x00000266c5a1f9a0 JavaThread "Cache worker for execution history cache (F:\document\reactNative\SupportBridge3\android\.gradle\8.0.1\executionHistory)" [_thread_blocked, id=5944, stack(0x000000cc5ab00000,0x000000cc5ac00000)]
  0x00000266c5a203c0 JavaThread "WorkerExecutor Queue" [_thread_blocked, id=16924, stack(0x000000cc5b200000,0x000000cc5b300000)]
  0x00000266c5a208d0 JavaThread "WorkerExecutor Queue Thread 2" [_thread_in_native, id=19852, stack(0x000000cc5cf00000,0x000000cc5d000000)]
  0x00000266c5a212f0 JavaThread "WorkerExecutor Queue Thread 3" [_thread_blocked, id=6608, stack(0x000000cc5d000000,0x000000cc5d100000)]
  0x00000266bcdf09e0 JavaThread "pool-3-thread-1" [_thread_blocked, id=2584, stack(0x000000cc5d200000,0x000000cc5d300000)]
  0x00000266bcdea4a0 JavaThread "stderr" [_thread_in_native, id=5604, stack(0x000000cc5d300000,0x000000cc5d400000)]
  0x00000266bcdea9b0 JavaThread "stdout" [_thread_in_native, id=10552, stack(0x000000cc5d400000,0x000000cc5d500000)]
  0x00000266bb39ab70 JavaThread "File lock release action executor Thread 7" [_thread_blocked, id=11376, stack(0x000000cc5e400000,0x000000cc5e500000)]

Other Threads:
  0x00000266ff6846d0 VMThread "VM Thread" [stack: 0x000000cc58300000,0x000000cc58400000] [id=8556]
  0x000002669a9a6c20 WatcherThread [stack: 0x000000cc58f00000,0x000000cc59000000] [id=5420]
  0x00000266fc586510 GCTaskThread "GC Thread#0" [stack: 0x000000cc57e00000,0x000000cc57f00000] [id=9024]
  0x000002669abfd0e0 GCTaskThread "GC Thread#1" [stack: 0x000000cc59000000,0x000000cc59100000] [id=11556]
  0x00000266ba068780 GCTaskThread "GC Thread#2" [stack: 0x000000cc59100000,0x000000cc59200000] [id=16256]
  0x000002669aca6350 GCTaskThread "GC Thread#3" [stack: 0x000000cc59200000,0x000000cc59300000] [id=2800]
  0x00000266fc597370 ConcurrentGCThread "G1 Main Marker" [stack: 0x000000cc57f00000,0x000000cc58000000] [id=12560]
  0x00000266fc597c90 ConcurrentGCThread "G1 Conc#0" [stack: 0x000000cc58000000,0x000000cc58100000] [id=8268]
  0x00000266ff540090 ConcurrentGCThread "G1 Refine#0" [stack: 0x000000cc58100000,0x000000cc58200000] [id=12112]
  0x00000266baf594a0 ConcurrentGCThread "G1 Refine#1" [stack: 0x000000cc5a700000,0x000000cc5a800000] [id=17136]
  0x00000266ff5409d0 ConcurrentGCThread "G1 Service" [stack: 0x000000cc58200000,0x000000cc58300000] [id=5016]

Threads with active compile tasks:
C2 CompilerThread0   968994 23583   !   4       java.nio.file.Files::walkFileTree (297 bytes)

VM state: not at safepoint (normal execution)

VM Mutex/Monitor currently owned by a thread: None

Heap address: 0x0000000080000000, size: 2048 MB, Compressed Oops mode: 32-bit

CDS archive(s) mapped at: [0x000002669b000000-0x000002669bbd0000-0x000002669bbd0000), size 12386304, SharedBaseAddress: 0x000002669b000000, ArchiveRelocationMode: 1.
Compressed class space mapped at: 0x000002669c000000-0x00000266b6000000, reserved size: 436207616
Narrow klass base: 0x000002669b000000, Narrow klass shift: 0, Narrow klass range: 0x100000000

GC Precious Log:
 CPUs: 4 total, 4 available
 Memory: 8105M
 Large Page Support: Disabled
 NUMA Support: Disabled
 Compressed Oops: Enabled (32-bit)
 Heap Region Size: 1M
 Heap Min Capacity: 8M
 Heap Initial Capacity: 128M
 Heap Max Capacity: 2G
 Pre-touch: Disabled
 Parallel Workers: 4
 Concurrent Workers: 1
 Concurrent Refinement Workers: 4
 Periodic GC: Disabled

Heap:
 garbage-first heap   total 532480K, used 394892K [0x0000000080000000, 0x0000000100000000)
  region size 1024K, 146 young (149504K), 7 survivors (7168K)
 Metaspace       used 120548K, committed 121792K, reserved 557056K
  class space    used 16352K, committed 16960K, reserved 425984K

Heap Regions: E=young(eden), S=young(survivor), O=old, HS=humongous(starts), HC=humongous(continues), CS=collection set, F=free, OA=open archive, CA=closed archive, TAMS=top-at-mark-start (previous, next)
|   0|0x0000000080000000, 0x0000000080100000, 0x0000000080100000|100%| O|  |TAMS 0x0000000080100000, 0x0000000080000000| Untracked 
|   1|0x0000000080100000, 0x0000000080200000, 0x0000000080200000|100%| O|  |TAMS 0x0000000080200000, 0x0000000080100000| Untracked 
|   2|0x0000000080200000, 0x0000000080300000, 0x0000000080300000|100%|HS|  |TAMS 0x0000000080300000, 0x0000000080200000| Complete 
|   3|0x0000000080300000, 0x0000000080400000, 0x0000000080400000|100%|HC|  |TAMS 0x0000000080400000, 0x0000000080300000| Complete 
|   4|0x0000000080400000, 0x0000000080500000, 0x0000000080500000|100%|HC|  |TAMS 0x0000000080500000, 0x0000000080400000| Complete 
|   5|0x0000000080500000, 0x0000000080600000, 0x0000000080600000|100%|HC|  |TAMS 0x0000000080600000, 0x0000000080500000| Complete 
|   6|0x0000000080600000, 0x0000000080700000, 0x0000000080700000|100%| O|  |TAMS 0x0000000080700000, 0x0000000080600000| Untracked 
|   7|0x0000000080700000, 0x0000000080800000, 0x0000000080800000|100%| O|  |TAMS 0x0000000080800000, 0x0000000080700000| Untracked 
|   8|0x0000000080800000, 0x0000000080900000, 0x0000000080900000|100%| O|  |TAMS 0x0000000080900000, 0x0000000080800000| Untracked 
|   9|0x0000000080900000, 0x0000000080a00000, 0x0000000080a00000|100%| O|  |TAMS 0x0000000080a00000, 0x0000000080900000| Untracked 
|  10|0x0000000080a00000, 0x0000000080b00000, 0x0000000080b00000|100%| O|  |TAMS 0x0000000080b00000, 0x0000000080a00000| Untracked 
|  11|0x0000000080b00000, 0x0000000080c00000, 0x0000000080c00000|100%| O|  |TAMS 0x0000000080c00000, 0x0000000080b00000| Untracked 
|  12|0x0000000080c00000, 0x0000000080d00000, 0x0000000080d00000|100%| O|  |TAMS 0x0000000080d00000, 0x0000000080c00000| Untracked 
|  13|0x0000000080d00000, 0x0000000080e00000, 0x0000000080e00000|100%| O|  |TAMS 0x0000000080e00000, 0x0000000080d00000| Untracked 
|  14|0x0000000080e00000, 0x0000000080f00000, 0x0000000080f00000|100%| O|  |TAMS 0x0000000080f00000, 0x0000000080e00000| Untracked 
|  15|0x0000000080f00000, 0x0000000081000000, 0x0000000081000000|100%| O|  |TAMS 0x0000000081000000, 0x0000000080f00000| Untracked 
|  16|0x0000000081000000, 0x0000000081100000, 0x0000000081100000|100%| O|  |TAMS 0x0000000081100000, 0x0000000081000000| Untracked 
|  17|0x0000000081100000, 0x0000000081200000, 0x0000000081200000|100%| O|  |TAMS 0x0000000081200000, 0x0000000081100000| Untracked 
|  18|0x0000000081200000, 0x0000000081300000, 0x0000000081300000|100%| O|  |TAMS 0x0000000081300000, 0x0000000081200000| Untracked 
|  19|0x0000000081300000, 0x0000000081400000, 0x0000000081400000|100%| O|  |TAMS 0x0000000081400000, 0x0000000081300000| Untracked 
|  20|0x0000000081400000, 0x0000000081500000, 0x0000000081500000|100%| O|  |TAMS 0x0000000081500000, 0x0000000081400000| Untracked 
|  21|0x0000000081500000, 0x0000000081600000, 0x0000000081600000|100%| O|  |TAMS 0x0000000081600000, 0x0000000081500000| Untracked 
|  22|0x0000000081600000, 0x0000000081700000, 0x0000000081700000|100%| O|  |TAMS 0x0000000081700000, 0x0000000081600000| Untracked 
|  23|0x0000000081700000, 0x0000000081800000, 0x0000000081800000|100%| O|  |TAMS 0x0000000081800000, 0x0000000081700000| Untracked 
|  24|0x0000000081800000, 0x0000000081900000, 0x0000000081900000|100%| O|  |TAMS 0x0000000081900000, 0x0000000081800000| Untracked 
|  25|0x0000000081900000, 0x0000000081a00000, 0x0000000081a00000|100%| O|  |TAMS 0x0000000081a00000, 0x0000000081900000| Untracked 
|  26|0x0000000081a00000, 0x0000000081b00000, 0x0000000081b00000|100%| O|  |TAMS 0x0000000081b00000, 0x0000000081a00000| Untracked 
|  27|0x0000000081b00000, 0x0000000081c00000, 0x0000000081c00000|100%| O|  |TAMS 0x0000000081c00000, 0x0000000081b00000| Untracked 
|  28|0x0000000081c00000, 0x0000000081d00000, 0x0000000081d00000|100%| O|  |TAMS 0x0000000081d00000, 0x0000000081c00000| Untracked 
|  29|0x0000000081d00000, 0x0000000081e00000, 0x0000000081e00000|100%| O|  |TAMS 0x0000000081e00000, 0x0000000081d00000| Untracked 
|  30|0x0000000081e00000, 0x0000000081f00000, 0x0000000081f00000|100%| O|  |TAMS 0x0000000081f00000, 0x0000000081e00000| Untracked 
|  31|0x0000000081f00000, 0x0000000082000000, 0x0000000082000000|100%| O|  |TAMS 0x0000000082000000, 0x0000000081f00000| Untracked 
|  32|0x0000000082000000, 0x0000000082100000, 0x0000000082100000|100%| O|  |TAMS 0x0000000082100000, 0x0000000082000000| Untracked 
|  33|0x0000000082100000, 0x0000000082200000, 0x0000000082200000|100%| O|  |TAMS 0x0000000082200000, 0x0000000082100000| Untracked 
|  34|0x0000000082200000, 0x0000000082300000, 0x0000000082300000|100%| O|  |TAMS 0x0000000082300000, 0x0000000082200000| Untracked 
|  35|0x0000000082300000, 0x0000000082400000, 0x0000000082400000|100%|HS|  |TAMS 0x0000000082400000, 0x0000000082300000| Complete 
|  36|0x0000000082400000, 0x0000000082500000, 0x0000000082500000|100%|HC|  |TAMS 0x0000000082500000, 0x0000000082400000| Complete 
|  37|0x0000000082500000, 0x0000000082600000, 0x0000000082600000|100%| O|  |TAMS 0x0000000082600000, 0x0000000082500000| Untracked 
|  38|0x0000000082600000, 0x0000000082700000, 0x0000000082700000|100%|HS|  |TAMS 0x0000000082700000, 0x0000000082600000| Complete 
|  39|0x0000000082700000, 0x0000000082800000, 0x0000000082800000|100%|HC|  |TAMS 0x0000000082800000, 0x0000000082700000| Complete 
|  40|0x0000000082800000, 0x0000000082900000, 0x0000000082900000|100%|HC|  |TAMS 0x0000000082900000, 0x0000000082800000| Complete 
|  41|0x0000000082900000, 0x0000000082a00000, 0x0000000082a00000|100%|HC|  |TAMS 0x0000000082a00000, 0x0000000082900000| Complete 
|  42|0x0000000082a00000, 0x0000000082b00000, 0x0000000082b00000|100%| O|  |TAMS 0x0000000082b00000, 0x0000000082a00000| Untracked 
|  43|0x0000000082b00000, 0x0000000082c00000, 0x0000000082c00000|100%| O|  |TAMS 0x0000000082c00000, 0x0000000082b00000| Untracked 
|  44|0x0000000082c00000, 0x0000000082d00000, 0x0000000082d00000|100%| O|  |TAMS 0x0000000082d00000, 0x0000000082c00000| Untracked 
|  45|0x0000000082d00000, 0x0000000082e00000, 0x0000000082e00000|100%| O|  |TAMS 0x0000000082e00000, 0x0000000082d00000| Untracked 
|  46|0x0000000082e00000, 0x0000000082f00000, 0x0000000082f00000|100%| O|  |TAMS 0x0000000082f00000, 0x0000000082e00000| Untracked 
|  47|0x0000000082f00000, 0x0000000083000000, 0x0000000083000000|100%| O|  |TAMS 0x0000000083000000, 0x0000000082f00000| Untracked 
|  48|0x0000000083000000, 0x0000000083100000, 0x0000000083100000|100%| O|  |TAMS 0x0000000083100000, 0x0000000083000000| Untracked 
|  49|0x0000000083100000, 0x0000000083200000, 0x0000000083200000|100%| O|  |TAMS 0x0000000083200000, 0x0000000083100000| Untracked 
|  50|0x0000000083200000, 0x0000000083300000, 0x0000000083300000|100%| O|  |TAMS 0x0000000083300000, 0x0000000083200000| Untracked 
|  51|0x0000000083300000, 0x0000000083400000, 0x0000000083400000|100%| O|  |TAMS 0x0000000083400000, 0x0000000083300000| Untracked 
|  52|0x0000000083400000, 0x0000000083500000, 0x0000000083500000|100%| O|  |TAMS 0x0000000083500000, 0x0000000083400000| Untracked 
|  53|0x0000000083500000, 0x0000000083600000, 0x0000000083600000|100%| O|  |TAMS 0x0000000083600000, 0x0000000083500000| Untracked 
|  54|0x0000000083600000, 0x0000000083700000, 0x0000000083700000|100%| O|  |TAMS 0x0000000083700000, 0x0000000083600000| Untracked 
|  55|0x0000000083700000, 0x0000000083800000, 0x0000000083800000|100%| O|  |TAMS 0x0000000083800000, 0x0000000083700000| Untracked 
|  56|0x0000000083800000, 0x0000000083900000, 0x0000000083900000|100%| O|  |TAMS 0x0000000083900000, 0x0000000083800000| Untracked 
|  57|0x0000000083900000, 0x0000000083a00000, 0x0000000083a00000|100%|HS|  |TAMS 0x0000000083a00000, 0x0000000083900000| Complete 
|  58|0x0000000083a00000, 0x0000000083b00000, 0x0000000083b00000|100%|HS|  |TAMS 0x0000000083b00000, 0x0000000083a00000| Complete 
|  59|0x0000000083b00000, 0x0000000083c00000, 0x0000000083c00000|100%|HS|  |TAMS 0x0000000083c00000, 0x0000000083b00000| Complete 
|  60|0x0000000083c00000, 0x0000000083d00000, 0x0000000083d00000|100%| O|  |TAMS 0x0000000083d00000, 0x0000000083c00000| Untracked 
|  61|0x0000000083d00000, 0x0000000083e00000, 0x0000000083e00000|100%| O|  |TAMS 0x0000000083e00000, 0x0000000083d00000| Untracked 
|  62|0x0000000083e00000, 0x0000000083f00000, 0x0000000083f00000|100%| O|  |TAMS 0x0000000083f00000, 0x0000000083e00000| Untracked 
|  63|0x0000000083f00000, 0x0000000084000000, 0x0000000084000000|100%| O|  |TAMS 0x0000000084000000, 0x0000000083f00000| Untracked 
|  64|0x0000000084000000, 0x0000000084100000, 0x0000000084100000|100%| O|  |TAMS 0x0000000084100000, 0x0000000084000000| Untracked 
|  65|0x0000000084100000, 0x0000000084200000, 0x0000000084200000|100%| O|  |TAMS 0x0000000084200000, 0x0000000084100000| Untracked 
|  66|0x0000000084200000, 0x0000000084300000, 0x0000000084300000|100%| O|  |TAMS 0x0000000084300000, 0x0000000084200000| Untracked 
|  67|0x0000000084300000, 0x0000000084400000, 0x0000000084400000|100%| O|  |TAMS 0x0000000084400000, 0x0000000084300000| Untracked 
|  68|0x0000000084400000, 0x0000000084500000, 0x0000000084500000|100%| O|  |TAMS 0x0000000084500000, 0x0000000084400000| Untracked 
|  69|0x0000000084500000, 0x0000000084600000, 0x0000000084600000|100%| O|  |TAMS 0x0000000084600000, 0x0000000084500000| Untracked 
|  70|0x0000000084600000, 0x0000000084700000, 0x0000000084700000|100%|HS|  |TAMS 0x0000000084700000, 0x0000000084600000| Complete 
|  71|0x0000000084700000, 0x0000000084800000, 0x0000000084800000|100%| O|  |TAMS 0x0000000084800000, 0x0000000084700000| Untracked 
|  72|0x0000000084800000, 0x0000000084900000, 0x0000000084900000|100%| O|  |TAMS 0x0000000084900000, 0x0000000084800000| Untracked 
|  73|0x0000000084900000, 0x0000000084a00000, 0x0000000084a00000|100%| O|  |TAMS 0x0000000084a00000, 0x0000000084900000| Untracked 
|  74|0x0000000084a00000, 0x0000000084b00000, 0x0000000084b00000|100%| O|  |TAMS 0x0000000084b00000, 0x0000000084a00000| Untracked 
|  75|0x0000000084b00000, 0x0000000084c00000, 0x0000000084c00000|100%| O|  |TAMS 0x0000000084c00000, 0x0000000084b00000| Untracked 
|  76|0x0000000084c00000, 0x0000000084d00000, 0x0000000084d00000|100%| O|  |TAMS 0x0000000084d00000, 0x0000000084c00000| Untracked 
|  77|0x0000000084d00000, 0x0000000084e00000, 0x0000000084e00000|100%| O|  |TAMS 0x0000000084e00000, 0x0000000084d00000| Untracked 
|  78|0x0000000084e00000, 0x0000000084f00000, 0x0000000084f00000|100%| O|  |TAMS 0x0000000084f00000, 0x0000000084e00000| Untracked 
|  79|0x0000000084f00000, 0x0000000085000000, 0x0000000085000000|100%| O|  |TAMS 0x0000000085000000, 0x0000000084f00000| Untracked 
|  80|0x0000000085000000, 0x0000000085100000, 0x0000000085100000|100%| O|  |TAMS 0x0000000085100000, 0x0000000085000000| Untracked 
|  81|0x0000000085100000, 0x0000000085200000, 0x0000000085200000|100%| O|  |TAMS 0x0000000085200000, 0x0000000085100000| Untracked 
|  82|0x0000000085200000, 0x0000000085300000, 0x0000000085300000|100%| O|  |TAMS 0x0000000085300000, 0x0000000085200000| Untracked 
|  83|0x0000000085300000, 0x0000000085400000, 0x0000000085400000|100%|HS|  |TAMS 0x0000000085400000, 0x0000000085300000| Complete 
|  84|0x0000000085400000, 0x0000000085500000, 0x0000000085500000|100%|HC|  |TAMS 0x0000000085500000, 0x0000000085400000| Complete 
|  85|0x0000000085500000, 0x0000000085600000, 0x0000000085600000|100%|HC|  |TAMS 0x0000000085600000, 0x0000000085500000| Complete 
|  86|0x0000000085600000, 0x0000000085700000, 0x0000000085700000|100%|HS|  |TAMS 0x0000000085700000, 0x0000000085600000| Complete 
|  87|0x0000000085700000, 0x0000000085800000, 0x0000000085800000|100%|HC|  |TAMS 0x0000000085800000, 0x0000000085700000| Complete 
|  88|0x0000000085800000, 0x0000000085900000, 0x0000000085900000|100%| O|  |TAMS 0x0000000085900000, 0x0000000085800000| Untracked 
|  89|0x0000000085900000, 0x0000000085a00000, 0x0000000085a00000|100%| O|  |TAMS 0x0000000085a00000, 0x0000000085900000| Untracked 
|  90|0x0000000085a00000, 0x0000000085b00000, 0x0000000085b00000|100%| O|  |TAMS 0x0000000085b00000, 0x0000000085a00000| Untracked 
|  91|0x0000000085b00000, 0x0000000085c00000, 0x0000000085c00000|100%| O|  |TAMS 0x0000000085c00000, 0x0000000085b00000| Untracked 
|  92|0x0000000085c00000, 0x0000000085d00000, 0x0000000085d00000|100%| O|  |TAMS 0x0000000085d00000, 0x0000000085c00000| Untracked 
|  93|0x0000000085d00000, 0x0000000085e00000, 0x0000000085e00000|100%| O|  |TAMS 0x0000000085e00000, 0x0000000085d00000| Untracked 
|  94|0x0000000085e00000, 0x0000000085f00000, 0x0000000085f00000|100%| O|  |TAMS 0x0000000085f00000, 0x0000000085e00000| Untracked 
|  95|0x0000000085f00000, 0x0000000086000000, 0x0000000086000000|100%| O|  |TAMS 0x0000000086000000, 0x0000000085f00000| Untracked 
|  96|0x0000000086000000, 0x0000000086100000, 0x0000000086100000|100%| O|  |TAMS 0x0000000086100000, 0x0000000086000000| Untracked 
|  97|0x0000000086100000, 0x0000000086200000, 0x0000000086200000|100%| O|  |TAMS 0x0000000086200000, 0x0000000086100000| Untracked 
|  98|0x0000000086200000, 0x0000000086300000, 0x0000000086300000|100%| O|  |TAMS 0x0000000086300000, 0x0000000086200000| Untracked 
|  99|0x0000000086300000, 0x0000000086400000, 0x0000000086400000|100%| O|  |TAMS 0x0000000086400000, 0x0000000086300000| Untracked 
| 100|0x0000000086400000, 0x0000000086500000, 0x0000000086500000|100%| O|  |TAMS 0x0000000086500000, 0x0000000086400000| Untracked 
| 101|0x0000000086500000, 0x0000000086600000, 0x0000000086600000|100%| O|  |TAMS 0x0000000086600000, 0x0000000086500000| Untracked 
| 102|0x0000000086600000, 0x0000000086700000, 0x0000000086700000|100%| O|  |TAMS 0x0000000086700000, 0x0000000086600000| Untracked 
| 103|0x0000000086700000, 0x0000000086800000, 0x0000000086800000|100%|HS|  |TAMS 0x0000000086800000, 0x0000000086700000| Complete 
| 104|0x0000000086800000, 0x0000000086900000, 0x0000000086900000|100%|HS|  |TAMS 0x0000000086900000, 0x0000000086800000| Complete 
| 105|0x0000000086900000, 0x0000000086a00000, 0x0000000086a00000|100%|HS|  |TAMS 0x0000000086a00000, 0x0000000086900000| Complete 
| 106|0x0000000086a00000, 0x0000000086b00000, 0x0000000086b00000|100%|HS|  |TAMS 0x0000000086b00000, 0x0000000086a00000| Complete 
| 107|0x0000000086b00000, 0x0000000086c00000, 0x0000000086c00000|100%|HC|  |TAMS 0x0000000086c00000, 0x0000000086b00000| Complete 
| 108|0x0000000086c00000, 0x0000000086d00000, 0x0000000086d00000|100%|HC|  |TAMS 0x0000000086d00000, 0x0000000086c00000| Complete 
| 109|0x0000000086d00000, 0x0000000086e00000, 0x0000000086e00000|100%|HS|  |TAMS 0x0000000086e00000, 0x0000000086d00000| Complete 
| 110|0x0000000086e00000, 0x0000000086f00000, 0x0000000086f00000|100%|HC|  |TAMS 0x0000000086f00000, 0x0000000086e00000| Complete 
| 111|0x0000000086f00000, 0x0000000087000000, 0x0000000087000000|100%| O|  |TAMS 0x0000000087000000, 0x0000000086f00000| Untracked 
| 112|0x0000000087000000, 0x0000000087100000, 0x0000000087100000|100%| O|  |TAMS 0x0000000087100000, 0x0000000087000000| Untracked 
| 113|0x0000000087100000, 0x0000000087200000, 0x0000000087200000|100%| O|  |TAMS 0x0000000087200000, 0x0000000087100000| Untracked 
| 114|0x0000000087200000, 0x0000000087300000, 0x0000000087300000|100%| O|  |TAMS 0x0000000087300000, 0x0000000087200000| Untracked 
| 115|0x0000000087300000, 0x0000000087400000, 0x0000000087400000|100%| O|  |TAMS 0x0000000087400000, 0x0000000087300000| Untracked 
| 116|0x0000000087400000, 0x0000000087500000, 0x0000000087500000|100%| O|  |TAMS 0x0000000087500000, 0x0000000087400000| Untracked 
| 117|0x0000000087500000, 0x0000000087600000, 0x0000000087600000|100%| O|  |TAMS 0x0000000087600000, 0x0000000087500000| Untracked 
| 118|0x0000000087600000, 0x0000000087700000, 0x0000000087700000|100%| O|  |TAMS 0x0000000087700000, 0x0000000087600000| Untracked 
| 119|0x0000000087700000, 0x0000000087800000, 0x0000000087800000|100%| O|  |TAMS 0x0000000087800000, 0x0000000087700000| Untracked 
| 120|0x0000000087800000, 0x0000000087900000, 0x0000000087900000|100%| O|  |TAMS 0x0000000087900000, 0x0000000087800000| Untracked 
| 121|0x0000000087900000, 0x0000000087a00000, 0x0000000087a00000|100%| O|  |TAMS 0x0000000087a00000, 0x0000000087900000| Untracked 
| 122|0x0000000087a00000, 0x0000000087b00000, 0x0000000087b00000|100%| O|  |TAMS 0x0000000087b00000, 0x0000000087a00000| Untracked 
| 123|0x0000000087b00000, 0x0000000087c00000, 0x0000000087c00000|100%| O|  |TAMS 0x0000000087c00000, 0x0000000087b00000| Untracked 
| 124|0x0000000087c00000, 0x0000000087d00000, 0x0000000087d00000|100%| O|  |TAMS 0x0000000087d00000, 0x0000000087c00000| Untracked 
| 125|0x0000000087d00000, 0x0000000087e00000, 0x0000000087e00000|100%|HS|  |TAMS 0x0000000087e00000, 0x0000000087d00000| Complete 
| 126|0x0000000087e00000, 0x0000000087f00000, 0x0000000087f00000|100%|HS|  |TAMS 0x0000000087f00000, 0x0000000087e00000| Complete 
| 127|0x0000000087f00000, 0x0000000088000000, 0x0000000088000000|100%|HS|  |TAMS 0x0000000088000000, 0x0000000087f00000| Complete 
| 128|0x0000000088000000, 0x0000000088100000, 0x0000000088100000|100%|HS|  |TAMS 0x0000000088100000, 0x0000000088000000| Complete 
| 129|0x0000000088100000, 0x0000000088200000, 0x0000000088200000|100%|HC|  |TAMS 0x0000000088200000, 0x0000000088100000| Complete 
| 130|0x0000000088200000, 0x0000000088300000, 0x0000000088300000|100%|HC|  |TAMS 0x0000000088300000, 0x0000000088200000| Complete 
| 131|0x0000000088300000, 0x0000000088400000, 0x0000000088400000|100%| O|  |TAMS 0x0000000088400000, 0x0000000088300000| Untracked 
| 132|0x0000000088400000, 0x0000000088500000, 0x0000000088500000|100%| O|  |TAMS 0x0000000088500000, 0x0000000088400000| Untracked 
| 133|0x0000000088500000, 0x0000000088600000, 0x0000000088600000|100%| O|  |TAMS 0x0000000088600000, 0x0000000088500000| Untracked 
| 134|0x0000000088600000, 0x0000000088700000, 0x0000000088700000|100%| O|  |TAMS 0x0000000088700000, 0x0000000088600000| Untracked 
| 135|0x0000000088700000, 0x0000000088800000, 0x0000000088800000|100%| O|  |TAMS 0x0000000088800000, 0x0000000088700000| Untracked 
| 136|0x0000000088800000, 0x0000000088900000, 0x0000000088900000|100%| O|  |TAMS 0x0000000088900000, 0x0000000088800000| Untracked 
| 137|0x0000000088900000, 0x0000000088a00000, 0x0000000088a00000|100%| O|  |TAMS 0x0000000088a00000, 0x0000000088900000| Untracked 
| 138|0x0000000088a00000, 0x0000000088b00000, 0x0000000088b00000|100%| O|  |TAMS 0x0000000088b00000, 0x0000000088a00000| Untracked 
| 139|0x0000000088b00000, 0x0000000088c00000, 0x0000000088c00000|100%| O|  |TAMS 0x0000000088c00000, 0x0000000088b00000| Untracked 
| 140|0x0000000088c00000, 0x0000000088d00000, 0x0000000088d00000|100%| O|  |TAMS 0x0000000088d00000, 0x0000000088c00000| Untracked 
| 141|0x0000000088d00000, 0x0000000088e00000, 0x0000000088e00000|100%| O|  |TAMS 0x0000000088e00000, 0x0000000088d00000| Untracked 
| 142|0x0000000088e00000, 0x0000000088f00000, 0x0000000088f00000|100%| O|  |TAMS 0x0000000088f00000, 0x0000000088e00000| Untracked 
| 143|0x0000000088f00000, 0x0000000089000000, 0x0000000089000000|100%| O|  |TAMS 0x0000000089000000, 0x0000000088f00000| Untracked 
| 144|0x0000000089000000, 0x0000000089100000, 0x0000000089100000|100%| O|  |TAMS 0x0000000089100000, 0x0000000089000000| Untracked 
| 145|0x0000000089100000, 0x0000000089200000, 0x0000000089200000|100%| O|  |TAMS 0x0000000089200000, 0x0000000089100000| Untracked 
| 146|0x0000000089200000, 0x0000000089300000, 0x0000000089300000|100%| O|  |TAMS 0x0000000089300000, 0x0000000089200000| Untracked 
| 147|0x0000000089300000, 0x0000000089400000, 0x0000000089400000|100%| O|  |TAMS 0x0000000089400000, 0x0000000089300000| Untracked 
| 148|0x0000000089400000, 0x0000000089500000, 0x0000000089500000|100%| O|  |TAMS 0x0000000089500000, 0x0000000089400000| Untracked 
| 149|0x0000000089500000, 0x0000000089600000, 0x0000000089600000|100%| O|  |TAMS 0x0000000089600000, 0x0000000089500000| Untracked 
| 150|0x0000000089600000, 0x0000000089700000, 0x0000000089700000|100%| O|  |TAMS 0x0000000089700000, 0x0000000089600000| Untracked 
| 151|0x0000000089700000, 0x0000000089800000, 0x0000000089800000|100%|HS|  |TAMS 0x0000000089800000, 0x0000000089700000| Complete 
| 152|0x0000000089800000, 0x0000000089900000, 0x0000000089900000|100%|HS|  |TAMS 0x0000000089900000, 0x0000000089800000| Complete 
| 153|0x0000000089900000, 0x0000000089a00000, 0x0000000089a00000|100%| O|  |TAMS 0x0000000089a00000, 0x0000000089900000| Untracked 
| 154|0x0000000089a00000, 0x0000000089b00000, 0x0000000089b00000|100%| O|  |TAMS 0x0000000089b00000, 0x0000000089a00000| Untracked 
| 155|0x0000000089b00000, 0x0000000089c00000, 0x0000000089c00000|100%| O|  |TAMS 0x0000000089c00000, 0x0000000089b00000| Untracked 
| 156|0x0000000089c00000, 0x0000000089d00000, 0x0000000089d00000|100%| O|  |TAMS 0x0000000089d00000, 0x0000000089c00000| Untracked 
| 157|0x0000000089d00000, 0x0000000089e00000, 0x0000000089e00000|100%| O|  |TAMS 0x0000000089e00000, 0x0000000089d00000| Untracked 
| 158|0x0000000089e00000, 0x0000000089f00000, 0x0000000089f00000|100%| O|  |TAMS 0x0000000089f00000, 0x0000000089e00000| Untracked 
| 159|0x0000000089f00000, 0x000000008a000000, 0x000000008a000000|100%| O|  |TAMS 0x000000008a000000, 0x0000000089f00000| Untracked 
| 160|0x000000008a000000, 0x000000008a100000, 0x000000008a100000|100%| O|  |TAMS 0x000000008a100000, 0x000000008a000000| Untracked 
| 161|0x000000008a100000, 0x000000008a200000, 0x000000008a200000|100%| O|  |TAMS 0x000000008a200000, 0x000000008a100000| Untracked 
| 162|0x000000008a200000, 0x000000008a300000, 0x000000008a300000|100%| O|  |TAMS 0x000000008a300000, 0x000000008a200000| Untracked 
| 163|0x000000008a300000, 0x000000008a400000, 0x000000008a400000|100%| O|  |TAMS 0x000000008a400000, 0x000000008a300000| Untracked 
| 164|0x000000008a400000, 0x000000008a500000, 0x000000008a500000|100%| O|  |TAMS 0x000000008a500000, 0x000000008a400000| Untracked 
| 165|0x000000008a500000, 0x000000008a600000, 0x000000008a600000|100%| O|  |TAMS 0x000000008a600000, 0x000000008a500000| Untracked 
| 166|0x000000008a600000, 0x000000008a700000, 0x000000008a700000|100%| O|  |TAMS 0x000000008a700000, 0x000000008a600000| Untracked 
| 167|0x000000008a700000, 0x000000008a800000, 0x000000008a800000|100%| O|  |TAMS 0x000000008a800000, 0x000000008a700000| Untracked 
| 168|0x000000008a800000, 0x000000008a900000, 0x000000008a900000|100%| O|  |TAMS 0x000000008a900000, 0x000000008a800000| Untracked 
| 169|0x000000008a900000, 0x000000008aa00000, 0x000000008aa00000|100%| O|  |TAMS 0x000000008aa00000, 0x000000008a900000| Untracked 
| 170|0x000000008aa00000, 0x000000008ab00000, 0x000000008ab00000|100%| O|  |TAMS 0x000000008ab00000, 0x000000008aa00000| Untracked 
| 171|0x000000008ab00000, 0x000000008ac00000, 0x000000008ac00000|100%| O|  |TAMS 0x000000008ac00000, 0x000000008ab00000| Untracked 
| 172|0x000000008ac00000, 0x000000008ad00000, 0x000000008ad00000|100%| O|  |TAMS 0x000000008ad00000, 0x000000008ac00000| Untracked 
| 173|0x000000008ad00000, 0x000000008ae00000, 0x000000008ae00000|100%| O|  |TAMS 0x000000008ae00000, 0x000000008ad00000| Untracked 
| 174|0x000000008ae00000, 0x000000008af00000, 0x000000008af00000|100%| O|  |TAMS 0x000000008af00000, 0x000000008ae00000| Untracked 
| 175|0x000000008af00000, 0x000000008b000000, 0x000000008b000000|100%| O|  |TAMS 0x000000008b000000, 0x000000008af00000| Untracked 
| 176|0x000000008b000000, 0x000000008b100000, 0x000000008b100000|100%|HS|  |TAMS 0x000000008b100000, 0x000000008b000000| Complete 
| 177|0x000000008b100000, 0x000000008b200000, 0x000000008b200000|100%|HC|  |TAMS 0x000000008b200000, 0x000000008b100000| Complete 
| 178|0x000000008b200000, 0x000000008b300000, 0x000000008b300000|100%| O|  |TAMS 0x000000008b300000, 0x000000008b200000| Untracked 
| 179|0x000000008b300000, 0x000000008b400000, 0x000000008b400000|100%| O|  |TAMS 0x000000008b400000, 0x000000008b300000| Untracked 
| 180|0x000000008b400000, 0x000000008b500000, 0x000000008b500000|100%| O|  |TAMS 0x000000008b500000, 0x000000008b400000| Untracked 
| 181|0x000000008b500000, 0x000000008b600000, 0x000000008b600000|100%| O|  |TAMS 0x000000008b600000, 0x000000008b500000| Untracked 
| 182|0x000000008b600000, 0x000000008b700000, 0x000000008b700000|100%| O|  |TAMS 0x000000008b700000, 0x000000008b600000| Complete 
| 183|0x000000008b700000, 0x000000008b800000, 0x000000008b800000|100%| O|  |TAMS 0x000000008b800000, 0x000000008b700000| Untracked 
| 184|0x000000008b800000, 0x000000008b900000, 0x000000008b900000|100%| O|  |TAMS 0x000000008b900000, 0x000000008b800000| Untracked 
| 185|0x000000008b900000, 0x000000008ba00000, 0x000000008ba00000|100%| O|  |TAMS 0x000000008ba00000, 0x000000008b900000| Untracked 
| 186|0x000000008ba00000, 0x000000008bb00000, 0x000000008bb00000|100%| O|  |TAMS 0x000000008bb00000, 0x000000008ba00000| Untracked 
| 187|0x000000008bb00000, 0x000000008bc00000, 0x000000008bc00000|100%| O|  |TAMS 0x000000008bc00000, 0x000000008bb00000| Untracked 
| 188|0x000000008bc00000, 0x000000008bd00000, 0x000000008bd00000|100%| O|  |TAMS 0x000000008bd00000, 0x000000008bc00000| Untracked 
| 189|0x000000008bd00000, 0x000000008be00000, 0x000000008be00000|100%| O|  |TAMS 0x000000008be00000, 0x000000008bd00000| Complete 
| 190|0x000000008be00000, 0x000000008bf00000, 0x000000008bf00000|100%| O|  |TAMS 0x000000008bf00000, 0x000000008be00000| Untracked 
| 191|0x000000008bf00000, 0x000000008c000000, 0x000000008c000000|100%| O|  |TAMS 0x000000008c000000, 0x000000008bf00000| Untracked 
| 192|0x000000008c000000, 0x000000008c100000, 0x000000008c100000|100%| O|  |TAMS 0x000000008c100000, 0x000000008c000000| Untracked 
| 193|0x000000008c100000, 0x000000008c200000, 0x000000008c200000|100%| O|  |TAMS 0x000000008c200000, 0x000000008c100000| Untracked 
| 194|0x000000008c200000, 0x000000008c300000, 0x000000008c300000|100%| O|  |TAMS 0x000000008c300000, 0x000000008c200000| Untracked 
| 195|0x000000008c300000, 0x000000008c400000, 0x000000008c400000|100%| O|  |TAMS 0x000000008c400000, 0x000000008c300000| Untracked 
| 196|0x000000008c400000, 0x000000008c500000, 0x000000008c500000|100%| O|  |TAMS 0x000000008c500000, 0x000000008c400000| Complete 
| 197|0x000000008c500000, 0x000000008c600000, 0x000000008c600000|100%| O|  |TAMS 0x000000008c600000, 0x000000008c500000| Untracked 
| 198|0x000000008c600000, 0x000000008c700000, 0x000000008c700000|100%| O|  |TAMS 0x000000008c700000, 0x000000008c600000| Untracked 
| 199|0x000000008c700000, 0x000000008c800000, 0x000000008c800000|100%| O|  |TAMS 0x000000008c800000, 0x000000008c700000| Untracked 
| 200|0x000000008c800000, 0x000000008c900000, 0x000000008c900000|100%| O|  |TAMS 0x000000008c900000, 0x000000008c800000| Untracked 
| 201|0x000000008c900000, 0x000000008ca00000, 0x000000008ca00000|100%| O|  |TAMS 0x000000008ca00000, 0x000000008c900000| Untracked 
| 202|0x000000008ca00000, 0x000000008cb00000, 0x000000008cb00000|100%| O|  |TAMS 0x000000008cb00000, 0x000000008ca00000| Untracked 
| 203|0x000000008cb00000, 0x000000008cc00000, 0x000000008cc00000|100%| O|  |TAMS 0x000000008cc00000, 0x000000008cb00000| Untracked 
| 204|0x000000008cc00000, 0x000000008cd00000, 0x000000008cd00000|100%| O|  |TAMS 0x000000008cd00000, 0x000000008cc00000| Untracked 
| 205|0x000000008cd00000, 0x000000008ce00000, 0x000000008ce00000|100%| O|  |TAMS 0x000000008ce00000, 0x000000008cd00000| Untracked 
| 206|0x000000008ce00000, 0x000000008cf00000, 0x000000008cf00000|100%| O|  |TAMS 0x000000008cf00000, 0x000000008ce00000| Untracked 
| 207|0x000000008cf00000, 0x000000008d000000, 0x000000008d000000|100%| O|  |TAMS 0x000000008d000000, 0x000000008cf00000| Untracked 
| 208|0x000000008d000000, 0x000000008d100000, 0x000000008d100000|100%| O|  |TAMS 0x000000008d100000, 0x000000008d000000| Untracked 
| 209|0x000000008d100000, 0x000000008d200000, 0x000000008d200000|100%| O|  |TAMS 0x000000008d200000, 0x000000008d100000| Untracked 
| 210|0x000000008d200000, 0x000000008d300000, 0x000000008d300000|100%| O|  |TAMS 0x000000008d300000, 0x000000008d200000| Untracked 
| 211|0x000000008d300000, 0x000000008d300000, 0x000000008d400000|  0%| F|  |TAMS 0x000000008d300000, 0x000000008d300000| Untracked 
| 212|0x000000008d400000, 0x000000008d500000, 0x000000008d500000|100%| O|  |TAMS 0x000000008d500000, 0x000000008d400000| Complete 
| 213|0x000000008d500000, 0x000000008d600000, 0x000000008d600000|100%| O|  |TAMS 0x000000008d600000, 0x000000008d500000| Complete 
| 214|0x000000008d600000, 0x000000008d700000, 0x000000008d700000|100%| O|  |TAMS 0x000000008d700000, 0x000000008d600000| Complete 
| 215|0x000000008d700000, 0x000000008d800000, 0x000000008d800000|100%| O|  |TAMS 0x000000008d800000, 0x000000008d700000| Untracked 
| 216|0x000000008d800000, 0x000000008d900000, 0x000000008d900000|100%| O|  |TAMS 0x000000008d900000, 0x000000008d800000| Untracked 
| 217|0x000000008d900000, 0x000000008da00000, 0x000000008da00000|100%| O|  |TAMS 0x000000008da00000, 0x000000008d900000| Untracked 
| 218|0x000000008da00000, 0x000000008db00000, 0x000000008db00000|100%| O|  |TAMS 0x000000008db00000, 0x000000008da00000| Untracked 
| 219|0x000000008db00000, 0x000000008dc00000, 0x000000008dc00000|100%| O|  |TAMS 0x000000008dc00000, 0x000000008db00000| Untracked 
| 220|0x000000008dc00000, 0x000000008dd00000, 0x000000008dd00000|100%| O|  |TAMS 0x000000008dd00000, 0x000000008dc00000| Untracked 
| 221|0x000000008dd00000, 0x000000008de00000, 0x000000008de00000|100%| O|  |TAMS 0x000000008de00000, 0x000000008dd00000| Untracked 
| 222|0x000000008de00000, 0x000000008df00000, 0x000000008df00000|100%| O|  |TAMS 0x000000008df00000, 0x000000008de00000| Untracked 
| 223|0x000000008df00000, 0x000000008e000000, 0x000000008e000000|100%| O|  |TAMS 0x000000008e000000, 0x000000008df00000| Untracked 
| 224|0x000000008e000000, 0x000000008e100000, 0x000000008e100000|100%|HS|  |TAMS 0x000000008e100000, 0x000000008e000000| Complete 
| 225|0x000000008e100000, 0x000000008e200000, 0x000000008e200000|100%|HC|  |TAMS 0x000000008e200000, 0x000000008e100000| Complete 
| 226|0x000000008e200000, 0x000000008e300000, 0x000000008e300000|100%|HC|  |TAMS 0x000000008e300000, 0x000000008e200000| Complete 
| 227|0x000000008e300000, 0x000000008e400000, 0x000000008e400000|100%|HC|  |TAMS 0x000000008e400000, 0x000000008e300000| Complete 
| 228|0x000000008e400000, 0x000000008e500000, 0x000000008e500000|100%|HC|  |TAMS 0x000000008e500000, 0x000000008e400000| Complete 
| 229|0x000000008e500000, 0x000000008e600000, 0x000000008e600000|100%|HC|  |TAMS 0x000000008e600000, 0x000000008e500000| Complete 
| 230|0x000000008e600000, 0x000000008e700000, 0x000000008e700000|100%|HC|  |TAMS 0x000000008e700000, 0x000000008e600000| Complete 
| 231|0x000000008e700000, 0x000000008e800000, 0x000000008e800000|100%| O|  |TAMS 0x000000008e800000, 0x000000008e700000| Untracked 
| 232|0x000000008e800000, 0x000000008e900000, 0x000000008e900000|100%| O|  |TAMS 0x000000008e900000, 0x000000008e800000| Untracked 
| 233|0x000000008e900000, 0x000000008ea00000, 0x000000008ea00000|100%| O|  |TAMS 0x000000008ea00000, 0x000000008e900000| Untracked 
| 234|0x000000008ea00000, 0x000000008eb00000, 0x000000008eb00000|100%| O|  |TAMS 0x000000008eb00000, 0x000000008ea00000| Untracked 
| 235|0x000000008eb00000, 0x000000008ec00000, 0x000000008ec00000|100%| O|  |TAMS 0x000000008ec00000, 0x000000008eb00000| Untracked 
| 236|0x000000008ec00000, 0x000000008ed00000, 0x000000008ed00000|100%| O|  |TAMS 0x000000008ed00000, 0x000000008ec00000| Untracked 
| 237|0x000000008ed00000, 0x000000008ee00000, 0x000000008ee00000|100%| O|  |TAMS 0x000000008ee00000, 0x000000008ed00000| Untracked 
| 238|0x000000008ee00000, 0x000000008ef00000, 0x000000008ef00000|100%| O|  |TAMS 0x000000008ef00000, 0x000000008ee00000| Untracked 
| 239|0x000000008ef00000, 0x000000008f000000, 0x000000008f000000|100%| O|  |TAMS 0x000000008f000000, 0x000000008ef00000| Untracked 
| 240|0x000000008f000000, 0x000000008f100000, 0x000000008f100000|100%| O|  |TAMS 0x000000008f100000, 0x000000008f000000| Untracked 
| 241|0x000000008f100000, 0x000000008f200000, 0x000000008f200000|100%| O|  |TAMS 0x000000008f200000, 0x000000008f100000| Untracked 
| 242|0x000000008f200000, 0x000000008f300000, 0x000000008f300000|100%| O|  |TAMS 0x000000008f300000, 0x000000008f200000| Complete 
| 243|0x000000008f300000, 0x000000008f300000, 0x000000008f400000|  0%| F|  |TAMS 0x000000008f300000, 0x000000008f300000| Untracked 
| 244|0x000000008f400000, 0x000000008f400000, 0x000000008f500000|  0%| F|  |TAMS 0x000000008f400000, 0x000000008f400000| Untracked 
| 245|0x000000008f500000, 0x000000008f500000, 0x000000008f600000|  0%| F|  |TAMS 0x000000008f500000, 0x000000008f500000| Untracked 
| 246|0x000000008f600000, 0x000000008f600000, 0x000000008f700000|  0%| F|  |TAMS 0x000000008f600000, 0x000000008f600000| Untracked 
| 247|0x000000008f700000, 0x000000008f700000, 0x000000008f800000|  0%| F|  |TAMS 0x000000008f700000, 0x000000008f700000| Untracked 
| 248|0x000000008f800000, 0x000000008f800000, 0x000000008f900000|  0%| F|  |TAMS 0x000000008f800000, 0x000000008f800000| Untracked 
| 249|0x000000008f900000, 0x000000008f900000, 0x000000008fa00000|  0%| F|  |TAMS 0x000000008f900000, 0x000000008f900000| Untracked 
| 250|0x000000008fa00000, 0x000000008fa00000, 0x000000008fb00000|  0%| F|  |TAMS 0x000000008fa00000, 0x000000008fa00000| Untracked 
| 251|0x000000008fb00000, 0x000000008fb00000, 0x000000008fc00000|  0%| F|  |TAMS 0x000000008fb00000, 0x000000008fb00000| Untracked 
| 252|0x000000008fc00000, 0x000000008fc00000, 0x000000008fd00000|  0%| F|  |TAMS 0x000000008fc00000, 0x000000008fc00000| Untracked 
| 253|0x000000008fd00000, 0x000000008fd00000, 0x000000008fe00000|  0%| F|  |TAMS 0x000000008fd00000, 0x000000008fd00000| Untracked 
| 254|0x000000008fe00000, 0x000000008fe00000, 0x000000008ff00000|  0%| F|  |TAMS 0x000000008fe00000, 0x000000008fe00000| Untracked 
| 255|0x000000008ff00000, 0x000000008ff00000, 0x0000000090000000|  0%| F|  |TAMS 0x000000008ff00000, 0x000000008ff00000| Untracked 
| 256|0x0000000090000000, 0x0000000090000000, 0x0000000090100000|  0%| F|  |TAMS 0x0000000090000000, 0x0000000090000000| Untracked 
| 257|0x0000000090100000, 0x0000000090100000, 0x0000000090200000|  0%| F|  |TAMS 0x0000000090100000, 0x0000000090100000| Untracked 
| 258|0x0000000090200000, 0x0000000090200000, 0x0000000090300000|  0%| F|  |TAMS 0x0000000090200000, 0x0000000090200000| Untracked 
| 259|0x0000000090300000, 0x0000000090300000, 0x0000000090400000|  0%| F|  |TAMS 0x0000000090300000, 0x0000000090300000| Untracked 
| 260|0x0000000090400000, 0x0000000090400000, 0x0000000090500000|  0%| F|  |TAMS 0x0000000090400000, 0x0000000090400000| Untracked 
| 261|0x0000000090500000, 0x0000000090500000, 0x0000000090600000|  0%| F|  |TAMS 0x0000000090500000, 0x0000000090500000| Untracked 
| 262|0x0000000090600000, 0x0000000090600000, 0x0000000090700000|  0%| F|  |TAMS 0x0000000090600000, 0x0000000090600000| Untracked 
| 263|0x0000000090700000, 0x0000000090700000, 0x0000000090800000|  0%| F|  |TAMS 0x0000000090700000, 0x0000000090700000| Untracked 
| 264|0x0000000090800000, 0x0000000090800000, 0x0000000090900000|  0%| F|  |TAMS 0x0000000090800000, 0x0000000090800000| Untracked 
| 265|0x0000000090900000, 0x0000000090900000, 0x0000000090a00000|  0%| F|  |TAMS 0x0000000090900000, 0x0000000090900000| Untracked 
| 266|0x0000000090a00000, 0x0000000090a00000, 0x0000000090b00000|  0%| F|  |TAMS 0x0000000090a00000, 0x0000000090a00000| Untracked 
| 267|0x0000000090b00000, 0x0000000090b00000, 0x0000000090c00000|  0%| F|  |TAMS 0x0000000090b00000, 0x0000000090b00000| Untracked 
| 268|0x0000000090c00000, 0x0000000090c00000, 0x0000000090d00000|  0%| F|  |TAMS 0x0000000090c00000, 0x0000000090c00000| Untracked 
| 269|0x0000000090d00000, 0x0000000090d00000, 0x0000000090e00000|  0%| F|  |TAMS 0x0000000090d00000, 0x0000000090d00000| Untracked 
| 270|0x0000000090e00000, 0x0000000090e00000, 0x0000000090f00000|  0%| F|  |TAMS 0x0000000090e00000, 0x0000000090e00000| Untracked 
| 271|0x0000000090f00000, 0x0000000090f00000, 0x0000000091000000|  0%| F|  |TAMS 0x0000000090f00000, 0x0000000090f00000| Untracked 
| 272|0x0000000091000000, 0x0000000091000000, 0x0000000091100000|  0%| F|  |TAMS 0x0000000091000000, 0x0000000091000000| Untracked 
| 273|0x0000000091100000, 0x0000000091100000, 0x0000000091200000|  0%| F|  |TAMS 0x0000000091100000, 0x0000000091100000| Untracked 
| 274|0x0000000091200000, 0x0000000091200000, 0x0000000091300000|  0%| F|  |TAMS 0x0000000091200000, 0x0000000091200000| Untracked 
| 275|0x0000000091300000, 0x0000000091300000, 0x0000000091400000|  0%| F|  |TAMS 0x0000000091300000, 0x0000000091300000| Untracked 
| 276|0x0000000091400000, 0x0000000091400000, 0x0000000091500000|  0%| F|  |TAMS 0x0000000091400000, 0x0000000091400000| Untracked 
| 277|0x0000000091500000, 0x0000000091500000, 0x0000000091600000|  0%| F|  |TAMS 0x0000000091500000, 0x0000000091500000| Untracked 
| 278|0x0000000091600000, 0x0000000091600000, 0x0000000091700000|  0%| F|  |TAMS 0x0000000091600000, 0x0000000091600000| Untracked 
| 279|0x0000000091700000, 0x0000000091700000, 0x0000000091800000|  0%| F|  |TAMS 0x0000000091700000, 0x0000000091700000| Untracked 
| 280|0x0000000091800000, 0x0000000091800000, 0x0000000091900000|  0%| F|  |TAMS 0x0000000091800000, 0x0000000091800000| Untracked 
| 281|0x0000000091900000, 0x0000000091900000, 0x0000000091a00000|  0%| F|  |TAMS 0x0000000091900000, 0x0000000091900000| Untracked 
| 282|0x0000000091a00000, 0x0000000091a00000, 0x0000000091b00000|  0%| F|  |TAMS 0x0000000091a00000, 0x0000000091a00000| Untracked 
| 283|0x0000000091b00000, 0x0000000091b00000, 0x0000000091c00000|  0%| F|  |TAMS 0x0000000091b00000, 0x0000000091b00000| Untracked 
| 284|0x0000000091c00000, 0x0000000091c00000, 0x0000000091d00000|  0%| F|  |TAMS 0x0000000091c00000, 0x0000000091c00000| Untracked 
| 285|0x0000000091d00000, 0x0000000091d00000, 0x0000000091e00000|  0%| F|  |TAMS 0x0000000091d00000, 0x0000000091d00000| Untracked 
| 286|0x0000000091e00000, 0x0000000091e00000, 0x0000000091f00000|  0%| F|  |TAMS 0x0000000091e00000, 0x0000000091e00000| Untracked 
| 287|0x0000000091f00000, 0x0000000091f00000, 0x0000000092000000|  0%| F|  |TAMS 0x0000000091f00000, 0x0000000091f00000| Untracked 
| 288|0x0000000092000000, 0x0000000092000000, 0x0000000092100000|  0%| F|  |TAMS 0x0000000092000000, 0x0000000092000000| Untracked 
| 289|0x0000000092100000, 0x0000000092100000, 0x0000000092200000|  0%| F|  |TAMS 0x0000000092100000, 0x0000000092100000| Untracked 
| 290|0x0000000092200000, 0x0000000092200000, 0x0000000092300000|  0%| F|  |TAMS 0x0000000092200000, 0x0000000092200000| Untracked 
| 291|0x0000000092300000, 0x0000000092300000, 0x0000000092400000|  0%| F|  |TAMS 0x0000000092300000, 0x0000000092300000| Untracked 
| 292|0x0000000092400000, 0x0000000092400000, 0x0000000092500000|  0%| F|  |TAMS 0x0000000092400000, 0x0000000092400000| Untracked 
| 293|0x0000000092500000, 0x0000000092500000, 0x0000000092600000|  0%| F|  |TAMS 0x0000000092500000, 0x0000000092500000| Untracked 
| 294|0x0000000092600000, 0x0000000092600000, 0x0000000092700000|  0%| F|  |TAMS 0x0000000092600000, 0x0000000092600000| Untracked 
| 295|0x0000000092700000, 0x0000000092700000, 0x0000000092800000|  0%| F|  |TAMS 0x0000000092700000, 0x0000000092700000| Untracked 
| 296|0x0000000092800000, 0x0000000092800000, 0x0000000092900000|  0%| F|  |TAMS 0x0000000092800000, 0x0000000092800000| Untracked 
| 297|0x0000000092900000, 0x0000000092900000, 0x0000000092a00000|  0%| F|  |TAMS 0x0000000092900000, 0x0000000092900000| Untracked 
| 298|0x0000000092a00000, 0x0000000092a00000, 0x0000000092b00000|  0%| F|  |TAMS 0x0000000092a00000, 0x0000000092a00000| Untracked 
| 299|0x0000000092b00000, 0x0000000092b00000, 0x0000000092c00000|  0%| F|  |TAMS 0x0000000092b00000, 0x0000000092b00000| Untracked 
| 300|0x0000000092c00000, 0x0000000092c00000, 0x0000000092d00000|  0%| F|  |TAMS 0x0000000092c00000, 0x0000000092c00000| Untracked 
| 301|0x0000000092d00000, 0x0000000092d00000, 0x0000000092e00000|  0%| F|  |TAMS 0x0000000092d00000, 0x0000000092d00000| Untracked 
| 302|0x0000000092e00000, 0x0000000092e00000, 0x0000000092f00000|  0%| F|  |TAMS 0x0000000092e00000, 0x0000000092e00000| Untracked 
| 303|0x0000000092f00000, 0x0000000092f00000, 0x0000000093000000|  0%| F|  |TAMS 0x0000000092f00000, 0x0000000092f00000| Untracked 
| 304|0x0000000093000000, 0x0000000093000000, 0x0000000093100000|  0%| F|  |TAMS 0x0000000093000000, 0x0000000093000000| Untracked 
| 305|0x0000000093100000, 0x0000000093100000, 0x0000000093200000|  0%| F|  |TAMS 0x0000000093100000, 0x0000000093100000| Untracked 
| 306|0x0000000093200000, 0x0000000093200000, 0x0000000093300000|  0%| F|  |TAMS 0x0000000093200000, 0x0000000093200000| Untracked 
| 307|0x0000000093300000, 0x0000000093300000, 0x0000000093400000|  0%| F|  |TAMS 0x0000000093300000, 0x0000000093300000| Untracked 
| 308|0x0000000093400000, 0x0000000093400000, 0x0000000093500000|  0%| F|  |TAMS 0x0000000093400000, 0x0000000093400000| Untracked 
| 309|0x0000000093500000, 0x0000000093500000, 0x0000000093600000|  0%| F|  |TAMS 0x0000000093500000, 0x0000000093500000| Untracked 
| 310|0x0000000093600000, 0x0000000093600000, 0x0000000093700000|  0%| F|  |TAMS 0x0000000093600000, 0x0000000093600000| Untracked 
| 311|0x0000000093700000, 0x0000000093700000, 0x0000000093800000|  0%| F|  |TAMS 0x0000000093700000, 0x0000000093700000| Untracked 
| 312|0x0000000093800000, 0x0000000093800000, 0x0000000093900000|  0%| F|  |TAMS 0x0000000093800000, 0x0000000093800000| Untracked 
| 313|0x0000000093900000, 0x0000000093900000, 0x0000000093a00000|  0%| F|  |TAMS 0x0000000093900000, 0x0000000093900000| Untracked 
| 314|0x0000000093a00000, 0x0000000093a00000, 0x0000000093b00000|  0%| F|  |TAMS 0x0000000093a00000, 0x0000000093a00000| Untracked 
| 315|0x0000000093b00000, 0x0000000093b00000, 0x0000000093c00000|  0%| F|  |TAMS 0x0000000093b00000, 0x0000000093b00000| Untracked 
| 316|0x0000000093c00000, 0x0000000093c00000, 0x0000000093d00000|  0%| F|  |TAMS 0x0000000093c00000, 0x0000000093c00000| Untracked 
| 317|0x0000000093d00000, 0x0000000093d00000, 0x0000000093e00000|  0%| F|  |TAMS 0x0000000093d00000, 0x0000000093d00000| Untracked 
| 318|0x0000000093e00000, 0x0000000093e00000, 0x0000000093f00000|  0%| F|  |TAMS 0x0000000093e00000, 0x0000000093e00000| Untracked 
| 319|0x0000000093f00000, 0x0000000093f00000, 0x0000000094000000|  0%| F|  |TAMS 0x0000000093f00000, 0x0000000093f00000| Untracked 
| 320|0x0000000094000000, 0x0000000094000000, 0x0000000094100000|  0%| F|  |TAMS 0x0000000094000000, 0x0000000094000000| Untracked 
| 321|0x0000000094100000, 0x0000000094100000, 0x0000000094200000|  0%| F|  |TAMS 0x0000000094100000, 0x0000000094100000| Untracked 
| 322|0x0000000094200000, 0x0000000094200000, 0x0000000094300000|  0%| F|  |TAMS 0x0000000094200000, 0x0000000094200000| Untracked 
| 323|0x0000000094300000, 0x0000000094300000, 0x0000000094400000|  0%| F|  |TAMS 0x0000000094300000, 0x0000000094300000| Untracked 
| 324|0x0000000094400000, 0x0000000094400000, 0x0000000094500000|  0%| F|  |TAMS 0x0000000094400000, 0x0000000094400000| Untracked 
| 325|0x0000000094500000, 0x0000000094500000, 0x0000000094600000|  0%| F|  |TAMS 0x0000000094500000, 0x0000000094500000| Untracked 
| 326|0x0000000094600000, 0x0000000094600000, 0x0000000094700000|  0%| F|  |TAMS 0x0000000094600000, 0x0000000094600000| Untracked 
| 327|0x0000000094700000, 0x0000000094700000, 0x0000000094800000|  0%| F|  |TAMS 0x0000000094700000, 0x0000000094700000| Untracked 
| 328|0x0000000094800000, 0x0000000094800000, 0x0000000094900000|  0%| F|  |TAMS 0x0000000094800000, 0x0000000094800000| Untracked 
| 329|0x0000000094900000, 0x0000000094900000, 0x0000000094a00000|  0%| F|  |TAMS 0x0000000094900000, 0x0000000094900000| Untracked 
| 330|0x0000000094a00000, 0x0000000094a00000, 0x0000000094b00000|  0%| F|  |TAMS 0x0000000094a00000, 0x0000000094a00000| Untracked 
| 331|0x0000000094b00000, 0x0000000094b00000, 0x0000000094c00000|  0%| F|  |TAMS 0x0000000094b00000, 0x0000000094b00000| Untracked 
| 332|0x0000000094c00000, 0x0000000094c00000, 0x0000000094d00000|  0%| F|  |TAMS 0x0000000094c00000, 0x0000000094c00000| Untracked 
| 333|0x0000000094d00000, 0x0000000094d00000, 0x0000000094e00000|  0%| F|  |TAMS 0x0000000094d00000, 0x0000000094d00000| Untracked 
| 334|0x0000000094e00000, 0x0000000094e00000, 0x0000000094f00000|  0%| F|  |TAMS 0x0000000094e00000, 0x0000000094e00000| Untracked 
| 335|0x0000000094f00000, 0x0000000094f00000, 0x0000000095000000|  0%| F|  |TAMS 0x0000000094f00000, 0x0000000094f00000| Untracked 
| 336|0x0000000095000000, 0x0000000095000000, 0x0000000095100000|  0%| F|  |TAMS 0x0000000095000000, 0x0000000095000000| Untracked 
| 337|0x0000000095100000, 0x0000000095100000, 0x0000000095200000|  0%| F|  |TAMS 0x0000000095100000, 0x0000000095100000| Untracked 
| 338|0x0000000095200000, 0x0000000095200000, 0x0000000095300000|  0%| F|  |TAMS 0x0000000095200000, 0x0000000095200000| Untracked 
| 339|0x0000000095300000, 0x0000000095300000, 0x0000000095400000|  0%| F|  |TAMS 0x0000000095300000, 0x0000000095300000| Untracked 
| 340|0x0000000095400000, 0x0000000095400000, 0x0000000095500000|  0%| F|  |TAMS 0x0000000095400000, 0x0000000095400000| Untracked 
| 341|0x0000000095500000, 0x0000000095500000, 0x0000000095600000|  0%| F|  |TAMS 0x0000000095500000, 0x0000000095500000| Untracked 
| 342|0x0000000095600000, 0x0000000095600000, 0x0000000095700000|  0%| F|  |TAMS 0x0000000095600000, 0x0000000095600000| Untracked 
| 343|0x0000000095700000, 0x0000000095700000, 0x0000000095800000|  0%| F|  |TAMS 0x0000000095700000, 0x0000000095700000| Untracked 
| 344|0x0000000095800000, 0x0000000095800000, 0x0000000095900000|  0%| F|  |TAMS 0x0000000095800000, 0x0000000095800000| Untracked 
| 345|0x0000000095900000, 0x0000000095900000, 0x0000000095a00000|  0%| F|  |TAMS 0x0000000095900000, 0x0000000095900000| Untracked 
| 346|0x0000000095a00000, 0x0000000095a00000, 0x0000000095b00000|  0%| F|  |TAMS 0x0000000095a00000, 0x0000000095a00000| Untracked 
| 347|0x0000000095b00000, 0x0000000095b00000, 0x0000000095c00000|  0%| F|  |TAMS 0x0000000095b00000, 0x0000000095b00000| Untracked 
| 348|0x0000000095c00000, 0x0000000095c00000, 0x0000000095d00000|  0%| F|  |TAMS 0x0000000095c00000, 0x0000000095c00000| Untracked 
| 349|0x0000000095d00000, 0x0000000095d00000, 0x0000000095e00000|  0%| F|  |TAMS 0x0000000095d00000, 0x0000000095d00000| Untracked 
| 350|0x0000000095e00000, 0x0000000095e00000, 0x0000000095f00000|  0%| F|  |TAMS 0x0000000095e00000, 0x0000000095e00000| Untracked 
| 351|0x0000000095f00000, 0x0000000095f00000, 0x0000000096000000|  0%| F|  |TAMS 0x0000000095f00000, 0x0000000095f00000| Untracked 
| 352|0x0000000096000000, 0x0000000096000000, 0x0000000096100000|  0%| F|  |TAMS 0x0000000096000000, 0x0000000096000000| Untracked 
| 353|0x0000000096100000, 0x0000000096100000, 0x0000000096200000|  0%| F|  |TAMS 0x0000000096100000, 0x0000000096100000| Untracked 
| 354|0x0000000096200000, 0x0000000096200000, 0x0000000096300000|  0%| F|  |TAMS 0x0000000096200000, 0x0000000096200000| Untracked 
| 355|0x0000000096300000, 0x0000000096300000, 0x0000000096400000|  0%| F|  |TAMS 0x0000000096300000, 0x0000000096300000| Untracked 
| 356|0x0000000096400000, 0x0000000096400000, 0x0000000096500000|  0%| F|  |TAMS 0x0000000096400000, 0x0000000096400000| Untracked 
| 357|0x0000000096500000, 0x0000000096500000, 0x0000000096600000|  0%| F|  |TAMS 0x0000000096500000, 0x0000000096500000| Untracked 
| 358|0x0000000096600000, 0x0000000096600000, 0x0000000096700000|  0%| F|  |TAMS 0x0000000096600000, 0x0000000096600000| Untracked 
| 359|0x0000000096700000, 0x0000000096700000, 0x0000000096800000|  0%| F|  |TAMS 0x0000000096700000, 0x0000000096700000| Untracked 
| 360|0x0000000096800000, 0x0000000096800000, 0x0000000096900000|  0%| F|  |TAMS 0x0000000096800000, 0x0000000096800000| Untracked 
| 361|0x0000000096900000, 0x0000000096900000, 0x0000000096a00000|  0%| F|  |TAMS 0x0000000096900000, 0x0000000096900000| Untracked 
| 362|0x0000000096a00000, 0x0000000096a00000, 0x0000000096b00000|  0%| F|  |TAMS 0x0000000096a00000, 0x0000000096a00000| Untracked 
| 363|0x0000000096b00000, 0x0000000096b00000, 0x0000000096c00000|  0%| F|  |TAMS 0x0000000096b00000, 0x0000000096b00000| Untracked 
| 364|0x0000000096c00000, 0x0000000096c00000, 0x0000000096d00000|  0%| F|  |TAMS 0x0000000096c00000, 0x0000000096c00000| Untracked 
| 365|0x0000000096d00000, 0x0000000096d00000, 0x0000000096e00000|  0%| F|  |TAMS 0x0000000096d00000, 0x0000000096d00000| Untracked 
| 366|0x0000000096e00000, 0x0000000096e00000, 0x0000000096f00000|  0%| F|  |TAMS 0x0000000096e00000, 0x0000000096e00000| Untracked 
| 367|0x0000000096f00000, 0x0000000096f00000, 0x0000000097000000|  0%| F|  |TAMS 0x0000000096f00000, 0x0000000096f00000| Untracked 
| 368|0x0000000097000000, 0x0000000097000000, 0x0000000097100000|  0%| F|  |TAMS 0x0000000097000000, 0x0000000097000000| Untracked 
| 369|0x0000000097100000, 0x0000000097100000, 0x0000000097200000|  0%| F|  |TAMS 0x0000000097100000, 0x0000000097100000| Untracked 
| 370|0x0000000097200000, 0x0000000097200000, 0x0000000097300000|  0%| F|  |TAMS 0x0000000097200000, 0x0000000097200000| Untracked 
| 371|0x0000000097300000, 0x0000000097300000, 0x0000000097400000|  0%| F|  |TAMS 0x0000000097300000, 0x0000000097300000| Untracked 
| 372|0x0000000097400000, 0x0000000097400000, 0x0000000097500000|  0%| F|  |TAMS 0x0000000097400000, 0x0000000097400000| Untracked 
| 373|0x0000000097500000, 0x0000000097500000, 0x0000000097600000|  0%| F|  |TAMS 0x0000000097500000, 0x0000000097500000| Untracked 
| 374|0x0000000097600000, 0x0000000097600800, 0x0000000097700000|  0%| E|  |TAMS 0x0000000097600000, 0x0000000097600000| Complete 
| 375|0x0000000097700000, 0x0000000097800000, 0x0000000097800000|100%| E|CS|TAMS 0x0000000097700000, 0x0000000097700000| Complete 
| 376|0x0000000097800000, 0x0000000097900000, 0x0000000097900000|100%| E|CS|TAMS 0x0000000097800000, 0x0000000097800000| Complete 
| 377|0x0000000097900000, 0x0000000097a00000, 0x0000000097a00000|100%| E|  |TAMS 0x0000000097900000, 0x0000000097900000| Complete 
| 378|0x0000000097a00000, 0x0000000097b00000, 0x0000000097b00000|100%| E|CS|TAMS 0x0000000097a00000, 0x0000000097a00000| Complete 
| 379|0x0000000097b00000, 0x0000000097c00000, 0x0000000097c00000|100%| E|CS|TAMS 0x0000000097b00000, 0x0000000097b00000| Complete 
| 380|0x0000000097c00000, 0x0000000097d00000, 0x0000000097d00000|100%| E|CS|TAMS 0x0000000097c00000, 0x0000000097c00000| Complete 
| 381|0x0000000097d00000, 0x0000000097e00000, 0x0000000097e00000|100%| E|CS|TAMS 0x0000000097d00000, 0x0000000097d00000| Complete 
| 382|0x0000000097e00000, 0x0000000097f00000, 0x0000000097f00000|100%| E|CS|TAMS 0x0000000097e00000, 0x0000000097e00000| Complete 
| 383|0x0000000097f00000, 0x0000000098000000, 0x0000000098000000|100%| E|CS|TAMS 0x0000000097f00000, 0x0000000097f00000| Complete 
| 384|0x0000000098000000, 0x0000000098100000, 0x0000000098100000|100%| E|CS|TAMS 0x0000000098000000, 0x0000000098000000| Complete 
| 385|0x0000000098100000, 0x0000000098200000, 0x0000000098200000|100%| E|CS|TAMS 0x0000000098100000, 0x0000000098100000| Complete 
| 386|0x0000000098200000, 0x0000000098300000, 0x0000000098300000|100%| E|CS|TAMS 0x0000000098200000, 0x0000000098200000| Complete 
| 387|0x0000000098300000, 0x0000000098400000, 0x0000000098400000|100%| E|CS|TAMS 0x0000000098300000, 0x0000000098300000| Complete 
| 388|0x0000000098400000, 0x0000000098500000, 0x0000000098500000|100%| E|CS|TAMS 0x0000000098400000, 0x0000000098400000| Complete 
| 389|0x0000000098500000, 0x0000000098600000, 0x0000000098600000|100%| E|CS|TAMS 0x0000000098500000, 0x0000000098500000| Complete 
| 390|0x0000000098600000, 0x0000000098700000, 0x0000000098700000|100%| E|CS|TAMS 0x0000000098600000, 0x0000000098600000| Complete 
| 391|0x0000000098700000, 0x0000000098800000, 0x0000000098800000|100%| E|CS|TAMS 0x0000000098700000, 0x0000000098700000| Complete 
| 392|0x0000000098800000, 0x0000000098900000, 0x0000000098900000|100%| E|CS|TAMS 0x0000000098800000, 0x0000000098800000| Complete 
| 393|0x0000000098900000, 0x0000000098a00000, 0x0000000098a00000|100%| E|CS|TAMS 0x0000000098900000, 0x0000000098900000| Complete 
| 394|0x0000000098a00000, 0x0000000098b00000, 0x0000000098b00000|100%| E|CS|TAMS 0x0000000098a00000, 0x0000000098a00000| Complete 
| 395|0x0000000098b00000, 0x0000000098c00000, 0x0000000098c00000|100%| E|CS|TAMS 0x0000000098b00000, 0x0000000098b00000| Complete 
| 396|0x0000000098c00000, 0x0000000098d00000, 0x0000000098d00000|100%| E|CS|TAMS 0x0000000098c00000, 0x0000000098c00000| Complete 
| 397|0x0000000098d00000, 0x0000000098e00000, 0x0000000098e00000|100%| E|CS|TAMS 0x0000000098d00000, 0x0000000098d00000| Complete 
| 398|0x0000000098e00000, 0x0000000098f00000, 0x0000000098f00000|100%| E|CS|TAMS 0x0000000098e00000, 0x0000000098e00000| Complete 
| 399|0x0000000098f00000, 0x0000000099000000, 0x0000000099000000|100%| E|CS|TAMS 0x0000000098f00000, 0x0000000098f00000| Complete 
| 400|0x0000000099000000, 0x0000000099100000, 0x0000000099100000|100%| E|CS|TAMS 0x0000000099000000, 0x0000000099000000| Complete 
| 401|0x0000000099100000, 0x0000000099200000, 0x0000000099200000|100%| E|CS|TAMS 0x0000000099100000, 0x0000000099100000| Complete 
| 402|0x0000000099200000, 0x0000000099300000, 0x0000000099300000|100%| E|CS|TAMS 0x0000000099200000, 0x0000000099200000| Complete 
| 403|0x0000000099300000, 0x0000000099400000, 0x0000000099400000|100%| E|CS|TAMS 0x0000000099300000, 0x0000000099300000| Complete 
| 404|0x0000000099400000, 0x0000000099500000, 0x0000000099500000|100%| E|CS|TAMS 0x0000000099400000, 0x0000000099400000| Complete 
| 405|0x0000000099500000, 0x0000000099600000, 0x0000000099600000|100%| E|CS|TAMS 0x0000000099500000, 0x0000000099500000| Complete 
| 406|0x0000000099600000, 0x0000000099700000, 0x0000000099700000|100%| E|CS|TAMS 0x0000000099600000, 0x0000000099600000| Complete 
| 407|0x0000000099700000, 0x0000000099800000, 0x0000000099800000|100%| E|CS|TAMS 0x0000000099700000, 0x0000000099700000| Complete 
| 408|0x0000000099800000, 0x0000000099900000, 0x0000000099900000|100%| E|CS|TAMS 0x0000000099800000, 0x0000000099800000| Complete 
| 409|0x0000000099900000, 0x0000000099a00000, 0x0000000099a00000|100%| E|CS|TAMS 0x0000000099900000, 0x0000000099900000| Complete 
| 410|0x0000000099a00000, 0x0000000099b00000, 0x0000000099b00000|100%| E|CS|TAMS 0x0000000099a00000, 0x0000000099a00000| Complete 
| 411|0x0000000099b00000, 0x0000000099c00000, 0x0000000099c00000|100%| E|CS|TAMS 0x0000000099b00000, 0x0000000099b00000| Complete 
| 412|0x0000000099c00000, 0x0000000099d00000, 0x0000000099d00000|100%| E|CS|TAMS 0x0000000099c00000, 0x0000000099c00000| Complete 
| 413|0x0000000099d00000, 0x0000000099e00000, 0x0000000099e00000|100%| E|CS|TAMS 0x0000000099d00000, 0x0000000099d00000| Complete 
| 414|0x0000000099e00000, 0x0000000099f00000, 0x0000000099f00000|100%| E|CS|TAMS 0x0000000099e00000, 0x0000000099e00000| Complete 
| 415|0x0000000099f00000, 0x000000009a000000, 0x000000009a000000|100%| E|CS|TAMS 0x0000000099f00000, 0x0000000099f00000| Complete 
| 416|0x000000009a000000, 0x000000009a100000, 0x000000009a100000|100%| E|CS|TAMS 0x000000009a000000, 0x000000009a000000| Complete 
| 417|0x000000009a100000, 0x000000009a200000, 0x000000009a200000|100%| E|CS|TAMS 0x000000009a100000, 0x000000009a100000| Complete 
| 418|0x000000009a200000, 0x000000009a300000, 0x000000009a300000|100%| E|CS|TAMS 0x000000009a200000, 0x000000009a200000| Complete 
| 419|0x000000009a300000, 0x000000009a400000, 0x000000009a400000|100%| E|CS|TAMS 0x000000009a300000, 0x000000009a300000| Complete 
| 420|0x000000009a400000, 0x000000009a500000, 0x000000009a500000|100%| E|CS|TAMS 0x000000009a400000, 0x000000009a400000| Complete 
| 421|0x000000009a500000, 0x000000009a600000, 0x000000009a600000|100%| E|CS|TAMS 0x000000009a500000, 0x000000009a500000| Complete 
| 422|0x000000009a600000, 0x000000009a700000, 0x000000009a700000|100%| E|CS|TAMS 0x000000009a600000, 0x000000009a600000| Complete 
| 423|0x000000009a700000, 0x000000009a800000, 0x000000009a800000|100%| E|CS|TAMS 0x000000009a700000, 0x000000009a700000| Complete 
| 424|0x000000009a800000, 0x000000009a900000, 0x000000009a900000|100%| E|CS|TAMS 0x000000009a800000, 0x000000009a800000| Complete 
| 425|0x000000009a900000, 0x000000009aa00000, 0x000000009aa00000|100%| E|CS|TAMS 0x000000009a900000, 0x000000009a900000| Complete 
| 426|0x000000009aa00000, 0x000000009ab00000, 0x000000009ab00000|100%| E|CS|TAMS 0x000000009aa00000, 0x000000009aa00000| Complete 
| 427|0x000000009ab00000, 0x000000009ac00000, 0x000000009ac00000|100%| E|CS|TAMS 0x000000009ab00000, 0x000000009ab00000| Complete 
| 428|0x000000009ac00000, 0x000000009ad00000, 0x000000009ad00000|100%| E|CS|TAMS 0x000000009ac00000, 0x000000009ac00000| Complete 
| 429|0x000000009ad00000, 0x000000009ae00000, 0x000000009ae00000|100%| E|CS|TAMS 0x000000009ad00000, 0x000000009ad00000| Complete 
| 430|0x000000009ae00000, 0x000000009af00000, 0x000000009af00000|100%| E|CS|TAMS 0x000000009ae00000, 0x000000009ae00000| Complete 
| 431|0x000000009af00000, 0x000000009b000000, 0x000000009b000000|100%| E|CS|TAMS 0x000000009af00000, 0x000000009af00000| Complete 
| 432|0x000000009b000000, 0x000000009b100000, 0x000000009b100000|100%| E|CS|TAMS 0x000000009b000000, 0x000000009b000000| Complete 
| 433|0x000000009b100000, 0x000000009b200000, 0x000000009b200000|100%| E|CS|TAMS 0x000000009b100000, 0x000000009b100000| Complete 
| 434|0x000000009b200000, 0x000000009b300000, 0x000000009b300000|100%| E|CS|TAMS 0x000000009b200000, 0x000000009b200000| Complete 
| 435|0x000000009b300000, 0x000000009b400000, 0x000000009b400000|100%| E|CS|TAMS 0x000000009b300000, 0x000000009b300000| Complete 
| 436|0x000000009b400000, 0x000000009b500000, 0x000000009b500000|100%| E|CS|TAMS 0x000000009b400000, 0x000000009b400000| Complete 
| 437|0x000000009b500000, 0x000000009b600000, 0x000000009b600000|100%| E|CS|TAMS 0x000000009b500000, 0x000000009b500000| Complete 
| 438|0x000000009b600000, 0x000000009b700000, 0x000000009b700000|100%| E|CS|TAMS 0x000000009b600000, 0x000000009b600000| Complete 
| 439|0x000000009b700000, 0x000000009b800000, 0x000000009b800000|100%| E|CS|TAMS 0x000000009b700000, 0x000000009b700000| Complete 
| 440|0x000000009b800000, 0x000000009b900000, 0x000000009b900000|100%| E|CS|TAMS 0x000000009b800000, 0x000000009b800000| Complete 
| 441|0x000000009b900000, 0x000000009ba00000, 0x000000009ba00000|100%| E|CS|TAMS 0x000000009b900000, 0x000000009b900000| Complete 
| 442|0x000000009ba00000, 0x000000009bb00000, 0x000000009bb00000|100%| E|CS|TAMS 0x000000009ba00000, 0x000000009ba00000| Complete 
| 443|0x000000009bb00000, 0x000000009bc00000, 0x000000009bc00000|100%| E|CS|TAMS 0x000000009bb00000, 0x000000009bb00000| Complete 
| 444|0x000000009bc00000, 0x000000009bd00000, 0x000000009bd00000|100%| E|CS|TAMS 0x000000009bc00000, 0x000000009bc00000| Complete 
| 445|0x000000009bd00000, 0x000000009be00000, 0x000000009be00000|100%| E|CS|TAMS 0x000000009bd00000, 0x000000009bd00000| Complete 
| 446|0x000000009be00000, 0x000000009bf00000, 0x000000009bf00000|100%| E|CS|TAMS 0x000000009be00000, 0x000000009be00000| Complete 
| 447|0x000000009bf00000, 0x000000009c000000, 0x000000009c000000|100%| E|CS|TAMS 0x000000009bf00000, 0x000000009bf00000| Complete 
| 448|0x000000009c000000, 0x000000009c100000, 0x000000009c100000|100%| E|CS|TAMS 0x000000009c000000, 0x000000009c000000| Complete 
| 449|0x000000009c100000, 0x000000009c200000, 0x000000009c200000|100%| E|CS|TAMS 0x000000009c100000, 0x000000009c100000| Complete 
| 450|0x000000009c200000, 0x000000009c300000, 0x000000009c300000|100%| E|CS|TAMS 0x000000009c200000, 0x000000009c200000| Complete 
| 451|0x000000009c300000, 0x000000009c400000, 0x000000009c400000|100%| E|CS|TAMS 0x000000009c300000, 0x000000009c300000| Complete 
| 452|0x000000009c400000, 0x000000009c500000, 0x000000009c500000|100%| E|CS|TAMS 0x000000009c400000, 0x000000009c400000| Complete 
| 453|0x000000009c500000, 0x000000009c600000, 0x000000009c600000|100%| E|CS|TAMS 0x000000009c500000, 0x000000009c500000| Complete 
| 454|0x000000009c600000, 0x000000009c700000, 0x000000009c700000|100%| E|CS|TAMS 0x000000009c600000, 0x000000009c600000| Complete 
| 455|0x000000009c700000, 0x000000009c800000, 0x000000009c800000|100%| E|CS|TAMS 0x000000009c700000, 0x000000009c700000| Complete 
| 456|0x000000009c800000, 0x000000009c900000, 0x000000009c900000|100%| E|CS|TAMS 0x000000009c800000, 0x000000009c800000| Complete 
| 457|0x000000009c900000, 0x000000009ca00000, 0x000000009ca00000|100%| E|CS|TAMS 0x000000009c900000, 0x000000009c900000| Complete 
| 458|0x000000009ca00000, 0x000000009cb00000, 0x000000009cb00000|100%| E|CS|TAMS 0x000000009ca00000, 0x000000009ca00000| Complete 
| 459|0x000000009cb00000, 0x000000009cc00000, 0x000000009cc00000|100%| E|CS|TAMS 0x000000009cb00000, 0x000000009cb00000| Complete 
| 460|0x000000009cc00000, 0x000000009cd00000, 0x000000009cd00000|100%| E|CS|TAMS 0x000000009cc00000, 0x000000009cc00000| Complete 
| 461|0x000000009cd00000, 0x000000009ce00000, 0x000000009ce00000|100%| E|CS|TAMS 0x000000009cd00000, 0x000000009cd00000| Complete 
| 462|0x000000009ce00000, 0x000000009cf00000, 0x000000009cf00000|100%| E|CS|TAMS 0x000000009ce00000, 0x000000009ce00000| Complete 
| 463|0x000000009cf00000, 0x000000009d000000, 0x000000009d000000|100%| E|CS|TAMS 0x000000009cf00000, 0x000000009cf00000| Complete 
| 464|0x000000009d000000, 0x000000009d100000, 0x000000009d100000|100%| E|CS|TAMS 0x000000009d000000, 0x000000009d000000| Complete 
| 465|0x000000009d100000, 0x000000009d200000, 0x000000009d200000|100%| E|CS|TAMS 0x000000009d100000, 0x000000009d100000| Complete 
| 466|0x000000009d200000, 0x000000009d300000, 0x000000009d300000|100%| E|CS|TAMS 0x000000009d200000, 0x000000009d200000| Complete 
| 467|0x000000009d300000, 0x000000009d400000, 0x000000009d400000|100%| E|CS|TAMS 0x000000009d300000, 0x000000009d300000| Complete 
| 468|0x000000009d400000, 0x000000009d500000, 0x000000009d500000|100%| E|CS|TAMS 0x000000009d400000, 0x000000009d400000| Complete 
| 469|0x000000009d500000, 0x000000009d600000, 0x000000009d600000|100%| E|CS|TAMS 0x000000009d500000, 0x000000009d500000| Complete 
| 470|0x000000009d600000, 0x000000009d700000, 0x000000009d700000|100%| E|CS|TAMS 0x000000009d600000, 0x000000009d600000| Complete 
| 471|0x000000009d700000, 0x000000009d800000, 0x000000009d800000|100%| E|CS|TAMS 0x000000009d700000, 0x000000009d700000| Complete 
| 472|0x000000009d800000, 0x000000009d900000, 0x000000009d900000|100%| E|CS|TAMS 0x000000009d800000, 0x000000009d800000| Complete 
| 473|0x000000009d900000, 0x000000009da00000, 0x000000009da00000|100%| E|CS|TAMS 0x000000009d900000, 0x000000009d900000| Complete 
| 474|0x000000009da00000, 0x000000009db00000, 0x000000009db00000|100%| E|CS|TAMS 0x000000009da00000, 0x000000009da00000| Complete 
| 475|0x000000009db00000, 0x000000009dc00000, 0x000000009dc00000|100%| E|CS|TAMS 0x000000009db00000, 0x000000009db00000| Complete 
| 476|0x000000009dc00000, 0x000000009dd00000, 0x000000009dd00000|100%| E|CS|TAMS 0x000000009dc00000, 0x000000009dc00000| Complete 
| 477|0x000000009dd00000, 0x000000009de00000, 0x000000009de00000|100%| E|CS|TAMS 0x000000009dd00000, 0x000000009dd00000| Complete 
| 478|0x000000009de00000, 0x000000009df00000, 0x000000009df00000|100%| E|CS|TAMS 0x000000009de00000, 0x000000009de00000| Complete 
| 479|0x000000009df00000, 0x000000009e000000, 0x000000009e000000|100%| E|CS|TAMS 0x000000009df00000, 0x000000009df00000| Complete 
| 480|0x000000009e000000, 0x000000009e100000, 0x000000009e100000|100%| E|CS|TAMS 0x000000009e000000, 0x000000009e000000| Complete 
| 481|0x000000009e100000, 0x000000009e200000, 0x000000009e200000|100%| E|CS|TAMS 0x000000009e100000, 0x000000009e100000| Complete 
| 482|0x000000009e200000, 0x000000009e300000, 0x000000009e300000|100%| E|CS|TAMS 0x000000009e200000, 0x000000009e200000| Complete 
| 483|0x000000009e300000, 0x000000009e400000, 0x000000009e400000|100%| E|CS|TAMS 0x000000009e300000, 0x000000009e300000| Complete 
| 484|0x000000009e400000, 0x000000009e500000, 0x000000009e500000|100%| E|CS|TAMS 0x000000009e400000, 0x000000009e400000| Complete 
| 485|0x000000009e500000, 0x000000009e600000, 0x000000009e600000|100%| E|CS|TAMS 0x000000009e500000, 0x000000009e500000| Complete 
| 486|0x000000009e600000, 0x000000009e700000, 0x000000009e700000|100%| E|CS|TAMS 0x000000009e600000, 0x000000009e600000| Complete 
| 487|0x000000009e700000, 0x000000009e800000, 0x000000009e800000|100%| E|CS|TAMS 0x000000009e700000, 0x000000009e700000| Complete 
| 488|0x000000009e800000, 0x000000009e900000, 0x000000009e900000|100%| E|CS|TAMS 0x000000009e800000, 0x000000009e800000| Complete 
| 489|0x000000009e900000, 0x000000009ea00000, 0x000000009ea00000|100%| E|CS|TAMS 0x000000009e900000, 0x000000009e900000| Complete 
| 490|0x000000009ea00000, 0x000000009eb00000, 0x000000009eb00000|100%| E|CS|TAMS 0x000000009ea00000, 0x000000009ea00000| Complete 
| 491|0x000000009eb00000, 0x000000009ec00000, 0x000000009ec00000|100%| E|CS|TAMS 0x000000009eb00000, 0x000000009eb00000| Complete 
| 492|0x000000009ec00000, 0x000000009ed00000, 0x000000009ed00000|100%| E|CS|TAMS 0x000000009ec00000, 0x000000009ec00000| Complete 
| 493|0x000000009ed00000, 0x000000009ee00000, 0x000000009ee00000|100%| E|CS|TAMS 0x000000009ed00000, 0x000000009ed00000| Complete 
| 494|0x000000009ee00000, 0x000000009ef00000, 0x000000009ef00000|100%| E|CS|TAMS 0x000000009ee00000, 0x000000009ee00000| Complete 
| 495|0x000000009ef00000, 0x000000009f000000, 0x000000009f000000|100%| E|CS|TAMS 0x000000009ef00000, 0x000000009ef00000| Complete 
| 496|0x000000009f000000, 0x000000009f100000, 0x000000009f100000|100%| E|CS|TAMS 0x000000009f000000, 0x000000009f000000| Complete 
| 497|0x000000009f100000, 0x000000009f200000, 0x000000009f200000|100%| E|CS|TAMS 0x000000009f100000, 0x000000009f100000| Complete 
| 498|0x000000009f200000, 0x000000009f300000, 0x000000009f300000|100%| E|CS|TAMS 0x000000009f200000, 0x000000009f200000| Complete 
| 499|0x000000009f300000, 0x000000009f400000, 0x000000009f400000|100%| E|CS|TAMS 0x000000009f300000, 0x000000009f300000| Complete 
| 500|0x000000009f400000, 0x000000009f500000, 0x000000009f500000|100%| E|CS|TAMS 0x000000009f400000, 0x000000009f400000| Complete 
| 501|0x000000009f500000, 0x000000009f600000, 0x000000009f600000|100%| E|CS|TAMS 0x000000009f500000, 0x000000009f500000| Complete 
| 502|0x000000009f600000, 0x000000009f700000, 0x000000009f700000|100%| E|CS|TAMS 0x000000009f600000, 0x000000009f600000| Complete 
| 503|0x000000009f700000, 0x000000009f800000, 0x000000009f800000|100%| E|CS|TAMS 0x000000009f700000, 0x000000009f700000| Complete 
| 504|0x000000009f800000, 0x000000009f900000, 0x000000009f900000|100%| E|CS|TAMS 0x000000009f800000, 0x000000009f800000| Complete 
| 505|0x000000009f900000, 0x000000009fa00000, 0x000000009fa00000|100%| E|CS|TAMS 0x000000009f900000, 0x000000009f900000| Complete 
| 506|0x000000009fa00000, 0x000000009fb00000, 0x000000009fb00000|100%| E|CS|TAMS 0x000000009fa00000, 0x000000009fa00000| Complete 
| 507|0x000000009fb00000, 0x000000009fc00000, 0x000000009fc00000|100%| E|CS|TAMS 0x000000009fb00000, 0x000000009fb00000| Complete 
| 508|0x000000009fc00000, 0x000000009fd00000, 0x000000009fd00000|100%| E|CS|TAMS 0x000000009fc00000, 0x000000009fc00000| Complete 
| 509|0x000000009fd00000, 0x000000009fe00000, 0x000000009fe00000|100%| E|CS|TAMS 0x000000009fd00000, 0x000000009fd00000| Complete 
| 510|0x000000009fe00000, 0x000000009ff00000, 0x000000009ff00000|100%| E|CS|TAMS 0x000000009fe00000, 0x000000009fe00000| Complete 
| 511|0x000000009ff00000, 0x00000000a0000000, 0x00000000a0000000|100%| E|CS|TAMS 0x000000009ff00000, 0x000000009ff00000| Complete 
| 512|0x00000000a0000000, 0x00000000a0100000, 0x00000000a0100000|100%| E|CS|TAMS 0x00000000a0000000, 0x00000000a0000000| Complete 
| 513|0x00000000a0100000, 0x00000000a01a33c8, 0x00000000a0200000| 63%| S|CS|TAMS 0x00000000a0100000, 0x00000000a0100000| Complete 
| 514|0x00000000a0200000, 0x00000000a0300000, 0x00000000a0300000|100%| S|CS|TAMS 0x00000000a0200000, 0x00000000a0200000| Complete 
| 515|0x00000000a0300000, 0x00000000a0400000, 0x00000000a0400000|100%| S|CS|TAMS 0x00000000a0300000, 0x00000000a0300000| Complete 
| 516|0x00000000a0400000, 0x00000000a0500000, 0x00000000a0500000|100%| S|CS|TAMS 0x00000000a0400000, 0x00000000a0400000| Complete 
| 517|0x00000000a0500000, 0x00000000a0600000, 0x00000000a0600000|100%| S|CS|TAMS 0x00000000a0500000, 0x00000000a0500000| Complete 
| 518|0x00000000a0600000, 0x00000000a0700000, 0x00000000a0700000|100%| S|CS|TAMS 0x00000000a0600000, 0x00000000a0600000| Complete 
| 519|0x00000000a0700000, 0x00000000a0800000, 0x00000000a0800000|100%| S|CS|TAMS 0x00000000a0700000, 0x00000000a0700000| Complete 

Card table byte_map: [0x00000266fca00000,0x00000266fce00000] _byte_map_base: 0x00000266fc600000

Marking Bits (Prev, Next): (CMBitMap*) 0x00000266fc586a80, (CMBitMap*) 0x00000266fc586a40
 Prev Bits: [0x00000266967e0000, 0x00000266987e0000)
 Next Bits: [0x00000266fd200000, 0x00000266ff200000)

Polling page: 0x00000266fa4e0000

Metaspace:

Usage:
  Non-class:    101.75 MB used.
      Class:     15.97 MB used.
       Both:    117.72 MB used.

Virtual space:
  Non-class space:      128.00 MB reserved,     102.38 MB ( 80%) committed,  2 nodes.
      Class space:      416.00 MB reserved,      16.56 MB (  4%) committed,  1 nodes.
             Both:      544.00 MB reserved,     118.94 MB ( 22%) committed. 

Chunk freelists:
   Non-Class:  9.31 MB
       Class:  15.44 MB
        Both:  24.75 MB

MaxMetaspaceSize: 512.00 MB
CompressedClassSpaceSize: 416.00 MB
Initial GC threshold: 21.00 MB
Current GC threshold: 197.94 MB
CDS: on
MetaspaceReclaimPolicy: balanced
 - commit_granule_bytes: 65536.
 - commit_granule_words: 8192.
 - virtual_space_node_default_size: 8388608.
 - enlarge_chunks_in_place: 1.
 - new_chunks_are_fully_committed: 0.
 - uncommit_free_chunks: 1.
 - use_allocation_guard: 0.
 - handle_deallocations: 1.


Internal statistics:

num_allocs_failed_limit: 6.
num_arena_births: 1740.
num_arena_deaths: 16.
num_vsnodes_births: 3.
num_vsnodes_deaths: 0.
num_space_committed: 1902.
num_space_uncommitted: 0.
num_chunks_returned_to_freelist: 28.
num_chunks_taken_from_freelist: 7032.
num_chunk_merges: 8.
num_chunk_splits: 4562.
num_chunks_enlarged: 2926.
num_inconsistent_stats: 0.

CodeHeap 'non-profiled nmethods': size=120000Kb used=13897Kb max_used=13897Kb free=106102Kb
 bounds [0x000002668f2b0000, 0x0000026690050000, 0x00000266967e0000]
CodeHeap 'profiled nmethods': size=120000Kb used=38456Kb max_used=39490Kb free=81543Kb
 bounds [0x00000266877e0000, 0x0000026689e80000, 0x000002668ed10000]
CodeHeap 'non-nmethods': size=5760Kb used=2436Kb max_used=2519Kb free=3323Kb
 bounds [0x000002668ed10000, 0x000002668ef90000, 0x000002668f2b0000]
 total_blobs=20233 nmethods=19260 adapters=884
 compilation: enabled
              stopped_count=0, restarted_count=0
 full_count=0

Compilation events (20 events):
Event: 967.558 Thread 0x00000266ff6a5ba0 23580       3       org.gradle.api.services.internal.DefaultBuildServicesRegistry::getSharedResources (104 bytes)
Event: 967.587 Thread 0x00000266ff6a5ba0 nmethod 23580 0x0000026687b62310 code [0x0000026687b626a0, 0x0000026687b64328]
Event: 967.587 Thread 0x00000266ff6a5ba0 23582       3       java.nio.file.FileTreeWalker::close (30 bytes)
Event: 967.947 Thread 0x00000266ff6a5ba0 nmethod 23582 0x0000026689b18890 code [0x0000026689b18a80, 0x0000026689b19278]
Event: 967.947 Thread 0x00000266ff6a5ba0 23585       3       org.gradle.internal.fingerprint.impl.DefaultFileSystemLocationFingerprint::<init> (19 bytes)
Event: 967.948 Thread 0x00000266ff6a5ba0 nmethod 23585 0x00000266881b1190 code [0x00000266881b1340, 0x00000266881b15a8]
Event: 967.984 Thread 0x00000266ff6a5ba0 23586   !   2       com.google.common.reflect.TypeVisitor::visit (244 bytes)
Event: 968.026 Thread 0x00000266ff6a5ba0 nmethod 23586 0x000002668969b910 code [0x000002668969bbc0, 0x000002668969c588]
Event: 968.026 Thread 0x00000266ff6a5ba0 23587       3       com.android.build.gradle.internal.dependency.VariantDependencies$Companion$getComponentFilter$4::isSatisfiedBy (9 bytes)
Event: 968.026 Thread 0x00000266ff6a5ba0 nmethod 23587 0x0000026689b18010 code [0x0000026689b181c0, 0x0000026689b18718]
Event: 968.026 Thread 0x00000266ff6a5ba0 23588       3       com.android.build.gradle.internal.dependency.VariantDependencies$Companion$getComponentFilter$4::isSatisfiedBy (20 bytes)
Event: 968.027 Thread 0x00000266ff6a5ba0 nmethod 23588 0x0000026689d01810 code [0x0000026689d019c0, 0x0000026689d01d98]
Event: 968.047 Thread 0x00000266ff6a5ba0 23589       1       org.gradle.internal.vfs.impl.VersionHierarchy::getMaxVersionInHierarchy (5 bytes)
Event: 968.047 Thread 0x00000266ff6a5ba0 nmethod 23589 0x0000026690036d10 code [0x0000026690036ea0, 0x0000026690036f78]
Event: 968.088 Thread 0x00000266ff6a51e0 nmethod 23578 0x0000026690037010 code [0x0000026690037600, 0x000002669003f228]
Event: 968.088 Thread 0x00000266ff6a51e0 23581       4       com.google.common.cache.LocalCache::isExpired (57 bytes)
Event: 968.090 Thread 0x00000266ff6a51e0 nmethod 23581 0x0000026690042010 code [0x00000266900421a0, 0x00000266900422b8]
Event: 968.090 Thread 0x00000266ff6a51e0 23584       4       org.gradle.internal.service.DefaultServiceRegistry$SingletonService::get (5 bytes)
Event: 968.091 Thread 0x00000266ff6a51e0 nmethod 23584 0x0000026690042410 code [0x00000266900425a0, 0x0000026690042648]
Event: 968.091 Thread 0x00000266ff6a51e0 23583   !   4       java.nio.file.Files::walkFileTree (297 bytes)

GC Heap History (20 events):
Event: 830.356 GC heap before
{Heap before GC invocations=91 (full 0):
 garbage-first heap   total 319488K, used 271127K [0x0000000080000000, 0x0000000100000000)
  region size 1024K, 66 young (67584K), 5 survivors (5120K)
 Metaspace       used 102077K, committed 103296K, reserved 557056K
  class space    used 13860K, committed 14400K, reserved 425984K
}
Event: 830.389 GC heap after
{Heap after GC invocations=92 (full 0):
 garbage-first heap   total 319488K, used 212322K [0x0000000080000000, 0x0000000100000000)
  region size 1024K, 7 young (7168K), 7 survivors (7168K)
 Metaspace       used 102077K, committed 103296K, reserved 557056K
  class space    used 13860K, committed 14400K, reserved 425984K
}
Event: 869.211 GC heap before
{Heap before GC invocations=92 (full 0):
 garbage-first heap   total 319488K, used 268642K [0x0000000080000000, 0x0000000100000000)
  region size 1024K, 60 young (61440K), 7 survivors (7168K)
 Metaspace       used 102092K, committed 103296K, reserved 557056K
  class space    used 13863K, committed 14400K, reserved 425984K
}
Event: 869.289 GC heap after
{Heap after GC invocations=93 (full 0):
 garbage-first heap   total 319488K, used 213896K [0x0000000080000000, 0x0000000100000000)
  region size 1024K, 5 young (5120K), 5 survivors (5120K)
 Metaspace       used 102092K, committed 103296K, reserved 557056K
  class space    used 13863K, committed 14400K, reserved 425984K
}
Event: 912.934 GC heap before
{Heap before GC invocations=94 (full 0):
 garbage-first heap   total 380928K, used 281480K [0x0000000080000000, 0x0000000100000000)
  region size 1024K, 59 young (60416K), 5 survivors (5120K)
 Metaspace       used 103165K, committed 104448K, reserved 557056K
  class space    used 14019K, committed 14592K, reserved 425984K
}
Event: 912.954 GC heap after
{Heap after GC invocations=95 (full 0):
 garbage-first heap   total 380928K, used 217044K [0x0000000080000000, 0x0000000100000000)
  region size 1024K, 7 young (7168K), 7 survivors (7168K)
 Metaspace       used 103165K, committed 104448K, reserved 557056K
  class space    used 14019K, committed 14592K, reserved 425984K
}
Event: 913.247 GC heap before
{Heap before GC invocations=95 (full 0):
 garbage-first heap   total 380928K, used 228308K [0x0000000080000000, 0x0000000100000000)
  region size 1024K, 18 young (18432K), 7 survivors (7168K)
 Metaspace       used 103171K, committed 104448K, reserved 557056K
  class space    used 14020K, committed 14592K, reserved 425984K
}
Event: 913.304 GC heap after
{Heap after GC invocations=96 (full 0):
 garbage-first heap   total 380928K, used 215717K [0x0000000080000000, 0x0000000100000000)
  region size 1024K, 3 young (3072K), 3 survivors (3072K)
 Metaspace       used 103171K, committed 104448K, reserved 557056K
  class space    used 14020K, committed 14592K, reserved 425984K
}
Event: 932.066 GC heap before
{Heap before GC invocations=96 (full 0):
 garbage-first heap   total 380928K, used 340645K [0x0000000080000000, 0x0000000100000000)
  region size 1024K, 108 young (110592K), 3 survivors (3072K)
 Metaspace       used 116094K, committed 117312K, reserved 557056K
  class space    used 15881K, committed 16448K, reserved 425984K
}
Event: 932.140 GC heap after
{Heap after GC invocations=97 (full 0):
 garbage-first heap   total 380928K, used 235437K [0x0000000080000000, 0x0000000100000000)
  region size 1024K, 14 young (14336K), 14 survivors (14336K)
 Metaspace       used 116094K, committed 117312K, reserved 557056K
  class space    used 15881K, committed 16448K, reserved 425984K
}
Event: 941.190 GC heap before
{Heap before GC invocations=97 (full 0):
 garbage-first heap   total 380928K, used 322477K [0x0000000080000000, 0x0000000100000000)
  region size 1024K, 97 young (99328K), 14 survivors (14336K)
 Metaspace       used 119183K, committed 120576K, reserved 557056K
  class space    used 16284K, committed 16960K, reserved 425984K
}
Event: 941.216 GC heap after
{Heap after GC invocations=98 (full 0):
 garbage-first heap   total 380928K, used 237159K [0x0000000080000000, 0x0000000100000000)
  region size 1024K, 10 young (10240K), 10 survivors (10240K)
 Metaspace       used 119183K, committed 120576K, reserved 557056K
  class space    used 16284K, committed 16960K, reserved 425984K
}
Event: 943.861 GC heap before
{Heap before GC invocations=98 (full 0):
 garbage-first heap   total 380928K, used 317031K [0x0000000080000000, 0x0000000100000000)
  region size 1024K, 89 young (91136K), 10 survivors (10240K)
 Metaspace       used 119784K, committed 121152K, reserved 557056K
  class space    used 16320K, committed 16960K, reserved 425984K
}
Event: 943.892 GC heap after
{Heap after GC invocations=99 (full 0):
 garbage-first heap   total 380928K, used 248752K [0x0000000080000000, 0x0000000100000000)
  region size 1024K, 12 young (12288K), 12 survivors (12288K)
 Metaspace       used 119784K, committed 121152K, reserved 557056K
  class space    used 16320K, committed 16960K, reserved 425984K
}
Event: 946.984 GC heap before
{Heap before GC invocations=99 (full 0):
 garbage-first heap   total 380928K, used 317360K [0x0000000080000000, 0x0000000100000000)
  region size 1024K, 79 young (80896K), 12 survivors (12288K)
 Metaspace       used 120202K, committed 121536K, reserved 557056K
  class space    used 16340K, committed 16960K, reserved 425984K
}
Event: 947.022 GC heap after
{Heap after GC invocations=100 (full 0):
 garbage-first heap   total 380928K, used 252928K [0x0000000080000000, 0x0000000100000000)
  region size 1024K, 4 young (4096K), 4 survivors (4096K)
 Metaspace       used 120202K, committed 121536K, reserved 557056K
  class space    used 16340K, committed 16960K, reserved 425984K
}
Event: 949.040 GC heap before
{Heap before GC invocations=100 (full 0):
 garbage-first heap   total 380928K, used 320512K [0x0000000080000000, 0x0000000100000000)
  region size 1024K, 70 young (71680K), 4 survivors (4096K)
 Metaspace       used 120284K, committed 121600K, reserved 557056K
  class space    used 16343K, committed 16960K, reserved 425984K
}
Event: 949.074 GC heap after
{Heap after GC invocations=101 (full 0):
 garbage-first heap   total 380928K, used 253674K [0x0000000080000000, 0x0000000100000000)
  region size 1024K, 5 young (5120K), 5 survivors (5120K)
 Metaspace       used 120284K, committed 121600K, reserved 557056K
  class space    used 16343K, committed 16960K, reserved 425984K
}
Event: 952.740 GC heap before
{Heap before GC invocations=101 (full 0):
 garbage-first heap   total 532480K, used 319210K [0x0000000080000000, 0x0000000100000000)
  region size 1024K, 70 young (71680K), 5 survivors (5120K)
 Metaspace       used 120303K, committed 121600K, reserved 557056K
  class space    used 16339K, committed 16960K, reserved 425984K
}
Event: 952.776 GC heap after
{Heap after GC invocations=102 (full 0):
 garbage-first heap   total 532480K, used 254604K [0x0000000080000000, 0x0000000100000000)
  region size 1024K, 7 young (7168K), 7 survivors (7168K)
 Metaspace       used 120303K, committed 121600K, reserved 557056K
  class space    used 16339K, committed 16960K, reserved 425984K
}

Deoptimization events (20 events):
Event: 964.101 Thread 0x00000266bc1ac980 Uncommon trap: trap_request=0xffffffbe fr.pc=0x000002668ff8b974 relative=0x0000000000000534
Event: 964.101 Thread 0x00000266bc1ac980 Uncommon trap: reason=profile_predicate action=maybe_recompile pc=0x000002668ff8b974 method=java.util.IdentityHashMap$KeySet.toArray([Ljava/lang/Object;)[Ljava/lang/Object; @ 54 c2
Event: 964.101 Thread 0x00000266bc1ac980 DEOPT PACKING pc=0x000002668ff8b974 sp=0x000000cc5d7faad0
Event: 964.101 Thread 0x00000266bc1ac980 DEOPT UNPACKING pc=0x000002668ed623a3 sp=0x000000cc5d7faa78 mode 2
Event: 964.673 Thread 0x00000266bc1ac980 Uncommon trap: trap_request=0xffffffc6 fr.pc=0x0000026690021af0 relative=0x0000000000000b70
Event: 964.673 Thread 0x00000266bc1ac980 Uncommon trap: reason=bimorphic_or_optimized_type_check action=maybe_recompile pc=0x0000026690021af0 method=com.android.tools.r8.utils.structural.z$$Lambda$1980/0x000002669cf8f0b0.a(Ljava/lang/Object;Ljava/lang/Object;Lcom/android/tools/r8/utils/structura
Event: 964.673 Thread 0x00000266bc1ac980 DEOPT PACKING pc=0x0000026690021af0 sp=0x000000cc5d7fa3b0
Event: 964.673 Thread 0x00000266bc1ac980 DEOPT UNPACKING pc=0x000002668ed623a3 sp=0x000000cc5d7fa290 mode 2
Event: 964.674 Thread 0x00000266bc1ac980 Uncommon trap: trap_request=0xffffffc6 fr.pc=0x0000026690021af0 relative=0x0000000000000b70
Event: 964.674 Thread 0x00000266bc1ac980 Uncommon trap: reason=bimorphic_or_optimized_type_check action=maybe_recompile pc=0x0000026690021af0 method=com.android.tools.r8.utils.structural.z$$Lambda$1980/0x000002669cf8f0b0.a(Ljava/lang/Object;Ljava/lang/Object;Lcom/android/tools/r8/utils/structura
Event: 964.674 Thread 0x00000266bc1ac980 DEOPT PACKING pc=0x0000026690021af0 sp=0x000000cc5d7fa3b0
Event: 964.674 Thread 0x00000266bc1ac980 DEOPT UNPACKING pc=0x000002668ed623a3 sp=0x000000cc5d7fa290 mode 2
Event: 964.675 Thread 0x00000266bc1ac980 Uncommon trap: trap_request=0xffffffc6 fr.pc=0x0000026690021af0 relative=0x0000000000000b70
Event: 964.675 Thread 0x00000266bc1ac980 Uncommon trap: reason=bimorphic_or_optimized_type_check action=maybe_recompile pc=0x0000026690021af0 method=com.android.tools.r8.utils.structural.z$$Lambda$1980/0x000002669cf8f0b0.a(Ljava/lang/Object;Ljava/lang/Object;Lcom/android/tools/r8/utils/structura
Event: 964.675 Thread 0x00000266bc1ac980 DEOPT PACKING pc=0x0000026690021af0 sp=0x000000cc5d7fa3b0
Event: 964.675 Thread 0x00000266bc1ac980 DEOPT UNPACKING pc=0x000002668ed623a3 sp=0x000000cc5d7fa290 mode 2
Event: 964.675 Thread 0x00000266bc1ac980 Uncommon trap: trap_request=0xffffffc6 fr.pc=0x0000026690021af0 relative=0x0000000000000b70
Event: 964.675 Thread 0x00000266bc1ac980 Uncommon trap: reason=bimorphic_or_optimized_type_check action=maybe_recompile pc=0x0000026690021af0 method=com.android.tools.r8.utils.structural.z$$Lambda$1980/0x000002669cf8f0b0.a(Ljava/lang/Object;Ljava/lang/Object;Lcom/android/tools/r8/utils/structura
Event: 964.675 Thread 0x00000266bc1ac980 DEOPT PACKING pc=0x0000026690021af0 sp=0x000000cc5d7fa3b0
Event: 964.675 Thread 0x00000266bc1ac980 DEOPT UNPACKING pc=0x000002668ed623a3 sp=0x000000cc5d7fa290 mode 2

Classes unloaded (8 events):
Event: 951.884 Thread 0x00000266ff6846d0 Unloading class 0x000002669cfb8400 'java/lang/invoke/LambdaForm$DMH+0x000002669cfb8400'
Event: 951.884 Thread 0x00000266ff6846d0 Unloading class 0x000002669cfb4400 'java/lang/invoke/LambdaForm$DMH+0x000002669cfb4400'
Event: 951.884 Thread 0x00000266ff6846d0 Unloading class 0x000002669cf40400 'java/lang/invoke/LambdaForm$DMH+0x000002669cf40400'
Event: 951.884 Thread 0x00000266ff6846d0 Unloading class 0x000002669cf40800 'java/lang/invoke/LambdaForm$DMH+0x000002669cf40800'
Event: 951.884 Thread 0x00000266ff6846d0 Unloading class 0x000002669cf31000 'java/lang/invoke/LambdaForm$DMH+0x000002669cf31000'
Event: 951.885 Thread 0x00000266ff6846d0 Unloading class 0x000002669cf30800 'java/lang/invoke/LambdaForm$DMH+0x000002669cf30800'
Event: 951.885 Thread 0x00000266ff6846d0 Unloading class 0x000002669cf30400 'java/lang/invoke/LambdaForm$DMH+0x000002669cf30400'
Event: 951.885 Thread 0x00000266ff6846d0 Unloading class 0x000002669cebc400 'java/lang/invoke/LambdaForm$DMH+0x000002669cebc400'

Classes redefined (0 events):
No events

Internal exceptions (20 events):
Event: 930.048 Thread 0x00000266bc1ac470 Exception <a 'java/lang/NoSuchMethodError'{0x00000000911a8da8}: 'java.lang.Object java.lang.invoke.DirectMethodHandle$Holder.invokeInterface(java.lang.Object, java.lang.Object, int)'> (0x00000000911a8da8) 
thrown [s\open\src\hotspot\share\interpreter\linkResolver.cpp, line 759]
Event: 931.479 Thread 0x00000266bc1ac980 Exception <a 'java/lang/NoSuchMethodError'{0x0000000090c951c0}: 'int java.lang.invoke.DirectMethodHandle$Holder.invokeStatic(java.lang.Object, java.lang.Object, int, java.lang.Object)'> (0x0000000090c951c0) 
thrown [s\open\src\hotspot\share\interpreter\linkResolver.cpp, line 759]
Event: 932.345 Thread 0x00000266bc1ab030 Exception <a 'java/lang/NoSuchMethodError'{0x0000000096f18dc0}: 'java.lang.Object java.lang.invoke.DirectMethodHandle$Holder.newInvokeSpecial(java.lang.Object, java.lang.Object, int, java.lang.Object, java.lang.Object, java.lang.Object)'> (0x0000000096f18dc0) 
thrown [s\open\src\hotspot\share\interpreter\linkResolver.cpp, line 759]
Event: 932.521 Thread 0x00000266bc1ab030 Exception <a 'java/lang/NoSuchMethodError'{0x0000000096f20d88}: 'java.lang.Object java.lang.invoke.Invokers$Holder.linkToTargetMethod(java.lang.Object, int, java.lang.Object, java.lang.Object, java.lang.Object, java.lang.Object)'> (0x0000000096f20d88) 
thrown [s\open\src\hotspot\share\interpreter\linkResolver.cpp, line 759]
Event: 932.994 Thread 0x00000266bc1ab030 Exception <a 'java/lang/NoSuchMethodError'{0x0000000096f25310}: 'void java.lang.invoke.DirectMethodHandle$Holder.invokeSpecial(java.lang.Object, java.lang.Object, java.lang.Object, int, java.lang.Object, java.lang.Object, java.lang.Object, java.lang.Object)'> (0x0000000096f25310) 
thrown [s\open\src\hotspot\share\interpreter\linkResolver.cpp, line 759]
Event: 933.091 Thread 0x00000266bc1ab030 Exception <a 'java/lang/NoSuchMethodError'{0x0000000096f48168}: 'void java.lang.invoke.DirectMethodHandle$Holder.invokeStatic(java.lang.Object, java.lang.Object, java.lang.Object, java.lang.Object, java.lang.Object, java.lang.Object, java.lang.Object, java.lang.Object)'> (0x0000000096f48168) 
thrown [s\open\src\hotspot\share\interpreter\linkResolver.cpp, line 759]
Event: 933.242 Thread 0x00000266bc1ac470 Exception <a 'java/lang/NoSuchMethodError'{0x0000000096a47b40}: 'void java.lang.invoke.DirectMethodHandle$Holder.invokeSpecialIFC(java.lang.Object, java.lang.Object, java.lang.Object, java.lang.Object)'> (0x0000000096a47b40) 
thrown [s\open\src\hotspot\share\interpreter\linkResolver.cpp, line 759]
Event: 934.379 Thread 0x00000266bc1ab030 Exception <a 'java/lang/IncompatibleClassChangeError'{0x00000000959a35c0}: Found class java.lang.Object, but interface was expected> (0x00000000959a35c0) 
thrown [s\open\src\hotspot\share\interpreter\linkResolver.cpp, line 826]
Event: 934.668 Thread 0x00000266bc1ac470 Implicit null exception at 0x000002668fdb57cf to 0x000002668fdb58e0
Event: 935.113 Thread 0x00000266bc1ac470 Exception <a 'java/lang/NoSuchMethodError'{0x00000000954ec240}: 'void java.lang.invoke.DirectMethodHandle$Holder.invokeSpecial(java.lang.Object, java.lang.Object, int)'> (0x00000000954ec240) 
thrown [s\open\src\hotspot\share\interpreter\linkResolver.cpp, line 759]
Event: 937.088 Thread 0x00000266bc1ac470 Exception <a 'sun/nio/fs/WindowsException'{0x0000000094d05880}> (0x0000000094d05880) 
thrown [s\open\src\hotspot\share\prims\jni.cpp, line 516]
Event: 937.437 Thread 0x00000266bc1ab030 Exception <a 'sun/nio/fs/WindowsException'{0x0000000094e08ed0}> (0x0000000094e08ed0) 
thrown [s\open\src\hotspot\share\prims\jni.cpp, line 516]
Event: 938.533 Thread 0x00000266bc1ac980 Exception <a 'sun/nio/fs/WindowsException'{0x0000000094087590}> (0x0000000094087590) 
thrown [s\open\src\hotspot\share\prims\jni.cpp, line 516]
Event: 941.223 Thread 0x00000266bc1ac980 Exception <a 'sun/nio/fs/WindowsException'{0x000000009712c730}> (0x000000009712c730) 
thrown [s\open\src\hotspot\share\prims\jni.cpp, line 516]
Event: 942.144 Thread 0x00000266bc1ab030 Exception <a 'sun/nio/fs/WindowsException'{0x0000000096069f60}> (0x0000000096069f60) 
thrown [s\open\src\hotspot\share\prims\jni.cpp, line 516]
Event: 942.761 Thread 0x00000266bc1ac470 Exception <a 'sun/nio/fs/WindowsException'{0x0000000095158bf0}> (0x0000000095158bf0) 
thrown [s\open\src\hotspot\share\prims\jni.cpp, line 516]
Event: 947.076 Thread 0x00000266bc1ab030 Exception <a 'sun/nio/fs/WindowsException'{0x00000000968a4de0}> (0x00000000968a4de0) 
thrown [s\open\src\hotspot\share\prims\jni.cpp, line 516]
Event: 952.891 Thread 0x00000266bc1ac470 Implicit null exception at 0x000002668fd0accd to 0x000002668fd0acfc
Event: 961.857 Thread 0x00000266bc1ac470 Exception <a 'sun/nio/fs/WindowsException'{0x00000000990dfc90}> (0x00000000990dfc90) 
thrown [s\open\src\hotspot\share\prims\jni.cpp, line 516]
Event: 964.711 Thread 0x00000266bc1ac980 Exception <a 'sun/nio/fs/WindowsException'{0x0000000097fce020}> (0x0000000097fce020) 
thrown [s\open\src\hotspot\share\prims\jni.cpp, line 516]

VM Operations (20 events):
Event: 957.139 Executing VM operation: Cleanup
Event: 957.204 Executing VM operation: Cleanup done
Event: 958.002 Executing VM operation: HandshakeAllThreads
Event: 958.010 Executing VM operation: HandshakeAllThreads done
Event: 959.012 Executing VM operation: Cleanup
Event: 959.030 Executing VM operation: Cleanup done
Event: 960.041 Executing VM operation: Cleanup
Event: 960.105 Executing VM operation: Cleanup done
Event: 961.116 Executing VM operation: Cleanup
Event: 961.196 Executing VM operation: Cleanup done
Event: 962.206 Executing VM operation: Cleanup
Event: 962.224 Executing VM operation: Cleanup done
Event: 963.075 Executing VM operation: HandshakeAllThreads
Event: 963.076 Executing VM operation: HandshakeAllThreads done
Event: 964.078 Executing VM operation: Cleanup
Event: 964.081 Executing VM operation: Cleanup done
Event: 965.088 Executing VM operation: Cleanup
Event: 965.088 Executing VM operation: Cleanup done
Event: 967.111 Executing VM operation: Cleanup
Event: 967.288 Executing VM operation: Cleanup done

Events (20 events):
Event: 951.338 Thread 0x00000266ff71a730 flushing nmethod 0x0000026689be7e90
Event: 951.338 Thread 0x00000266ff71a730 flushing nmethod 0x0000026689be9c90
Event: 951.338 Thread 0x00000266ff71a730 flushing nmethod 0x0000026689c12490
Event: 951.338 Thread 0x00000266ff71a730 flushing nmethod 0x0000026689c28d90
Event: 951.338 Thread 0x00000266ff71a730 flushing nmethod 0x0000026689c67a90
Event: 951.338 Thread 0x00000266ff71a730 flushing nmethod 0x0000026689cabc10
Event: 951.338 Thread 0x00000266ff71a730 flushing nmethod 0x0000026689cac190
Event: 951.338 Thread 0x00000266ff71a730 flushing nmethod 0x0000026689cacc10
Event: 951.338 Thread 0x00000266ff71a730 flushing nmethod 0x0000026689cb3210
Event: 951.339 Thread 0x00000266ff71a730 flushing nmethod 0x0000026689cbec10
Event: 951.339 Thread 0x00000266ff71a730 flushing nmethod 0x0000026689cc1e10
Event: 951.339 Thread 0x00000266ff71a730 flushing nmethod 0x0000026689cca810
Event: 951.339 Thread 0x00000266ff71a730 flushing nmethod 0x0000026689cfdb10
Event: 951.339 Thread 0x00000266ff71a730 flushing nmethod 0x0000026689d01390
Event: 951.339 Thread 0x00000266ff71a730 flushing nmethod 0x0000026689d25c90
Event: 951.339 Thread 0x00000266ff71a730 flushing nmethod 0x0000026689d3e790
Event: 951.339 Thread 0x00000266ff71a730 flushing nmethod 0x0000026689d7f590
Event: 951.339 Thread 0x00000266ff71a730 flushing nmethod 0x0000026689d81390
Event: 951.340 Thread 0x00000266ff71a730 flushing nmethod 0x0000026689df5610
Event: 951.340 Thread 0x00000266ff71a730 flushing nmethod 0x0000026689e21d90


Dynamic libraries:
0x00007ff7f30d0000 - 0x00007ff7f30e0000 	C:\Program Files\Java\jdk-17\bin\java.exe
0x00007fffa3770000 - 0x00007fffa3968000 	C:\WINDOWS\SYSTEM32\ntdll.dll
0x00007fffa1870000 - 0x00007fffa192d000 	C:\WINDOWS\System32\KERNEL32.DLL
0x00007fffa11c0000 - 0x00007fffa14b6000 	C:\WINDOWS\System32\KERNELBASE.dll
0x00007fffa1630000 - 0x00007fffa1730000 	C:\WINDOWS\System32\ucrtbase.dll
0x00007fff6e480000 - 0x00007fff6e499000 	C:\Program Files\Java\jdk-17\bin\jli.dll
0x00007fffa1ba0000 - 0x00007fffa1c53000 	C:\WINDOWS\System32\ADVAPI32.dll
0x00007fffa22d0000 - 0x00007fffa236e000 	C:\WINDOWS\System32\msvcrt.dll
0x00007fffa1cf0000 - 0x00007fffa1d8f000 	C:\WINDOWS\System32\sechost.dll
0x00007fffa1930000 - 0x00007fffa1a56000 	C:\WINDOWS\System32\RPCRT4.dll
0x00007fffa1040000 - 0x00007fffa1067000 	C:\WINDOWS\System32\bcrypt.dll
0x00007fffa3550000 - 0x00007fffa36ee000 	C:\WINDOWS\System32\USER32.dll
0x00007fffa1010000 - 0x00007fffa1032000 	C:\WINDOWS\System32\win32u.dll
0x00007fffa36f0000 - 0x00007fffa371c000 	C:\WINDOWS\System32\GDI32.dll
0x00007fffa1510000 - 0x00007fffa162a000 	C:\WINDOWS\System32\gdi32full.dll
0x00007fffa1120000 - 0x00007fffa11bd000 	C:\WINDOWS\System32\msvcp_win.dll
0x00007fff6e3f0000 - 0x00007fff6e40b000 	C:\Program Files\Java\jdk-17\bin\VCRUNTIME140.dll
0x00007fff8d040000 - 0x00007fff8d2da000 	C:\WINDOWS\WinSxS\amd64_microsoft.windows.common-controls_6595b64144ccf1df_6.0.19041.3636_none_60b6a03d71f818d5\COMCTL32.dll
0x00007fff904f0000 - 0x00007fff904fa000 	C:\WINDOWS\SYSTEM32\VERSION.dll
0x00007fffa1cc0000 - 0x00007fffa1cf0000 	C:\WINDOWS\System32\IMM32.DLL
0x00007fff78940000 - 0x00007fff7894c000 	C:\Program Files\Java\jdk-17\bin\vcruntime140_1.dll
0x00007fff4b140000 - 0x00007fff4b1ce000 	C:\Program Files\Java\jdk-17\bin\msvcp140.dll
0x00007fff2cc20000 - 0x00007fff2d7ff000 	C:\Program Files\Java\jdk-17\bin\server\jvm.dll
0x00007fffa2920000 - 0x00007fffa2928000 	C:\WINDOWS\System32\PSAPI.DLL
0x00007fff8edd0000 - 0x00007fff8edd9000 	C:\WINDOWS\SYSTEM32\WSOCK32.dll
0x00007fffa20b0000 - 0x00007fffa211b000 	C:\WINDOWS\System32\WS2_32.dll
0x00007fff8fda0000 - 0x00007fff8fdc7000 	C:\WINDOWS\SYSTEM32\WINMM.dll
0x00007fff9ecb0000 - 0x00007fff9ecc2000 	C:\WINDOWS\SYSTEM32\kernel.appcore.dll
0x00007fff767d0000 - 0x00007fff767da000 	C:\Program Files\Java\jdk-17\bin\jimage.dll
0x00007fff8a020000 - 0x00007fff8a204000 	C:\WINDOWS\SYSTEM32\DBGHELP.DLL
0x00007fff89fe0000 - 0x00007fff8a014000 	C:\WINDOWS\SYSTEM32\dbgcore.DLL
0x00007fffa1730000 - 0x00007fffa17b2000 	C:\WINDOWS\System32\bcryptPrimitives.dll
0x00007fff54680000 - 0x00007fff546a5000 	C:\Program Files\Java\jdk-17\bin\java.dll
0x00007fff42a70000 - 0x00007fff42b47000 	C:\Program Files\Java\jdk-17\bin\jsvml.dll
0x00007fffa2e00000 - 0x00007fffa3545000 	C:\WINDOWS\System32\SHELL32.dll
0x00007fff9eeb0000 - 0x00007fff9f64b000 	C:\WINDOWS\SYSTEM32\windows.storage.dll
0x00007fffa2370000 - 0x00007fffa26c4000 	C:\WINDOWS\System32\combase.dll
0x00007fffa0790000 - 0x00007fffa07bd000 	C:\WINDOWS\SYSTEM32\Wldp.dll
0x00007fffa1fa0000 - 0x00007fffa204d000 	C:\WINDOWS\System32\SHCORE.dll
0x00007fffa1c60000 - 0x00007fffa1cb5000 	C:\WINDOWS\System32\shlwapi.dll
0x00007fffa0d70000 - 0x00007fffa0d95000 	C:\WINDOWS\SYSTEM32\profapi.dll
0x00007fff68f70000 - 0x00007fff68f89000 	C:\Program Files\Java\jdk-17\bin\net.dll
0x00007fff99820000 - 0x00007fff9992a000 	C:\WINDOWS\SYSTEM32\WINHTTP.dll
0x00007fffa0570000 - 0x00007fffa05da000 	C:\WINDOWS\system32\mswsock.dll
0x00007fff579d0000 - 0x00007fff579e6000 	C:\Program Files\Java\jdk-17\bin\nio.dll
0x00007fff8a4b0000 - 0x00007fff8a4c8000 	C:\Program Files\Java\jdk-17\bin\zip.dll
0x00007fff7a480000 - 0x00007fff7a490000 	C:\Program Files\Java\jdk-17\bin\verify.dll
0x00007fff8ff90000 - 0x00007fff8ffb7000 	C:\Users\Laiba\.gradle\native\68d5fa5c4cc2d200863cafc0d521ce42e7d3e7ee720ec0a83991735586a16f82\windows-amd64\native-platform.dll
0x00007fff89b50000 - 0x00007fff89c94000 	C:\Users\Laiba\.gradle\native\e376f236ea51e6404a007f0833ffe2c6e607c4080706a723a18a27aeea778392\windows-amd64\native-platform-file-events.dll
0x00007fff76530000 - 0x00007fff7653a000 	C:\Program Files\Java\jdk-17\bin\management.dll
0x00007fff70d00000 - 0x00007fff70d0b000 	C:\Program Files\Java\jdk-17\bin\management_ext.dll
0x00007fffa07d0000 - 0x00007fffa07e8000 	C:\WINDOWS\SYSTEM32\CRYPTSP.dll
0x00007fff9fe50000 - 0x00007fff9fe84000 	C:\WINDOWS\system32\rsaenh.dll
0x00007fffa0d30000 - 0x00007fffa0d5e000 	C:\WINDOWS\SYSTEM32\USERENV.dll
0x00007fffa0700000 - 0x00007fffa070c000 	C:\WINDOWS\SYSTEM32\CRYPTBASE.dll
0x00007fffa0230000 - 0x00007fffa026b000 	C:\WINDOWS\SYSTEM32\IPHLPAPI.DLL
0x00007fffa3720000 - 0x00007fffa3728000 	C:\WINDOWS\System32\NSI.dll
0x00007fff99b60000 - 0x00007fff99b77000 	C:\WINDOWS\SYSTEM32\dhcpcsvc6.DLL
0x00007fff99710000 - 0x00007fff9972d000 	C:\WINDOWS\SYSTEM32\dhcpcsvc.DLL
0x00007fffa0280000 - 0x00007fffa034a000 	C:\WINDOWS\SYSTEM32\DNSAPI.dll
0x00007fff8d5e0000 - 0x00007fff8d5ee000 	C:\Program Files\Java\jdk-17\bin\sunmscapi.dll
0x00007fffa0e40000 - 0x00007fffa0f9d000 	C:\WINDOWS\System32\CRYPT32.dll
0x00007fffa08e0000 - 0x00007fffa0908000 	C:\WINDOWS\SYSTEM32\ncrypt.dll
0x00007fffa08a0000 - 0x00007fffa08db000 	C:\WINDOWS\SYSTEM32\NTASN1.dll
0x00007fff86640000 - 0x00007fff86647000 	C:\WINDOWS\system32\wshunix.dll
0x00007fff40f70000 - 0x00007fff40f87000 	C:\WINDOWS\system32\napinsp.dll
0x00007fff40f50000 - 0x00007fff40f6b000 	C:\WINDOWS\system32\pnrpnsp.dll
0x00007fff83ee0000 - 0x00007fff83ef5000 	C:\WINDOWS\system32\wshbth.dll
0x00007fff9c960000 - 0x00007fff9c97d000 	C:\WINDOWS\system32\NLAapi.dll
0x00007fff40f30000 - 0x00007fff40f42000 	C:\WINDOWS\System32\winrnr.dll
0x00007fff919b0000 - 0x00007fff919ba000 	C:\Windows\System32\rasadhlp.dll
0x00007fff99460000 - 0x00007fff994e0000 	C:\WINDOWS\System32\fwpuclnt.dll

dbghelp: loaded successfully - version: 4.0.5 - missing functions: none
symbol engine: initialized successfully - sym options: 0x614 - pdb path: .;C:\Program Files\Java\jdk-17\bin;C:\WINDOWS\SYSTEM32;C:\WINDOWS\WinSxS\amd64_microsoft.windows.common-controls_6595b64144ccf1df_6.0.19041.3636_none_60b6a03d71f818d5;C:\Program Files\Java\jdk-17\bin\server;C:\Users\Laiba\.gradle\native\68d5fa5c4cc2d200863cafc0d521ce42e7d3e7ee720ec0a83991735586a16f82\windows-amd64;C:\Users\Laiba\.gradle\native\e376f236ea51e6404a007f0833ffe2c6e607c4080706a723a18a27aeea778392\windows-amd64

VM Arguments:
jvm_args: -XX:MaxMetaspaceSize=512m --add-opens=java.base/java.util=ALL-UNNAMED --add-opens=java.base/java.lang=ALL-UNNAMED --add-opens=java.base/java.lang.invoke=ALL-UNNAMED --add-opens=java.prefs/java.util.prefs=ALL-UNNAMED --add-opens=java.base/java.nio.charset=ALL-UNNAMED --add-opens=java.base/java.net=ALL-UNNAMED --add-opens=java.base/java.util.concurrent.atomic=ALL-UNNAMED -Xmx2048m -Dfile.encoding=windows-1252 -Duser.country=US -Duser.language=en -Duser.variant 
java_command: org.gradle.launcher.daemon.bootstrap.GradleDaemon 8.0.1
java_class_path (initial): C:\Users\Laiba\.gradle\wrapper\dists\gradle-8.0.1-all\aro4hu1c3oeioove7l0i4i14o\gradle-8.0.1\lib\gradle-launcher-8.0.1.jar
Launcher Type: SUN_STANDARD

[Global flags]
     intx CICompilerCount                          = 3                                         {product} {ergonomic}
   size_t CompressedClassSpaceSize                 = 436207616                                 {product} {ergonomic}
     uint ConcGCThreads                            = 1                                         {product} {ergonomic}
     uint G1ConcRefinementThreads                  = 4                                         {product} {ergonomic}
   size_t G1HeapRegionSize                         = 1048576                                   {product} {ergonomic}
    uintx GCDrainStackTargetSize                   = 64                                        {product} {ergonomic}
   size_t InitialHeapSize                          = 134217728                                 {product} {ergonomic}
   size_t MarkStackSize                            = 4194304                                   {product} {ergonomic}
   size_t MaxHeapSize                              = 2147483648                                {product} {command line}
   size_t MaxMetaspaceSize                         = 536870912                                 {product} {command line}
   size_t MaxNewSize                               = 1287651328                                {product} {ergonomic}
   size_t MinHeapDeltaBytes                        = 1048576                                   {product} {ergonomic}
   size_t MinHeapSize                              = 8388608                                   {product} {ergonomic}
    uintx NonNMethodCodeHeapSize                   = 5832780                                {pd product} {ergonomic}
    uintx NonProfiledCodeHeapSize                  = 122912730                              {pd product} {ergonomic}
    uintx ProfiledCodeHeapSize                     = 122912730                              {pd product} {ergonomic}
    uintx ReservedCodeCacheSize                    = 251658240                              {pd product} {ergonomic}
     bool SegmentedCodeCache                       = true                                      {product} {ergonomic}
   size_t SoftMaxHeapSize                          = 2147483648                             {manageable} {ergonomic}
     bool UseCompressedClassPointers               = true                           {product lp64_product} {ergonomic}
     bool UseCompressedOops                        = true                           {product lp64_product} {ergonomic}
     bool UseG1GC                                  = true                                      {product} {ergonomic}
     bool UseLargePagesIndividualAllocation        = false                                  {pd product} {ergonomic}

Logging:
Log output configuration:
 #0: stdout all=warning uptime,level,tags
 #1: stderr all=off uptime,level,tags

Environment Variables:
JAVA_HOME=C:\Program Files\Java\jdk-17
CLASSPATH=F:\document\reactNative\SupportBridge3\android\\gradle\wrapper\gradle-wrapper.jar
PATH=F:\document\reactNative\SupportBridge3\node_modules\.bin;F:\document\reactNative\SupportBridge3\node_modules\.bin;F:\document\reactNative\node_modules\.bin;F:\document\node_modules\.bin;F:\node_modules\.bin;C:\Users\Laiba\AppData\Roaming\npm\node_modules\npm\node_modules\@npmcli\run-script\lib\node-gyp-bin;F:\document\reactNative\SupportBridge3\node_modules\.bin;F:\document\reactNative\SupportBridge3\node_modules\.bin;F:\document\reactNative\node_modules\.bin;F:\document\node_modules\.bin;F:\node_modules\.bin;C:\Users\Laiba\AppData\Roaming\npm\node_modules\npm\node_modules\@npmcli\run-script\lib\node-gyp-bin;C:\Program Files\Java\jdk-17\bin;C:\Program Files\Common Files\Oracle\Java\javapath;C:\Python311\Scripts\;C:\Python311\;C:\WINDOWS\system32;C:\WINDOWS;C:\WINDOWS\System32\Wbem;C:\WINDOWS\System32\WindowsPowerShell\v1.0\;C:\WINDOWS\System32\OpenSSH\;C:\ProgramData\chocolatey\bin;C:\Program Files\Git\cmd;C:\Program Files\MySQL\MySQL Server 8.0\bin;C:\Users\Laiba\AppData\Local\Android\Sdk\platform-tools;C:\Program Files\nodejs\;C:\Users\Laiba\AppData\Local\Android\Sdk\tools;C:\Users\Laiba\AppData\Local\jdk-11.0.2\bin;C:\Users\Laiba\AppData\Local\Microsoft\WindowsApps;C:\Program Files\Java\jdk1.8.0_202\bin;C:\Users\Laiba\AppData\Local\Programs\Microsoft VS Code\bin;C:\Users\Laiba\AppData\Roaming\npm
USERNAME=Laiba
LANG=en_US.UTF-8
OS=Windows_NT
PROCESSOR_IDENTIFIER=Intel64 Family 6 Model 60 Stepping 3, GenuineIntel



---------------  S Y S T E M  ---------------

OS:
 Windows 10 , 64 bit Build 19041 (10.0.19041.3636)
OS uptime: 0 days 0:51 hours
Hyper-V role detected

CPU: total 4 (initial active 4) (2 cores per cpu, 2 threads per core) family 6 model 60 stepping 3 microcode 0x27, cx8, cmov, fxsr, ht, mmx, sse, sse2, sse3, ssse3, sse4.1, sse4.2, popcnt, lzcnt, tsc, tscinvbit, avx, avx2, aes, erms, clmul, bmi1, bmi2, fma, vzeroupper, clflush, hv

Memory: 4k page, system-wide physical 8105M (197M free)
TotalPageFile size 23194M (AvailPageFile size 10M)
current process WorkingSet (physical memory assigned to process): 409M, peak: 494M
current process commit charge ("private bytes"): 910M, peak: 925M

vm_info: Java HotSpot(TM) 64-Bit Server VM (17.0.10+11-LTS-240) for windows-amd64 JRE (17.0.10+11-LTS-240), built on Dec 19 2023 21:47:25 by "mach5one" with MS VC++ 17.1 (VS2022)

END.
