#
# A fatal error has been detected by the Java Runtime Environment:
#
#  EXCEPTION_ACCESS_VIOLATION (0xc0000005) at pc=0x00007ffdbab6e0a9, pid=26704, tid=23072
#
# JRE version: OpenJDK Runtime Environment Microsoft-8035246 (17.0.8+7) (build 17.0.8+7-LTS)
# Java VM: OpenJDK 64-Bit Server VM Microsoft-8035246 (17.0.8+7-LTS, mixed mode, sharing, tiered, compressed oops, compressed class ptrs, g1 gc, windows-amd64)
# Problematic frame:
# V  [jvm.dll+0x2be0a9]
#
# No core dump will be written. Minidumps are not enabled by default on client versions of Windows
#
# If you would like to submit a bug report, please visit:
#   https://github.com/microsoft/openjdk/issues
#

---------------  S U M M A R Y ------------

Command Line: -XX:MaxMetaspaceSize=512m --add-opens=java.base/java.util=ALL-UNNAMED --add-opens=java.base/java.lang=ALL-UNNAMED --add-opens=java.base/java.lang.invoke=ALL-UNNAMED --add-opens=java.prefs/java.util.prefs=ALL-UNNAMED --add-opens=java.base/java.nio.charset=ALL-UNNAMED --add-opens=java.base/java.net=ALL-UNNAMED --add-opens=java.base/java.util.concurrent.atomic=ALL-UNNAMED -Xmx2048m -Dfile.encoding=windows-1252 -Duser.country=US -Duser.language=en -Duser.variant org.gradle.launcher.daemon.bootstrap.GradleDaemon 8.0.1

Host: Intel(R) Core(TM) i5-4200M CPU @ 2.50GHz, 4 cores, 7G,  Windows 10 , 64 bit Build 19041 (10.0.19041.3636)
Time: Mon Feb 19 00:23:05 2024 Pakistan Standard Time elapsed time: 96.986780 seconds (0d 0h 1m 36s)

---------------  T H R E A D  ---------------

Current thread (0x00000151fea44040):  JavaThread "C2 CompilerThread1" daemon [_thread_in_native, id=23072, stack(0x00000043afc00000,0x00000043afd00000)]


Current CompileTask:
C2:  96986 15965   !   4       org.gradle.cache.internal.DefaultMultiProcessSafePersistentIndexedCache::getIfPresent (25 bytes)

Stack: [0x00000043afc00000,0x00000043afd00000],  sp=0x00000043afcfb3d0,  free space=1004k
Native frames: (J=compiled Java code, j=interpreted, Vv=VM code, C=native code)
V  [jvm.dll+0x2be0a9]
V  [jvm.dll+0x21ba8b]
V  [jvm.dll+0x21944b]
V  [jvm.dll+0x1a56b6]
V  [jvm.dll+0x2291ea]
V  [jvm.dll+0x22724c]
V  [jvm.dll+0x7efd0c]
V  [jvm.dll+0x7ea13a]
V  [jvm.dll+0x67ad85]
C  [ucrtbase.dll+0x21bb2]
C  [KERNEL32.DLL+0x17344]
C  [ntdll.dll+0x526b1]


siginfo: EXCEPTION_ACCESS_VIOLATION (0xc0000005), reading address 0x0000000000000028


Register to memory mapping:

RIP=0x00007ffdbab6e0a9 jvm.dll
RAX=0x00000151fe38b020 points into unknown readable memory: 0x0000000000000000 | 00 00 00 00 00 00 00 00
RBX=0x00000000000019b2 is an unknown value
RCX=0x0 is NULL
RDX=0x0 is NULL
RSP=0x00000043afcfb3d0 is pointing into the stack for thread: 0x00000151fea44040
RBP=0x00000043afcfb440 is pointing into the stack for thread: 0x00000151fea44040
RSI=0x0 is NULL
RDI=0x000000000000005c is an unknown value
R8 =0x000000000000ffe0 is an unknown value
R9 =0x0 is NULL
R10=0x00007ffe303e0000 VCRUNTIME140.dll
R11=0x00000151fe38b040 points into unknown readable memory: 0x0000000000000000 | 00 00 00 00 00 00 00 00
R12=0x0000000000000050 is an unknown value
R13=0x0 is NULL
R14=0x0 is NULL
R15=0x00000043afcfe5f0 is pointing into the stack for thread: 0x00000151fea44040


Registers:
RAX=0x00000151fe38b020, RBX=0x00000000000019b2, RCX=0x0000000000000000, RDX=0x0000000000000000
RSP=0x00000043afcfb3d0, RBP=0x00000043afcfb440, RSI=0x0000000000000000, RDI=0x000000000000005c
R8 =0x000000000000ffe0, R9 =0x0000000000000000, R10=0x00007ffe303e0000, R11=0x00000151fe38b040
R12=0x0000000000000050, R13=0x0000000000000000, R14=0x0000000000000000, R15=0x00000043afcfe5f0
RIP=0x00007ffdbab6e0a9, EFLAGS=0x0000000000010202

Top of Stack: (sp=0x00000043afcfb3d0)
0x00000043afcfb3d0:   00000000000019b2 0000000000000000
0x00000043afcfb3e0:   00000043afcfe5f0 00007ffdbaad38d1
0x00000043afcfb3f0:   000001519b588470 00007ffd00002000
0x00000043afcfb400:   00000151fe38b020 0000000000000000
0x00000043afcfb410:   0000000000000002 000001519be65200
0x00000043afcfb420:   0000000000000002 000001519b588470
0x00000043afcfb430:   0000000000000000 0000000000000000
0x00000043afcfb440:   000001519cfd2e50 00000151daada860
0x00000043afcfb450:   000000000000005c 00007ffdbb1f4c08
0x00000043afcfb460:   00000043afcfb570 00007ffdbaacba8b
0x00000043afcfb470:   00000043afcfe5f0 00007ffdbb1f4c08
0x00000043afcfb480:   00000043afcfe5f0 00000043afcfb570
0x00000043afcfb490:   0000015100000000 00007ffdbaecb7fb
0x00000043afcfb4a0:   000000430000000f 00000043afcfe5f0
0x00000043afcfb4b0:   00000043afcfb620 0000000000000000
0x00000043afcfb4c0:   0000015100000100 00007ffdbb1f4c08 

Instructions: (pc=0x00007ffdbab6e0a9)
0x00007ffdbab6dfa9:   3b d0 75 0b ff c1 41 3b c9 7c dc 48 8b c2 c3 33
0x00007ffdbab6dfb9:   c0 c3 cc cc cc cc cc 48 89 5c 24 18 55 56 57 41
0x00007ffdbab6dfc9:   55 41 57 48 8b ec 48 83 ec 70 65 48 8b 04 25 58
0x00007ffdbab6dfd9:   00 00 00 48 8b f2 44 8b 05 d2 8b 90 00 4c 8b f9
0x00007ffdbab6dfe9:   4a 8b 1c c0 b8 50 00 00 00 80 3c 18 00 75 05 e8
0x00007ffdbab6dff9:   8b 6f 5d 00 b8 20 00 00 00 48 8b 04 18 48 8b 98
0x00007ffdbab6e009:   38 02 00 00 48 89 5d b0 c7 45 b8 04 00 00 00 48
0x00007ffdbab6e019:   8b 43 18 48 83 f8 df 76 18 4c 8d 05 37 a9 65 00
0x00007ffdbab6e029:   ba 20 00 00 00 48 8b cb e8 5a eb de ff 48 8b 43
0x00007ffdbab6e039:   18 48 8d 48 20 48 3b 4b 20 76 11 45 33 c0 48 8b
0x00007ffdbab6e049:   cb 41 8d 50 20 e8 fd e8 de ff eb 04 48 89 4b 18
0x00007ffdbab6e059:   44 8b 45 b8 33 d2 49 c1 e0 03 48 8b c8 48 89 45
0x00007ffdbab6e069:   c0 e8 e3 80 5d 00 45 33 ed 48 8d 4d d0 44 89 6d
0x00007ffdbab6e079:   c8 e8 01 59 56 00 41 8b 9f 40 02 00 00 41 2b 9f
0x00007ffdbab6e089:   68 02 00 00 44 89 6d f0 3b 5d b8 72 0b 8b d3 48
0x00007ffdbab6e099:   8d 4d b0 e8 6f b3 39 00 48 8b 45 c0 4c 89 2c d8
0x00007ffdbab6e0a9:   8b 7e 28 8b df c1 eb 05 3b 5d d0 72 0b 8b d3 48
0x00007ffdbab6e0b9:   8d 4d d0 e8 1f 59 56 00 48 8b 45 d8 83 e7 1f 48
0x00007ffdbab6e0c9:   8d 14 98 40 0f b6 cf 41 b8 01 00 00 00 41 d3 e0
0x00007ffdbab6e0d9:   8b 0a 8b c1 41 0b c0 89 02 41 85 c8 75 21 8b 5d
0x00007ffdbab6e0e9:   c8 8d 43 01 89 45 c8 3b 5d b8 72 0b 8b d3 48 8d
0x00007ffdbab6e0f9:   4d b0 e8 10 b3 39 00 48 8b 45 c0 48 89 34 d8 44
0x00007ffdbab6e109:   39 6d c8 0f 86 77 01 00 00 4c 89 a4 24 a0 00 00
0x00007ffdbab6e119:   00 4c 89 b4 24 a8 00 00 00 48 8b 45 c0 41 8b cd
0x00007ffdbab6e129:   48 8b 34 c8 8b 46 2c 25 ff 1f 00 00 3d 04 10 00
0x00007ffdbab6e139:   00 0f 85 a7 00 00 00 bb 01 00 00 00 39 5e 18 76
0x00007ffdbab6e149:   39 66 0f 1f 44 00 00 48 8b 46 08 8b cb 48 8b 14
0x00007ffdbab6e159:   c8 48 85 d2 74 1d 48 83 7a 10 00 74 16 80 7a 2c
0x00007ffdbab6e169:   84 74 10 e8 7f 7e ee ff 48 8b d0 49 8b cf e8 a4
0x00007ffdbab6e179:   61 f6 ff ff c3 3b 5e 18 72 cd 48 8b 5e 10 8b 46
0x00007ffdbab6e189:   20 4c 8d 34 c3 49 3b de 73 54 48 8b 3b 8b 47 2c
0x00007ffdbab6e199:   83 e0 03 3c 03 75 2e 48 8b 07 48 8b cf ff 90 88 


Stack slot to memory mapping:
stack at sp + 0 slots: 0x00000000000019b2 is an unknown value
stack at sp + 1 slots: 0x0 is NULL
stack at sp + 2 slots: 0x00000043afcfe5f0 is pointing into the stack for thread: 0x00000151fea44040
stack at sp + 3 slots: 0x00007ffdbaad38d1 jvm.dll
stack at sp + 4 slots: 0x000001519b588470 points into unknown readable memory: 0x0000015100000006 | 06 00 00 00 51 01 00 00
stack at sp + 5 slots: 0x00007ffd00002000 is an unknown value
stack at sp + 6 slots: 0x00000151fe38b020 points into unknown readable memory: 0x0000000000000000 | 00 00 00 00 00 00 00 00
stack at sp + 7 slots: 0x0 is NULL


---------------  P R O C E S S  ---------------

Threads class SMR info:
_java_thread_list=0x000001519f8232a0, length=91, elements={
0x00000151daac18a0, 0x00000151f86679e0, 0x00000151f8669670, 0x00000151f867fa80,
0x00000151f8680610, 0x00000151f8681fe0, 0x00000151f86829a0, 0x00000151f8684de0,
0x00000151f8685890, 0x00000151f8692740, 0x00000151f88cdfd0, 0x00000151f88cdac0,
0x00000151f88ce4e0, 0x00000151f88ce9f0, 0x00000151f88d0340, 0x00000151f88cf410,
0x00000151f88d0d60, 0x00000151f88cfe30, 0x00000151f88cd5b0, 0x00000151f88d0850,
0x00000151f88cef00, 0x00000151f88cf920, 0x00000151fd01c270, 0x00000151fd01dbc0,
0x00000151fd01e5e0, 0x00000151fd0180a0, 0x00000151fd01f000, 0x00000151fd01c780,
0x00000151fd01cc90, 0x00000151fd01d1a0, 0x00000151fd01f510, 0x00000151fd019f00,
0x00000151fd018ac0, 0x00000151fd018fd0, 0x00000151fd01bd60, 0x00000151fd01e0d0,
0x00000151fd01a920, 0x00000151fd0185b0, 0x00000151fd01ae30, 0x00000151fd0194e0,
0x00000151fd0199f0, 0x00000151fd01b340, 0x00000151ff346b80, 0x00000151ff349400,
0x00000151ff34a840, 0x00000151ff347090, 0x00000151ff34d0c0, 0x00000151ff34bc80,
0x00000151ff349e20, 0x00000151ff34c190, 0x00000151ff3475a0, 0x00000151ff346670,
0x00000151ff34a330, 0x00000151ff347ab0, 0x00000151ff3484d0, 0x00000151ff346160,
0x00000151ff34c6a0, 0x00000151ff347fc0, 0x00000151ff349910, 0x00000151ff34cbb0,
0x00000151ff34d5d0, 0x00000151ff34b260, 0x00000151ff34dae0, 0x00000151ff34ad50,
0x00000151ff34b770, 0x00000151ff3489e0, 0x00000151ff348ef0, 0x000001519ba45fb0,
0x000001519ba3ff80, 0x000001519ba43220, 0x000001519ba44150, 0x000001519ba3fa70,
0x000001519ba469d0, 0x000001519ba3f560, 0x000001519ba42800, 0x000001519ba40490,
0x000001519ba422f0, 0x000001519ba45aa0, 0x000001519ba44660, 0x000001519ba464c0,
0x000001519ba45590, 0x000001519ba42d10, 0x000001519ba43730, 0x000001519ba40eb0,
0x000001519ba413c0, 0x000001519ba44b70, 0x000001519ba45080, 0x00000151fe55a7a0,
0x00000151fe558e50, 0x00000151fe55a290, 0x00000151fea44040
}

Java Threads: ( => current thread )
  0x00000151daac18a0 JavaThread "main" [_thread_blocked, id=27448, stack(0x00000043aa900000,0x00000043aaa00000)]
  0x00000151f86679e0 JavaThread "Reference Handler" daemon [_thread_blocked, id=23912, stack(0x00000043ab000000,0x00000043ab100000)]
  0x00000151f8669670 JavaThread "Finalizer" daemon [_thread_blocked, id=26748, stack(0x00000043ab100000,0x00000043ab200000)]
  0x00000151f867fa80 JavaThread "Signal Dispatcher" daemon [_thread_blocked, id=26940, stack(0x00000043ab200000,0x00000043ab300000)]
  0x00000151f8680610 JavaThread "Attach Listener" daemon [_thread_blocked, id=19156, stack(0x00000043ab300000,0x00000043ab400000)]
  0x00000151f8681fe0 JavaThread "Service Thread" daemon [_thread_blocked, id=21448, stack(0x00000043ab400000,0x00000043ab500000)]
  0x00000151f86829a0 JavaThread "Monitor Deflation Thread" daemon [_thread_blocked, id=24324, stack(0x00000043ab500000,0x00000043ab600000)]
  0x00000151f8684de0 JavaThread "C2 CompilerThread0" daemon [_thread_in_native, id=23696, stack(0x00000043ab600000,0x00000043ab700000)]
  0x00000151f8685890 JavaThread "C1 CompilerThread0" daemon [_thread_blocked, id=21048, stack(0x00000043ab700000,0x00000043ab800000)]
  0x00000151f8692740 JavaThread "Sweeper thread" daemon [_thread_blocked, id=24564, stack(0x00000043ab800000,0x00000043ab900000)]
  0x00000151f88cdfd0 JavaThread "Common-Cleaner" daemon [_thread_blocked, id=27244, stack(0x00000043ab900000,0x00000043aba00000)]
  0x00000151f88cdac0 JavaThread "Notification Thread" daemon [_thread_blocked, id=24456, stack(0x00000043aba00000,0x00000043abb00000)]
  0x00000151f88ce4e0 JavaThread "Daemon health stats" [_thread_blocked, id=25628, stack(0x00000043ac000000,0x00000043ac100000)]
  0x00000151f88ce9f0 JavaThread "Incoming local TCP Connector on port 58395" [_thread_in_native, id=25668, stack(0x00000043abf00000,0x00000043ac000000)]
  0x00000151f88d0340 JavaThread "Daemon periodic checks" [_thread_blocked, id=20012, stack(0x00000043ac100000,0x00000043ac200000)]
  0x00000151f88cf410 JavaThread "Daemon" [_thread_blocked, id=26084, stack(0x00000043ac200000,0x00000043ac300000)]
  0x00000151f88d0d60 JavaThread "Handler for socket connection from /127.0.0.1:58395 to /127.0.0.1:58396" [_thread_in_native, id=13444, stack(0x00000043ac300000,0x00000043ac400000)]
  0x00000151f88cfe30 JavaThread "Cancel handler" [_thread_blocked, id=25572, stack(0x00000043ac400000,0x00000043ac500000)]
  0x00000151f88cd5b0 JavaThread "Daemon worker" [_thread_blocked, id=21012, stack(0x00000043ac500000,0x00000043ac600000)]
  0x00000151f88d0850 JavaThread "Asynchronous log dispatcher for DefaultDaemonConnection: socket connection from /127.0.0.1:58395 to /127.0.0.1:58396" [_thread_blocked, id=26532, stack(0x00000043ac600000,0x00000043ac700000)]
  0x00000151f88cef00 JavaThread "Stdin handler" [_thread_blocked, id=27108, stack(0x00000043ac700000,0x00000043ac800000)]
  0x00000151f88cf920 JavaThread "Daemon client event forwarder" [_thread_blocked, id=24968, stack(0x00000043ac800000,0x00000043ac900000)]
  0x00000151fd01c270 JavaThread "Cache worker for journal cache (C:\Users\Laiba\.gradle\caches\journal-1)" [_thread_blocked, id=24012, stack(0x00000043ac900000,0x00000043aca00000)]
  0x00000151fd01dbc0 JavaThread "File lock request listener" [_thread_in_native, id=20924, stack(0x00000043aca00000,0x00000043acb00000)]
  0x00000151fd01e5e0 JavaThread "Cache worker for file hash cache (C:\Users\Laiba\.gradle\caches\8.0.1\fileHashes)" [_thread_blocked, id=26280, stack(0x00000043acc00000,0x00000043acd00000)]
  0x00000151fd0180a0 JavaThread "File watcher server" daemon [_thread_in_native, id=26312, stack(0x00000043acd00000,0x00000043ace00000)]
  0x00000151fd01f000 JavaThread "File watcher consumer" daemon [_thread_blocked, id=27228, stack(0x00000043ace00000,0x00000043acf00000)]
  0x00000151fd01c780 JavaThread "Cache worker for checksums cache (F:\document\reactNative\SupportBridge3\android\.gradle\8.0.1\checksums)" [_thread_blocked, id=27560, stack(0x00000043acb00000,0x00000043acc00000)]
  0x00000151fd01cc90 JavaThread "Cache worker for cache directory md-rule (C:\Users\Laiba\.gradle\caches\8.0.1\md-rule)" [_thread_blocked, id=26660, stack(0x00000043acf00000,0x00000043ad000000)]
  0x00000151fd01d1a0 JavaThread "Cache worker for file content cache (C:\Users\Laiba\.gradle\caches\8.0.1\fileContent)" [_thread_blocked, id=26628, stack(0x00000043ad100000,0x00000043ad200000)]
  0x00000151fd01f510 JavaThread "Cache worker for file hash cache (F:\document\reactNative\SupportBridge3\android\.gradle\8.0.1\fileHashes)" [_thread_blocked, id=26688, stack(0x00000043ad000000,0x00000043ad100000)]
  0x00000151fd019f00 JavaThread "Cache worker for cache directory md-supplier (C:\Users\Laiba\.gradle\caches\8.0.1\md-supplier)" [_thread_blocked, id=18816, stack(0x00000043ad200000,0x00000043ad300000)]
  0x00000151fd018ac0 JavaThread "Cache worker for execution history cache (C:\Users\Laiba\.gradle\caches\8.0.1\executionHistory)" [_thread_blocked, id=27224, stack(0x00000043ad400000,0x00000043ad500000)]
  0x00000151fd018fd0 JavaThread "jar transforms" [_thread_blocked, id=26888, stack(0x00000043ad600000,0x00000043ad700000)]
  0x00000151fd01bd60 JavaThread "jar transforms Thread 2" [_thread_blocked, id=26632, stack(0x00000043ad700000,0x00000043ad800000)]
  0x00000151fd01e0d0 JavaThread "jar transforms Thread 3" [_thread_blocked, id=13752, stack(0x00000043ad800000,0x00000043ad900000)]
  0x00000151fd01a920 JavaThread "jar transforms Thread 4" [_thread_blocked, id=27644, stack(0x00000043ad500000,0x00000043ad600000)]
  0x00000151fd0185b0 JavaThread "Cache worker for kotlin-dsl (C:\Users\Laiba\.gradle\caches\8.0.1\kotlin-dsl)" [_thread_blocked, id=20996, stack(0x00000043adc00000,0x00000043add00000)]
  0x00000151fd01ae30 JavaThread "Unconstrained build operations" [_thread_blocked, id=26540, stack(0x00000043add00000,0x00000043ade00000)]
  0x00000151fd0194e0 JavaThread "Unconstrained build operations Thread 2" [_thread_blocked, id=18544, stack(0x00000043ade00000,0x00000043adf00000)]
  0x00000151fd0199f0 JavaThread "Cache worker for dependencies-accessors (F:\document\reactNative\SupportBridge3\android\.gradle\8.0.1\dependencies-accessors)" [_thread_blocked, id=24748, stack(0x00000043adf00000,0x00000043ae000000)]
  0x00000151fd01b340 JavaThread "Cache worker for Build Output Cleanup Cache (F:\document\reactNative\SupportBridge3\node_modules\@react-native\gradle-plugin\.gradle\buildOutputCleanup)" [_thread_blocked, id=25740, stack(0x00000043ae000000,0x00000043ae100000)]
  0x00000151ff346b80 JavaThread "Unconstrained build operations Thread 3" [_thread_blocked, id=27268, stack(0x00000043ae100000,0x00000043ae200000)]
  0x00000151ff349400 JavaThread "Unconstrained build operations Thread 4" [_thread_blocked, id=23996, stack(0x00000043ae200000,0x00000043ae300000)]
  0x00000151ff34a840 JavaThread "Unconstrained build operations Thread 5" [_thread_blocked, id=25604, stack(0x00000043ae300000,0x00000043ae400000)]
  0x00000151ff347090 JavaThread "Unconstrained build operations Thread 6" [_thread_blocked, id=24100, stack(0x00000043ae400000,0x00000043ae500000)]
  0x00000151ff34d0c0 JavaThread "Unconstrained build operations Thread 7" [_thread_blocked, id=18620, stack(0x00000043ae500000,0x00000043ae600000)]
  0x00000151ff34bc80 JavaThread "Unconstrained build operations Thread 8" [_thread_blocked, id=21628, stack(0x00000043ae600000,0x00000043ae700000)]
  0x00000151ff349e20 JavaThread "Unconstrained build operations Thread 9" [_thread_blocked, id=24056, stack(0x00000043ae700000,0x00000043ae800000)]
  0x00000151ff34c190 JavaThread "Unconstrained build operations Thread 10" [_thread_blocked, id=25800, stack(0x00000043ae800000,0x00000043ae900000)]
  0x00000151ff3475a0 JavaThread "Unconstrained build operations Thread 11" [_thread_blocked, id=27312, stack(0x00000043ae900000,0x00000043aea00000)]
  0x00000151ff346670 JavaThread "Unconstrained build operations Thread 12" [_thread_blocked, id=24244, stack(0x00000043aea00000,0x00000043aeb00000)]
  0x00000151ff34a330 JavaThread "Unconstrained build operations Thread 13" [_thread_blocked, id=20528, stack(0x00000043aeb00000,0x00000043aec00000)]
  0x00000151ff347ab0 JavaThread "Unconstrained build operations Thread 14" [_thread_blocked, id=20696, stack(0x00000043aec00000,0x00000043aed00000)]
  0x00000151ff3484d0 JavaThread "Unconstrained build operations Thread 15" [_thread_blocked, id=18556, stack(0x00000043aed00000,0x00000043aee00000)]
  0x00000151ff346160 JavaThread "Unconstrained build operations Thread 16" [_thread_blocked, id=23844, stack(0x00000043aee00000,0x00000043aef00000)]
  0x00000151ff34c6a0 JavaThread "Unconstrained build operations Thread 17" [_thread_blocked, id=23792, stack(0x00000043aef00000,0x00000043af000000)]
  0x00000151ff347fc0 JavaThread "Unconstrained build operations Thread 18" [_thread_blocked, id=23960, stack(0x00000043af000000,0x00000043af100000)]
  0x00000151ff349910 JavaThread "Unconstrained build operations Thread 19" [_thread_blocked, id=26612, stack(0x00000043af100000,0x00000043af200000)]
  0x00000151ff34cbb0 JavaThread "Unconstrained build operations Thread 20" [_thread_blocked, id=24884, stack(0x00000043af200000,0x00000043af300000)]
  0x00000151ff34d5d0 JavaThread "Unconstrained build operations Thread 21" [_thread_blocked, id=24548, stack(0x00000043af300000,0x00000043af400000)]
  0x00000151ff34b260 JavaThread "Unconstrained build operations Thread 22" [_thread_blocked, id=23672, stack(0x00000043af400000,0x00000043af500000)]
  0x00000151ff34dae0 JavaThread "Unconstrained build operations Thread 23" [_thread_blocked, id=16364, stack(0x00000043af500000,0x00000043af600000)]
  0x00000151ff34ad50 JavaThread "Unconstrained build operations Thread 24" [_thread_in_native, id=18196, stack(0x00000043af600000,0x00000043af700000)]
  0x00000151ff34b770 JavaThread "Unconstrained build operations Thread 25" [_thread_blocked, id=26020, stack(0x00000043af700000,0x00000043af800000)]
  0x00000151ff3489e0 JavaThread "Unconstrained build operations Thread 26" [_thread_blocked, id=24512, stack(0x00000043af800000,0x00000043af900000)]
  0x00000151ff348ef0 JavaThread "Unconstrained build operations Thread 27" [_thread_blocked, id=24280, stack(0x00000043af900000,0x00000043afa00000)]
  0x000001519ba45fb0 JavaThread "Unconstrained build operations Thread 28" [_thread_blocked, id=25804, stack(0x00000043afa00000,0x00000043afb00000)]
  0x000001519ba3ff80 JavaThread "Memory manager" [_thread_blocked, id=26784, stack(0x00000043afb00000,0x00000043afc00000)]
  0x000001519ba43220 JavaThread "Cache worker for Build Output Cleanup Cache (F:\document\reactNative\SupportBridge3\android\.gradle\buildOutputCleanup)" [_thread_blocked, id=19316, stack(0x00000043adb00000,0x00000043adc00000)]
  0x000001519ba44150 JavaThread "ForkJoinPool.commonPool-worker-1" daemon [_thread_blocked, id=23744, stack(0x00000043aa600000,0x00000043aa700000)]
  0x000001519ba3fa70 JavaThread "ForkJoinPool.commonPool-worker-2" daemon [_thread_blocked, id=24412, stack(0x00000043aa700000,0x00000043aa800000)]
  0x000001519ba469d0 JavaThread "ForkJoinPool.commonPool-worker-3" daemon [_thread_blocked, id=24020, stack(0x00000043aa800000,0x00000043aa900000)]
  0x000001519ba3f560 JavaThread "included builds" [_thread_blocked, id=24088, stack(0x00000043afd00000,0x00000043afe00000)]
  0x000001519ba42800 JavaThread "Execution worker" [_thread_in_Java, id=24224, stack(0x00000043afe00000,0x00000043aff00000)]
  0x000001519ba40490 JavaThread "Execution worker Thread 2" [_thread_blocked, id=25500, stack(0x00000043aff00000,0x00000043b0000000)]
  0x000001519ba422f0 JavaThread "Execution worker Thread 3" [_thread_blocked, id=26412, stack(0x00000043b0000000,0x00000043b0100000)]
  0x000001519ba45aa0 JavaThread "Cache worker for execution history cache (F:\document\reactNative\SupportBridge3\node_modules\@react-native\gradle-plugin\.gradle\8.0.1\executionHistory)" [_thread_blocked, id=21492, stack(0x00000043b0100000,0x00000043b0200000)]
  0x000001519ba44660 JavaThread "Unconstrained build operations Thread 29" [_thread_blocked, id=14700, stack(0x00000043b0200000,0x00000043b0300000)]
  0x000001519ba464c0 JavaThread "Unconstrained build operations Thread 30" [_thread_blocked, id=25112, stack(0x00000043b0300000,0x00000043b0400000)]
  0x000001519ba45590 JavaThread "Unconstrained build operations Thread 31" [_thread_blocked, id=23952, stack(0x00000043b0400000,0x00000043b0500000)]
  0x000001519ba42d10 JavaThread "Unconstrained build operations Thread 32" [_thread_blocked, id=17644, stack(0x00000043b0500000,0x00000043b0600000)]
  0x000001519ba43730 JavaThread "Unconstrained build operations Thread 33" [_thread_blocked, id=25116, stack(0x00000043b0600000,0x00000043b0700000)]
  0x000001519ba40eb0 JavaThread "Unconstrained build operations Thread 34" [_thread_blocked, id=23908, stack(0x00000043b0700000,0x00000043b0800000)]
  0x000001519ba413c0 JavaThread "Unconstrained build operations Thread 35" [_thread_blocked, id=25344, stack(0x00000043b0800000,0x00000043b0900000)]
  0x000001519ba44b70 JavaThread "Unconstrained build operations Thread 36" [_thread_blocked, id=25812, stack(0x00000043b0900000,0x00000043b0a00000)]
  0x000001519ba45080 JavaThread "Unconstrained build operations Thread 37" [_thread_blocked, id=23964, stack(0x00000043b0a00000,0x00000043b0b00000)]
  0x00000151fe55a7a0 JavaThread "Unconstrained build operations Thread 38" [_thread_blocked, id=20488, stack(0x00000043b0b00000,0x00000043b0c00000)]
  0x00000151fe558e50 JavaThread "Unconstrained build operations Thread 39" [_thread_blocked, id=14828, stack(0x00000043b0c00000,0x00000043b0d00000)]
  0x00000151fe55a290 JavaThread "Unconstrained build operations Thread 40" [_thread_blocked, id=26112, stack(0x00000043b0d00000,0x00000043b0e00000)]
=>0x00000151fea44040 JavaThread "C2 CompilerThread1" daemon [_thread_in_native, id=23072, stack(0x00000043afc00000,0x00000043afd00000)]

Other Threads:
  0x00000151f8663610 VMThread "VM Thread" [stack: 0x00000043aaf00000,0x00000043ab000000] [id=27424]
  0x00000151f866aff0 WatcherThread [stack: 0x00000043abb00000,0x00000043abc00000] [id=27360]
  0x00000151dab1d990 GCTaskThread "GC Thread#0" [stack: 0x00000043aaa00000,0x00000043aab00000] [id=27392]
  0x00000151fd388570 GCTaskThread "GC Thread#1" [stack: 0x00000043abd00000,0x00000043abe00000] [id=26316]
  0x00000151f8aa9000 GCTaskThread "GC Thread#2" [stack: 0x00000043abe00000,0x00000043abf00000] [id=26548]
  0x00000151fdb0cf20 GCTaskThread "GC Thread#3" [stack: 0x00000043abc00000,0x00000043abd00000] [id=14072]
  0x00000151dab2f7f0 ConcurrentGCThread "G1 Main Marker" [stack: 0x00000043aab00000,0x00000043aac00000] [id=27404]
  0x00000151dab308a0 ConcurrentGCThread "G1 Conc#0" [stack: 0x00000043aac00000,0x00000043aad00000] [id=27036]
  0x00000151f85224c0 ConcurrentGCThread "G1 Refine#0" [stack: 0x00000043aad00000,0x00000043aae00000] [id=23988]
  0x000001519b76c840 ConcurrentGCThread "G1 Refine#1" [stack: 0x00000043ad300000,0x00000043ad400000] [id=25400]
  0x00000151f8522df0 ConcurrentGCThread "G1 Service" [stack: 0x00000043aae00000,0x00000043aaf00000] [id=23852]

Threads with active compile tasks:
C2 CompilerThread0    97078 15966       4       org.gradle.cache.internal.DefaultCacheAccess$UnitOfWorkFileAccess::readFile (14 bytes)
C2 CompilerThread1    97078 15965   !   4       org.gradle.cache.internal.DefaultMultiProcessSafePersistentIndexedCache::getIfPresent (25 bytes)

VM state: not at safepoint (normal execution)

VM Mutex/Monitor currently owned by a thread: None

Heap address: 0x0000000080000000, size: 2048 MB, Compressed Oops mode: 32-bit

CDS archive(s) mapped at: [0x0000015180000000-0x0000015180bd0000-0x0000015180bd0000), size 12386304, SharedBaseAddress: 0x0000015180000000, ArchiveRelocationMode: 1.
Compressed class space mapped at: 0x0000015181000000-0x000001519b000000, reserved size: 436207616
Narrow klass base: 0x0000015180000000, Narrow klass shift: 0, Narrow klass range: 0x100000000

GC Precious Log:
 CPUs: 4 total, 4 available
 Memory: 8105M
 Large Page Support: Disabled
 NUMA Support: Disabled
 Compressed Oops: Enabled (32-bit)
 Heap Region Size: 1M
 Heap Min Capacity: 8M
 Heap Initial Capacity: 128M
 Heap Max Capacity: 2G
 Pre-touch: Disabled
 Parallel Workers: 4
 Concurrent Workers: 1
 Concurrent Refinement Workers: 4
 Periodic GC: Disabled

Heap:
 garbage-first heap   total 336896K, used 270847K [0x0000000080000000, 0x0000000100000000)
  region size 1024K, 31 young (31744K), 6 survivors (6144K)
 Metaspace       used 101493K, committed 103040K, reserved 557056K
  class space    used 14082K, committed 14784K, reserved 425984K

Heap Regions: E=young(eden), S=young(survivor), O=old, HS=humongous(starts), HC=humongous(continues), CS=collection set, F=free, OA=open archive, CA=closed archive, TAMS=top-at-mark-start (previous, next)
|   0|0x0000000080000000, 0x0000000080100000, 0x0000000080100000|100%| O|  |TAMS 0x0000000080100000, 0x0000000080000000| Untracked 
|   1|0x0000000080100000, 0x0000000080200000, 0x0000000080200000|100%| O|  |TAMS 0x0000000080200000, 0x0000000080100000| Untracked 
|   2|0x0000000080200000, 0x0000000080300000, 0x0000000080300000|100%|HS|  |TAMS 0x0000000080300000, 0x0000000080200000| Complete 
|   3|0x0000000080300000, 0x0000000080400000, 0x0000000080400000|100%|HC|  |TAMS 0x0000000080400000, 0x0000000080300000| Complete 
|   4|0x0000000080400000, 0x0000000080500000, 0x0000000080500000|100%|HC|  |TAMS 0x0000000080500000, 0x0000000080400000| Complete 
|   5|0x0000000080500000, 0x0000000080600000, 0x0000000080600000|100%|HC|  |TAMS 0x0000000080600000, 0x0000000080500000| Complete 
|   6|0x0000000080600000, 0x0000000080700000, 0x0000000080700000|100%| O|  |TAMS 0x0000000080700000, 0x0000000080600000| Untracked 
|   7|0x0000000080700000, 0x0000000080800000, 0x0000000080800000|100%| O|  |TAMS 0x0000000080800000, 0x0000000080700000| Untracked 
|   8|0x0000000080800000, 0x0000000080900000, 0x0000000080900000|100%| O|  |TAMS 0x0000000080900000, 0x0000000080800000| Untracked 
|   9|0x0000000080900000, 0x0000000080a00000, 0x0000000080a00000|100%| O|  |TAMS 0x0000000080a00000, 0x0000000080900000| Untracked 
|  10|0x0000000080a00000, 0x0000000080b00000, 0x0000000080b00000|100%| O|  |TAMS 0x0000000080b00000, 0x0000000080a00000| Untracked 
|  11|0x0000000080b00000, 0x0000000080c00000, 0x0000000080c00000|100%| O|  |TAMS 0x0000000080c00000, 0x0000000080b00000| Untracked 
|  12|0x0000000080c00000, 0x0000000080d00000, 0x0000000080d00000|100%| O|  |TAMS 0x0000000080d00000, 0x0000000080c00000| Untracked 
|  13|0x0000000080d00000, 0x0000000080e00000, 0x0000000080e00000|100%| O|  |TAMS 0x0000000080e00000, 0x0000000080d00000| Untracked 
|  14|0x0000000080e00000, 0x0000000080f00000, 0x0000000080f00000|100%| O|  |TAMS 0x0000000080f00000, 0x0000000080e00000| Untracked 
|  15|0x0000000080f00000, 0x0000000081000000, 0x0000000081000000|100%| O|  |TAMS 0x0000000081000000, 0x0000000080f00000| Untracked 
|  16|0x0000000081000000, 0x0000000081100000, 0x0000000081100000|100%| O|  |TAMS 0x0000000081100000, 0x0000000081000000| Untracked 
|  17|0x0000000081100000, 0x0000000081200000, 0x0000000081200000|100%| O|  |TAMS 0x0000000081200000, 0x0000000081100000| Untracked 
|  18|0x0000000081200000, 0x0000000081300000, 0x0000000081300000|100%| O|  |TAMS 0x0000000081300000, 0x0000000081200000| Untracked 
|  19|0x0000000081300000, 0x0000000081400000, 0x0000000081400000|100%| O|  |TAMS 0x0000000081400000, 0x0000000081300000| Untracked 
|  20|0x0000000081400000, 0x0000000081500000, 0x0000000081500000|100%| O|  |TAMS 0x0000000081500000, 0x0000000081400000| Untracked 
|  21|0x0000000081500000, 0x0000000081600000, 0x0000000081600000|100%|HS|  |TAMS 0x0000000081600000, 0x0000000081500000| Complete 
|  22|0x0000000081600000, 0x0000000081700000, 0x0000000081700000|100%| O|  |TAMS 0x0000000081700000, 0x0000000081600000| Untracked 
|  23|0x0000000081700000, 0x0000000081800000, 0x0000000081800000|100%| O|  |TAMS 0x0000000081800000, 0x0000000081700000| Untracked 
|  24|0x0000000081800000, 0x0000000081900000, 0x0000000081900000|100%| O|  |TAMS 0x0000000081900000, 0x0000000081800000| Untracked 
|  25|0x0000000081900000, 0x0000000081a00000, 0x0000000081a00000|100%| O|  |TAMS 0x0000000081a00000, 0x0000000081900000| Untracked 
|  26|0x0000000081a00000, 0x0000000081b00000, 0x0000000081b00000|100%| O|  |TAMS 0x0000000081b00000, 0x0000000081a00000| Untracked 
|  27|0x0000000081b00000, 0x0000000081c00000, 0x0000000081c00000|100%|HS|  |TAMS 0x0000000081b00000, 0x0000000081b00000| Complete 
|  28|0x0000000081c00000, 0x0000000081d00000, 0x0000000081d00000|100%| O|  |TAMS 0x0000000081d00000, 0x0000000081c00000| Untracked 
|  29|0x0000000081d00000, 0x0000000081e00000, 0x0000000081e00000|100%| O|  |TAMS 0x0000000081e00000, 0x0000000081d00000| Untracked 
|  30|0x0000000081e00000, 0x0000000081f00000, 0x0000000081f00000|100%| O|  |TAMS 0x0000000081f00000, 0x0000000081e00000| Untracked 
|  31|0x0000000081f00000, 0x0000000082000000, 0x0000000082000000|100%| O|  |TAMS 0x0000000082000000, 0x0000000081f00000| Untracked 
|  32|0x0000000082000000, 0x0000000082100000, 0x0000000082100000|100%| O|  |TAMS 0x0000000082100000, 0x0000000082000000| Untracked 
|  33|0x0000000082100000, 0x0000000082200000, 0x0000000082200000|100%| O|  |TAMS 0x0000000082200000, 0x0000000082100000| Untracked 
|  34|0x0000000082200000, 0x0000000082300000, 0x0000000082300000|100%| O|  |TAMS 0x0000000082300000, 0x0000000082200000| Untracked 
|  35|0x0000000082300000, 0x0000000082400000, 0x0000000082400000|100%| O|  |TAMS 0x0000000082400000, 0x0000000082300000| Untracked 
|  36|0x0000000082400000, 0x0000000082500000, 0x0000000082500000|100%| O|  |TAMS 0x0000000082500000, 0x0000000082400000| Untracked 
|  37|0x0000000082500000, 0x0000000082600000, 0x0000000082600000|100%| O|  |TAMS 0x0000000082600000, 0x0000000082500000| Untracked 
|  38|0x0000000082600000, 0x0000000082700000, 0x0000000082700000|100%|HS|  |TAMS 0x0000000082700000, 0x0000000082600000| Complete 
|  39|0x0000000082700000, 0x0000000082800000, 0x0000000082800000|100%|HC|  |TAMS 0x0000000082800000, 0x0000000082700000| Complete 
|  40|0x0000000082800000, 0x0000000082900000, 0x0000000082900000|100%|HS|  |TAMS 0x0000000082900000, 0x0000000082800000| Complete 
|  41|0x0000000082900000, 0x0000000082a00000, 0x0000000082a00000|100%|HC|  |TAMS 0x0000000082a00000, 0x0000000082900000| Complete 
|  42|0x0000000082a00000, 0x0000000082b00000, 0x0000000082b00000|100%|HC|  |TAMS 0x0000000082b00000, 0x0000000082a00000| Complete 
|  43|0x0000000082b00000, 0x0000000082c00000, 0x0000000082c00000|100%|HC|  |TAMS 0x0000000082c00000, 0x0000000082b00000| Complete 
|  44|0x0000000082c00000, 0x0000000082d00000, 0x0000000082d00000|100%| O|  |TAMS 0x0000000082d00000, 0x0000000082c00000| Untracked 
|  45|0x0000000082d00000, 0x0000000082e00000, 0x0000000082e00000|100%| O|  |TAMS 0x0000000082e00000, 0x0000000082d00000| Untracked 
|  46|0x0000000082e00000, 0x0000000082f00000, 0x0000000082f00000|100%| O|  |TAMS 0x0000000082f00000, 0x0000000082e00000| Untracked 
|  47|0x0000000082f00000, 0x0000000083000000, 0x0000000083000000|100%| O|  |TAMS 0x0000000083000000, 0x0000000082f00000| Untracked 
|  48|0x0000000083000000, 0x0000000083100000, 0x0000000083100000|100%| O|  |TAMS 0x0000000083100000, 0x0000000083000000| Untracked 
|  49|0x0000000083100000, 0x0000000083200000, 0x0000000083200000|100%| O|  |TAMS 0x0000000083200000, 0x0000000083100000| Untracked 
|  50|0x0000000083200000, 0x0000000083300000, 0x0000000083300000|100%| O|  |TAMS 0x0000000083300000, 0x0000000083200000| Untracked 
|  51|0x0000000083300000, 0x0000000083400000, 0x0000000083400000|100%| O|  |TAMS 0x0000000083400000, 0x0000000083300000| Untracked 
|  52|0x0000000083400000, 0x0000000083500000, 0x0000000083500000|100%| O|  |TAMS 0x0000000083500000, 0x0000000083400000| Untracked 
|  53|0x0000000083500000, 0x0000000083600000, 0x0000000083600000|100%| O|  |TAMS 0x0000000083600000, 0x0000000083500000| Untracked 
|  54|0x0000000083600000, 0x0000000083700000, 0x0000000083700000|100%| O|  |TAMS 0x0000000083700000, 0x0000000083600000| Untracked 
|  55|0x0000000083700000, 0x0000000083800000, 0x0000000083800000|100%| O|  |TAMS 0x0000000083800000, 0x0000000083700000| Untracked 
|  56|0x0000000083800000, 0x0000000083900000, 0x0000000083900000|100%| O|  |TAMS 0x0000000083900000, 0x0000000083800000| Untracked 
|  57|0x0000000083900000, 0x0000000083a00000, 0x0000000083a00000|100%| O|  |TAMS 0x0000000083a00000, 0x0000000083900000| Untracked 
|  58|0x0000000083a00000, 0x0000000083b00000, 0x0000000083b00000|100%|HS|  |TAMS 0x0000000083b00000, 0x0000000083a00000| Complete 
|  59|0x0000000083b00000, 0x0000000083c00000, 0x0000000083c00000|100%|HS|  |TAMS 0x0000000083c00000, 0x0000000083b00000| Complete 
|  60|0x0000000083c00000, 0x0000000083d00000, 0x0000000083d00000|100%| O|  |TAMS 0x0000000083d00000, 0x0000000083c00000| Untracked 
|  61|0x0000000083d00000, 0x0000000083e00000, 0x0000000083e00000|100%| O|  |TAMS 0x0000000083e00000, 0x0000000083d00000| Untracked 
|  62|0x0000000083e00000, 0x0000000083f00000, 0x0000000083f00000|100%| O|  |TAMS 0x0000000083f00000, 0x0000000083e00000| Untracked 
|  63|0x0000000083f00000, 0x0000000084000000, 0x0000000084000000|100%| O|  |TAMS 0x0000000084000000, 0x0000000083f00000| Untracked 
|  64|0x0000000084000000, 0x0000000084100000, 0x0000000084100000|100%| O|  |TAMS 0x0000000084100000, 0x0000000084000000| Untracked 
|  65|0x0000000084100000, 0x0000000084200000, 0x0000000084200000|100%| O|  |TAMS 0x0000000084200000, 0x0000000084100000| Untracked 
|  66|0x0000000084200000, 0x0000000084300000, 0x0000000084300000|100%| O|  |TAMS 0x0000000084300000, 0x0000000084200000| Untracked 
|  67|0x0000000084300000, 0x0000000084400000, 0x0000000084400000|100%| O|  |TAMS 0x0000000084400000, 0x0000000084300000| Untracked 
|  68|0x0000000084400000, 0x0000000084500000, 0x0000000084500000|100%| O|  |TAMS 0x0000000084500000, 0x0000000084400000| Untracked 
|  69|0x0000000084500000, 0x0000000084600000, 0x0000000084600000|100%| O|  |TAMS 0x0000000084600000, 0x0000000084500000| Untracked 
|  70|0x0000000084600000, 0x0000000084700000, 0x0000000084700000|100%| O|  |TAMS 0x0000000084700000, 0x0000000084600000| Untracked 
|  71|0x0000000084700000, 0x0000000084800000, 0x0000000084800000|100%| O|  |TAMS 0x0000000084800000, 0x0000000084700000| Untracked 
|  72|0x0000000084800000, 0x0000000084900000, 0x0000000084900000|100%| O|  |TAMS 0x0000000084900000, 0x0000000084800000| Untracked 
|  73|0x0000000084900000, 0x0000000084a00000, 0x0000000084a00000|100%| O|  |TAMS 0x0000000084a00000, 0x0000000084900000| Untracked 
|  74|0x0000000084a00000, 0x0000000084b00000, 0x0000000084b00000|100%| O|  |TAMS 0x0000000084b00000, 0x0000000084a00000| Untracked 
|  75|0x0000000084b00000, 0x0000000084c00000, 0x0000000084c00000|100%| O|  |TAMS 0x0000000084c00000, 0x0000000084b00000| Untracked 
|  76|0x0000000084c00000, 0x0000000084d00000, 0x0000000084d00000|100%|HS|  |TAMS 0x0000000084d00000, 0x0000000084c00000| Complete 
|  77|0x0000000084d00000, 0x0000000084e00000, 0x0000000084e00000|100%|HC|  |TAMS 0x0000000084e00000, 0x0000000084d00000| Complete 
|  78|0x0000000084e00000, 0x0000000084f00000, 0x0000000084f00000|100%|HS|  |TAMS 0x0000000084f00000, 0x0000000084e00000| Complete 
|  79|0x0000000084f00000, 0x0000000085000000, 0x0000000085000000|100%|HC|  |TAMS 0x0000000085000000, 0x0000000084f00000| Complete 
|  80|0x0000000085000000, 0x0000000085100000, 0x0000000085100000|100%|HC|  |TAMS 0x0000000085100000, 0x0000000085000000| Complete 
|  81|0x0000000085100000, 0x0000000085200000, 0x0000000085200000|100%|HC|  |TAMS 0x0000000085200000, 0x0000000085100000| Complete 
|  82|0x0000000085200000, 0x0000000085300000, 0x0000000085300000|100%| O|  |TAMS 0x0000000085300000, 0x0000000085200000| Untracked 
|  83|0x0000000085300000, 0x0000000085400000, 0x0000000085400000|100%| O|  |TAMS 0x0000000085400000, 0x0000000085300000| Untracked 
|  84|0x0000000085400000, 0x0000000085500000, 0x0000000085500000|100%| O|  |TAMS 0x0000000085500000, 0x0000000085400000| Untracked 
|  85|0x0000000085500000, 0x0000000085600000, 0x0000000085600000|100%| O|  |TAMS 0x0000000085600000, 0x0000000085500000| Untracked 
|  86|0x0000000085600000, 0x0000000085700000, 0x0000000085700000|100%| O|  |TAMS 0x0000000085700000, 0x0000000085600000| Untracked 
|  87|0x0000000085700000, 0x0000000085800000, 0x0000000085800000|100%| O|  |TAMS 0x0000000085800000, 0x0000000085700000| Untracked 
|  88|0x0000000085800000, 0x0000000085900000, 0x0000000085900000|100%|HS|  |TAMS 0x0000000085900000, 0x0000000085800000| Complete 
|  89|0x0000000085900000, 0x0000000085a00000, 0x0000000085a00000|100%|HC|  |TAMS 0x0000000085a00000, 0x0000000085900000| Complete 
|  90|0x0000000085a00000, 0x0000000085b00000, 0x0000000085b00000|100%|HC|  |TAMS 0x0000000085b00000, 0x0000000085a00000| Complete 
|  91|0x0000000085b00000, 0x0000000085c00000, 0x0000000085c00000|100%|HS|  |TAMS 0x0000000085c00000, 0x0000000085b00000| Complete 
|  92|0x0000000085c00000, 0x0000000085d00000, 0x0000000085d00000|100%|HC|  |TAMS 0x0000000085d00000, 0x0000000085c00000| Complete 
|  93|0x0000000085d00000, 0x0000000085e00000, 0x0000000085e00000|100%| O|  |TAMS 0x0000000085e00000, 0x0000000085d00000| Untracked 
|  94|0x0000000085e00000, 0x0000000085f00000, 0x0000000085f00000|100%| O|  |TAMS 0x0000000085f00000, 0x0000000085e00000| Untracked 
|  95|0x0000000085f00000, 0x0000000086000000, 0x0000000086000000|100%| O|  |TAMS 0x0000000086000000, 0x0000000085f00000| Untracked 
|  96|0x0000000086000000, 0x0000000086100000, 0x0000000086100000|100%| O|  |TAMS 0x0000000086100000, 0x0000000086000000| Untracked 
|  97|0x0000000086100000, 0x0000000086200000, 0x0000000086200000|100%| O|  |TAMS 0x0000000086200000, 0x0000000086100000| Untracked 
|  98|0x0000000086200000, 0x0000000086300000, 0x0000000086300000|100%| O|  |TAMS 0x0000000086300000, 0x0000000086200000| Untracked 
|  99|0x0000000086300000, 0x0000000086400000, 0x0000000086400000|100%| O|  |TAMS 0x0000000086400000, 0x0000000086300000| Untracked 
| 100|0x0000000086400000, 0x0000000086500000, 0x0000000086500000|100%| O|  |TAMS 0x0000000086500000, 0x0000000086400000| Untracked 
| 101|0x0000000086500000, 0x0000000086600000, 0x0000000086600000|100%| O|  |TAMS 0x0000000086600000, 0x0000000086500000| Untracked 
| 102|0x0000000086600000, 0x0000000086700000, 0x0000000086700000|100%| O|  |TAMS 0x0000000086700000, 0x0000000086600000| Untracked 
| 103|0x0000000086700000, 0x0000000086800000, 0x0000000086800000|100%| O|  |TAMS 0x0000000086800000, 0x0000000086700000| Untracked 
| 104|0x0000000086800000, 0x0000000086900000, 0x0000000086900000|100%| O|  |TAMS 0x0000000086900000, 0x0000000086800000| Untracked 
| 105|0x0000000086900000, 0x0000000086a00000, 0x0000000086a00000|100%|HS|  |TAMS 0x0000000086900000, 0x0000000086900000| Complete 
| 106|0x0000000086a00000, 0x0000000086b00000, 0x0000000086b00000|100%| O|  |TAMS 0x0000000086a3e800, 0x0000000086a00000| Untracked 
| 107|0x0000000086b00000, 0x0000000086c00000, 0x0000000086c00000|100%|HS|  |TAMS 0x0000000086c00000, 0x0000000086b00000| Complete 
| 108|0x0000000086c00000, 0x0000000086d00000, 0x0000000086d00000|100%|HS|  |TAMS 0x0000000086d00000, 0x0000000086c00000| Complete 
| 109|0x0000000086d00000, 0x0000000086e00000, 0x0000000086e00000|100%|HS|  |TAMS 0x0000000086e00000, 0x0000000086d00000| Complete 
| 110|0x0000000086e00000, 0x0000000086f00000, 0x0000000086f00000|100%|HS|  |TAMS 0x0000000086f00000, 0x0000000086e00000| Complete 
| 111|0x0000000086f00000, 0x0000000087000000, 0x0000000087000000|100%|HC|  |TAMS 0x0000000087000000, 0x0000000086f00000| Complete 
| 112|0x0000000087000000, 0x0000000087100000, 0x0000000087100000|100%|HC|  |TAMS 0x0000000087100000, 0x0000000087000000| Complete 
| 113|0x0000000087100000, 0x0000000087200000, 0x0000000087200000|100%|HS|  |TAMS 0x0000000087200000, 0x0000000087100000| Complete 
| 114|0x0000000087200000, 0x0000000087300000, 0x0000000087300000|100%|HC|  |TAMS 0x0000000087300000, 0x0000000087200000| Complete 
| 115|0x0000000087300000, 0x0000000087400000, 0x0000000087400000|100%| O|  |TAMS 0x0000000087300000, 0x0000000087300000| Untracked 
| 116|0x0000000087400000, 0x0000000087500000, 0x0000000087500000|100%| O|  |TAMS 0x0000000087400000, 0x0000000087400000| Untracked 
| 117|0x0000000087500000, 0x0000000087600000, 0x0000000087600000|100%| O|  |TAMS 0x0000000087500000, 0x0000000087500000| Untracked 
| 118|0x0000000087600000, 0x0000000087700000, 0x0000000087700000|100%| O|  |TAMS 0x0000000087600000, 0x0000000087600000| Untracked 
| 119|0x0000000087700000, 0x0000000087800000, 0x0000000087800000|100%| O|  |TAMS 0x0000000087700000, 0x0000000087700000| Untracked 
| 120|0x0000000087800000, 0x0000000087900000, 0x0000000087900000|100%| O|  |TAMS 0x0000000087800000, 0x0000000087800000| Untracked 
| 121|0x0000000087900000, 0x0000000087a00000, 0x0000000087a00000|100%| O|  |TAMS 0x0000000087900000, 0x0000000087900000| Untracked 
| 122|0x0000000087a00000, 0x0000000087b00000, 0x0000000087b00000|100%| O|  |TAMS 0x0000000087a00000, 0x0000000087a00000| Untracked 
| 123|0x0000000087b00000, 0x0000000087c00000, 0x0000000087c00000|100%| O|  |TAMS 0x0000000087b00000, 0x0000000087b00000| Untracked 
| 124|0x0000000087c00000, 0x0000000087d00000, 0x0000000087d00000|100%| O|  |TAMS 0x0000000087c00000, 0x0000000087c00000| Untracked 
| 125|0x0000000087d00000, 0x0000000087e00000, 0x0000000087e00000|100%| O|  |TAMS 0x0000000087d00000, 0x0000000087d00000| Untracked 
| 126|0x0000000087e00000, 0x0000000087f00000, 0x0000000087f00000|100%| O|  |TAMS 0x0000000087e00000, 0x0000000087e00000| Untracked 
| 127|0x0000000087f00000, 0x0000000088000000, 0x0000000088000000|100%| O|  |TAMS 0x0000000087f00000, 0x0000000087f00000| Untracked 
| 128|0x0000000088000000, 0x0000000088100000, 0x0000000088100000|100%| O|  |TAMS 0x0000000088000000, 0x0000000088000000| Untracked 
| 129|0x0000000088100000, 0x0000000088200000, 0x0000000088200000|100%| O|  |TAMS 0x0000000088100000, 0x0000000088100000| Untracked 
| 130|0x0000000088200000, 0x0000000088300000, 0x0000000088300000|100%| O|  |TAMS 0x0000000088200000, 0x0000000088200000| Untracked 
| 131|0x0000000088300000, 0x0000000088400000, 0x0000000088400000|100%| O|  |TAMS 0x0000000088300000, 0x0000000088300000| Untracked 
| 132|0x0000000088400000, 0x0000000088500000, 0x0000000088500000|100%| O|  |TAMS 0x0000000088400000, 0x0000000088400000| Untracked 
| 133|0x0000000088500000, 0x0000000088600000, 0x0000000088600000|100%| O|  |TAMS 0x0000000088500000, 0x0000000088500000| Untracked 
| 134|0x0000000088600000, 0x0000000088700000, 0x0000000088700000|100%| O|  |TAMS 0x0000000088600000, 0x0000000088600000| Untracked 
| 135|0x0000000088700000, 0x0000000088800000, 0x0000000088800000|100%| O|  |TAMS 0x0000000088700000, 0x0000000088700000| Untracked 
| 136|0x0000000088800000, 0x0000000088900000, 0x0000000088900000|100%| O|  |TAMS 0x0000000088800000, 0x0000000088800000| Untracked 
| 137|0x0000000088900000, 0x0000000088a00000, 0x0000000088a00000|100%| O|  |TAMS 0x0000000088900000, 0x0000000088900000| Untracked 
| 138|0x0000000088a00000, 0x0000000088b00000, 0x0000000088b00000|100%| O|  |TAMS 0x0000000088a00000, 0x0000000088a00000| Untracked 
| 139|0x0000000088b00000, 0x0000000088c00000, 0x0000000088c00000|100%| O|  |TAMS 0x0000000088b00000, 0x0000000088b00000| Untracked 
| 140|0x0000000088c00000, 0x0000000088d00000, 0x0000000088d00000|100%| O|  |TAMS 0x0000000088c00000, 0x0000000088c00000| Untracked 
| 141|0x0000000088d00000, 0x0000000088e00000, 0x0000000088e00000|100%| O|  |TAMS 0x0000000088d00000, 0x0000000088d00000| Untracked 
| 142|0x0000000088e00000, 0x0000000088f00000, 0x0000000088f00000|100%| O|  |TAMS 0x0000000088e00000, 0x0000000088e00000| Untracked 
| 143|0x0000000088f00000, 0x0000000089000000, 0x0000000089000000|100%| O|  |TAMS 0x0000000088f00000, 0x0000000088f00000| Untracked 
| 144|0x0000000089000000, 0x0000000089100000, 0x0000000089100000|100%| O|  |TAMS 0x0000000089000000, 0x0000000089000000| Untracked 
| 145|0x0000000089100000, 0x0000000089200000, 0x0000000089200000|100%| O|  |TAMS 0x0000000089100000, 0x0000000089100000| Untracked 
| 146|0x0000000089200000, 0x0000000089300000, 0x0000000089300000|100%| O|  |TAMS 0x0000000089200000, 0x0000000089200000| Untracked 
| 147|0x0000000089300000, 0x0000000089400000, 0x0000000089400000|100%| O|  |TAMS 0x0000000089300000, 0x0000000089300000| Untracked 
| 148|0x0000000089400000, 0x0000000089500000, 0x0000000089500000|100%| O|  |TAMS 0x0000000089400000, 0x0000000089400000| Untracked 
| 149|0x0000000089500000, 0x0000000089600000, 0x0000000089600000|100%| O|  |TAMS 0x0000000089500000, 0x0000000089500000| Untracked 
| 150|0x0000000089600000, 0x0000000089700000, 0x0000000089700000|100%| O|  |TAMS 0x0000000089600000, 0x0000000089600000| Untracked 
| 151|0x0000000089700000, 0x0000000089800000, 0x0000000089800000|100%| O|  |TAMS 0x0000000089700000, 0x0000000089700000| Untracked 
| 152|0x0000000089800000, 0x0000000089900000, 0x0000000089900000|100%| O|  |TAMS 0x0000000089800000, 0x0000000089800000| Untracked 
| 153|0x0000000089900000, 0x0000000089a00000, 0x0000000089a00000|100%| O|  |TAMS 0x0000000089900000, 0x0000000089900000| Untracked 
| 154|0x0000000089a00000, 0x0000000089b00000, 0x0000000089b00000|100%| O|  |TAMS 0x0000000089a00000, 0x0000000089a00000| Untracked 
| 155|0x0000000089b00000, 0x0000000089c00000, 0x0000000089c00000|100%| O|  |TAMS 0x0000000089b00000, 0x0000000089b00000| Untracked 
| 156|0x0000000089c00000, 0x0000000089d00000, 0x0000000089d00000|100%| O|  |TAMS 0x0000000089c00000, 0x0000000089c00000| Untracked 
| 157|0x0000000089d00000, 0x0000000089e00000, 0x0000000089e00000|100%| O|  |TAMS 0x0000000089d00000, 0x0000000089d00000| Untracked 
| 158|0x0000000089e00000, 0x0000000089f00000, 0x0000000089f00000|100%| O|  |TAMS 0x0000000089e00000, 0x0000000089e00000| Untracked 
| 159|0x0000000089f00000, 0x000000008a000000, 0x000000008a000000|100%| O|  |TAMS 0x0000000089f00000, 0x0000000089f00000| Untracked 
| 160|0x000000008a000000, 0x000000008a100000, 0x000000008a100000|100%| O|  |TAMS 0x000000008a000000, 0x000000008a000000| Untracked 
| 161|0x000000008a100000, 0x000000008a200000, 0x000000008a200000|100%| O|  |TAMS 0x000000008a100000, 0x000000008a100000| Untracked 
| 162|0x000000008a200000, 0x000000008a300000, 0x000000008a300000|100%| O|  |TAMS 0x000000008a200000, 0x000000008a200000| Untracked 
| 163|0x000000008a300000, 0x000000008a400000, 0x000000008a400000|100%| O|  |TAMS 0x000000008a300000, 0x000000008a300000| Untracked 
| 164|0x000000008a400000, 0x000000008a500000, 0x000000008a500000|100%|HS|  |TAMS 0x000000008a400000, 0x000000008a400000| Complete 
| 165|0x000000008a500000, 0x000000008a600000, 0x000000008a600000|100%|HS|  |TAMS 0x000000008a500000, 0x000000008a500000| Complete 
| 166|0x000000008a600000, 0x000000008a700000, 0x000000008a700000|100%|HC|  |TAMS 0x000000008a600000, 0x000000008a600000| Complete 
| 167|0x000000008a700000, 0x000000008a800000, 0x000000008a800000|100%|HC|  |TAMS 0x000000008a700000, 0x000000008a700000| Complete 
| 168|0x000000008a800000, 0x000000008a900000, 0x000000008a900000|100%|HS|  |TAMS 0x000000008a800000, 0x000000008a800000| Complete 
| 169|0x000000008a900000, 0x000000008aa00000, 0x000000008aa00000|100%|HS|  |TAMS 0x000000008a900000, 0x000000008a900000| Complete 
| 170|0x000000008aa00000, 0x000000008ab00000, 0x000000008ab00000|100%| O|  |TAMS 0x000000008aa00000, 0x000000008aa00000| Untracked 
| 171|0x000000008ab00000, 0x000000008ac00000, 0x000000008ac00000|100%| O|  |TAMS 0x000000008ab00000, 0x000000008ab00000| Untracked 
| 172|0x000000008ac00000, 0x000000008ad00000, 0x000000008ad00000|100%| O|  |TAMS 0x000000008ac00000, 0x000000008ac00000| Untracked 
| 173|0x000000008ad00000, 0x000000008ae00000, 0x000000008ae00000|100%| O|  |TAMS 0x000000008ad00000, 0x000000008ad00000| Untracked 
| 174|0x000000008ae00000, 0x000000008af00000, 0x000000008af00000|100%| O|  |TAMS 0x000000008ae00000, 0x000000008ae00000| Untracked 
| 175|0x000000008af00000, 0x000000008b000000, 0x000000008b000000|100%| O|  |TAMS 0x000000008af00000, 0x000000008af00000| Untracked 
| 176|0x000000008b000000, 0x000000008b100000, 0x000000008b100000|100%| O|  |TAMS 0x000000008b000000, 0x000000008b000000| Untracked 
| 177|0x000000008b100000, 0x000000008b200000, 0x000000008b200000|100%| O|  |TAMS 0x000000008b100000, 0x000000008b100000| Untracked 
| 178|0x000000008b200000, 0x000000008b300000, 0x000000008b300000|100%| O|  |TAMS 0x000000008b200000, 0x000000008b200000| Untracked 
| 179|0x000000008b300000, 0x000000008b400000, 0x000000008b400000|100%| O|  |TAMS 0x000000008b300000, 0x000000008b300000| Untracked 
| 180|0x000000008b400000, 0x000000008b500000, 0x000000008b500000|100%| O|  |TAMS 0x000000008b400000, 0x000000008b400000| Untracked 
| 181|0x000000008b500000, 0x000000008b600000, 0x000000008b600000|100%| O|  |TAMS 0x000000008b500000, 0x000000008b500000| Untracked 
| 182|0x000000008b600000, 0x000000008b700000, 0x000000008b700000|100%|HS|  |TAMS 0x000000008b600000, 0x000000008b600000| Complete 
| 183|0x000000008b700000, 0x000000008b800000, 0x000000008b800000|100%| O|  |TAMS 0x000000008b700000, 0x000000008b700000| Untracked 
| 184|0x000000008b800000, 0x000000008b900000, 0x000000008b900000|100%| O|  |TAMS 0x000000008b800000, 0x000000008b800000| Untracked 
| 185|0x000000008b900000, 0x000000008ba00000, 0x000000008ba00000|100%| O|  |TAMS 0x000000008b900000, 0x000000008b900000| Untracked 
| 186|0x000000008ba00000, 0x000000008bb00000, 0x000000008bb00000|100%| O|  |TAMS 0x000000008ba00000, 0x000000008ba00000| Untracked 
| 187|0x000000008bb00000, 0x000000008bc00000, 0x000000008bc00000|100%| O|  |TAMS 0x000000008bb00000, 0x000000008bb00000| Untracked 
| 188|0x000000008bc00000, 0x000000008bd00000, 0x000000008bd00000|100%| O|  |TAMS 0x000000008bc00000, 0x000000008bc00000| Untracked 
| 189|0x000000008bd00000, 0x000000008be00000, 0x000000008be00000|100%| O|  |TAMS 0x000000008bd00000, 0x000000008bd00000| Untracked 
| 190|0x000000008be00000, 0x000000008bf00000, 0x000000008bf00000|100%| O|  |TAMS 0x000000008be00000, 0x000000008be00000| Untracked 
| 191|0x000000008bf00000, 0x000000008c000000, 0x000000008c000000|100%| O|  |TAMS 0x000000008bf00000, 0x000000008bf00000| Untracked 
| 192|0x000000008c000000, 0x000000008c100000, 0x000000008c100000|100%| O|  |TAMS 0x000000008c000000, 0x000000008c000000| Untracked 
| 193|0x000000008c100000, 0x000000008c200000, 0x000000008c200000|100%| O|  |TAMS 0x000000008c100000, 0x000000008c100000| Untracked 
| 194|0x000000008c200000, 0x000000008c300000, 0x000000008c300000|100%| O|  |TAMS 0x000000008c200000, 0x000000008c200000| Untracked 
| 195|0x000000008c300000, 0x000000008c400000, 0x000000008c400000|100%| O|  |TAMS 0x000000008c300000, 0x000000008c300000| Untracked 
| 196|0x000000008c400000, 0x000000008c500000, 0x000000008c500000|100%| O|  |TAMS 0x000000008c400000, 0x000000008c400000| Untracked 
| 197|0x000000008c500000, 0x000000008c600000, 0x000000008c600000|100%| O|  |TAMS 0x000000008c500000, 0x000000008c500000| Untracked 
| 198|0x000000008c600000, 0x000000008c700000, 0x000000008c700000|100%| O|  |TAMS 0x000000008c600000, 0x000000008c600000| Untracked 
| 199|0x000000008c700000, 0x000000008c800000, 0x000000008c800000|100%| O|  |TAMS 0x000000008c700000, 0x000000008c700000| Untracked 
| 200|0x000000008c800000, 0x000000008c900000, 0x000000008c900000|100%| O|  |TAMS 0x000000008c800000, 0x000000008c800000| Untracked 
| 201|0x000000008c900000, 0x000000008ca00000, 0x000000008ca00000|100%| O|  |TAMS 0x000000008c900000, 0x000000008c900000| Untracked 
| 202|0x000000008ca00000, 0x000000008cb00000, 0x000000008cb00000|100%| O|  |TAMS 0x000000008ca00000, 0x000000008ca00000| Untracked 
| 203|0x000000008cb00000, 0x000000008cc00000, 0x000000008cc00000|100%| O|  |TAMS 0x000000008cb00000, 0x000000008cb00000| Untracked 
| 204|0x000000008cc00000, 0x000000008cd00000, 0x000000008cd00000|100%| O|  |TAMS 0x000000008cc00000, 0x000000008cc00000| Untracked 
| 205|0x000000008cd00000, 0x000000008ce00000, 0x000000008ce00000|100%| O|  |TAMS 0x000000008cd00000, 0x000000008cd00000| Untracked 
| 206|0x000000008ce00000, 0x000000008cf00000, 0x000000008cf00000|100%| O|  |TAMS 0x000000008ce00000, 0x000000008ce00000| Untracked 
| 207|0x000000008cf00000, 0x000000008d000000, 0x000000008d000000|100%| O|  |TAMS 0x000000008cf00000, 0x000000008cf00000| Untracked 
| 208|0x000000008d000000, 0x000000008d100000, 0x000000008d100000|100%| O|  |TAMS 0x000000008d000000, 0x000000008d000000| Untracked 
| 209|0x000000008d100000, 0x000000008d200000, 0x000000008d200000|100%| O|  |TAMS 0x000000008d100000, 0x000000008d100000| Untracked 
| 210|0x000000008d200000, 0x000000008d300000, 0x000000008d300000|100%| O|  |TAMS 0x000000008d200000, 0x000000008d200000| Untracked 
| 211|0x000000008d300000, 0x000000008d400000, 0x000000008d400000|100%| O|  |TAMS 0x000000008d300000, 0x000000008d300000| Untracked 
| 212|0x000000008d400000, 0x000000008d500000, 0x000000008d500000|100%| O|  |TAMS 0x000000008d400000, 0x000000008d400000| Untracked 
| 213|0x000000008d500000, 0x000000008d600000, 0x000000008d600000|100%| O|  |TAMS 0x000000008d500000, 0x000000008d500000| Untracked 
| 214|0x000000008d600000, 0x000000008d700000, 0x000000008d700000|100%| O|  |TAMS 0x000000008d600000, 0x000000008d600000| Untracked 
| 215|0x000000008d700000, 0x000000008d800000, 0x000000008d800000|100%| O|  |TAMS 0x000000008d700000, 0x000000008d700000| Untracked 
| 216|0x000000008d800000, 0x000000008d900000, 0x000000008d900000|100%| O|  |TAMS 0x000000008d800000, 0x000000008d800000| Untracked 
| 217|0x000000008d900000, 0x000000008da00000, 0x000000008da00000|100%| O|  |TAMS 0x000000008d900000, 0x000000008d900000| Untracked 
| 218|0x000000008da00000, 0x000000008db00000, 0x000000008db00000|100%| O|  |TAMS 0x000000008da00000, 0x000000008da00000| Untracked 
| 219|0x000000008db00000, 0x000000008dc00000, 0x000000008dc00000|100%| O|  |TAMS 0x000000008db00000, 0x000000008db00000| Untracked 
| 220|0x000000008dc00000, 0x000000008dd00000, 0x000000008dd00000|100%| O|  |TAMS 0x000000008dc00000, 0x000000008dc00000| Untracked 
| 221|0x000000008dd00000, 0x000000008de00000, 0x000000008de00000|100%| O|  |TAMS 0x000000008dd00000, 0x000000008dd00000| Untracked 
| 222|0x000000008de00000, 0x000000008df00000, 0x000000008df00000|100%| O|  |TAMS 0x000000008de00000, 0x000000008de00000| Untracked 
| 223|0x000000008df00000, 0x000000008e000000, 0x000000008e000000|100%| O|  |TAMS 0x000000008df00000, 0x000000008df00000| Untracked 
| 224|0x000000008e000000, 0x000000008e100000, 0x000000008e100000|100%| O|  |TAMS 0x000000008e000000, 0x000000008e000000| Untracked 
| 225|0x000000008e100000, 0x000000008e200000, 0x000000008e200000|100%| O|  |TAMS 0x000000008e100000, 0x000000008e100000| Untracked 
| 226|0x000000008e200000, 0x000000008e300000, 0x000000008e300000|100%| O|  |TAMS 0x000000008e200000, 0x000000008e200000| Untracked 
| 227|0x000000008e300000, 0x000000008e400000, 0x000000008e400000|100%| O|  |TAMS 0x000000008e300000, 0x000000008e300000| Untracked 
| 228|0x000000008e400000, 0x000000008e500000, 0x000000008e500000|100%| O|  |TAMS 0x000000008e400000, 0x000000008e400000| Untracked 
| 229|0x000000008e500000, 0x000000008e600000, 0x000000008e600000|100%| O|  |TAMS 0x000000008e500000, 0x000000008e500000| Untracked 
| 230|0x000000008e600000, 0x000000008e700000, 0x000000008e700000|100%| O|  |TAMS 0x000000008e600000, 0x000000008e600000| Untracked 
| 231|0x000000008e700000, 0x000000008e800000, 0x000000008e800000|100%| O|  |TAMS 0x000000008e700000, 0x000000008e700000| Untracked 
| 232|0x000000008e800000, 0x000000008e900000, 0x000000008e900000|100%| O|  |TAMS 0x000000008e800000, 0x000000008e800000| Untracked 
| 233|0x000000008e900000, 0x000000008ea00000, 0x000000008ea00000|100%| O|  |TAMS 0x000000008e900000, 0x000000008e900000| Untracked 
| 234|0x000000008ea00000, 0x000000008eb00000, 0x000000008eb00000|100%| O|  |TAMS 0x000000008ea00000, 0x000000008ea00000| Untracked 
| 235|0x000000008eb00000, 0x000000008eb80000, 0x000000008ec00000| 50%| O|  |TAMS 0x000000008eb00000, 0x000000008eb00000| Untracked 
| 236|0x000000008ec00000, 0x000000008ec00000, 0x000000008ed00000|  0%| F|  |TAMS 0x000000008ec00000, 0x000000008ec00000| Untracked 
| 237|0x000000008ed00000, 0x000000008ed00000, 0x000000008ee00000|  0%| F|  |TAMS 0x000000008ed00000, 0x000000008ed00000| Untracked 
| 238|0x000000008ee00000, 0x000000008ee00000, 0x000000008ef00000|  0%| F|  |TAMS 0x000000008ee00000, 0x000000008ee00000| Untracked 
| 239|0x000000008ef00000, 0x000000008ef00000, 0x000000008f000000|  0%| F|  |TAMS 0x000000008ef00000, 0x000000008ef00000| Untracked 
| 240|0x000000008f000000, 0x000000008f000000, 0x000000008f100000|  0%| F|  |TAMS 0x000000008f000000, 0x000000008f000000| Untracked 
| 241|0x000000008f100000, 0x000000008f100000, 0x000000008f200000|  0%| F|  |TAMS 0x000000008f100000, 0x000000008f100000| Untracked 
| 242|0x000000008f200000, 0x000000008f200000, 0x000000008f300000|  0%| F|  |TAMS 0x000000008f200000, 0x000000008f200000| Untracked 
| 243|0x000000008f300000, 0x000000008f300000, 0x000000008f400000|  0%| F|  |TAMS 0x000000008f300000, 0x000000008f300000| Untracked 
| 244|0x000000008f400000, 0x000000008f400000, 0x000000008f500000|  0%| F|  |TAMS 0x000000008f400000, 0x000000008f400000| Untracked 
| 245|0x000000008f500000, 0x000000008f500000, 0x000000008f600000|  0%| F|  |TAMS 0x000000008f500000, 0x000000008f500000| Untracked 
| 246|0x000000008f600000, 0x000000008f600000, 0x000000008f700000|  0%| F|  |TAMS 0x000000008f600000, 0x000000008f600000| Untracked 
| 247|0x000000008f700000, 0x000000008f700000, 0x000000008f800000|  0%| F|  |TAMS 0x000000008f700000, 0x000000008f700000| Untracked 
| 248|0x000000008f800000, 0x000000008f800000, 0x000000008f900000|  0%| F|  |TAMS 0x000000008f800000, 0x000000008f800000| Untracked 
| 249|0x000000008f900000, 0x000000008f900000, 0x000000008fa00000|  0%| F|  |TAMS 0x000000008f900000, 0x000000008f900000| Untracked 
| 250|0x000000008fa00000, 0x000000008fa00000, 0x000000008fb00000|  0%| F|  |TAMS 0x000000008fa00000, 0x000000008fa00000| Untracked 
| 251|0x000000008fb00000, 0x000000008fb00000, 0x000000008fc00000|  0%| F|  |TAMS 0x000000008fb00000, 0x000000008fb00000| Untracked 
| 252|0x000000008fc00000, 0x000000008fc00000, 0x000000008fd00000|  0%| F|  |TAMS 0x000000008fc00000, 0x000000008fc00000| Untracked 
| 253|0x000000008fd00000, 0x000000008fd00000, 0x000000008fe00000|  0%| F|  |TAMS 0x000000008fd00000, 0x000000008fd00000| Untracked 
| 254|0x000000008fe00000, 0x000000008fe00000, 0x000000008ff00000|  0%| F|  |TAMS 0x000000008fe00000, 0x000000008fe00000| Untracked 
| 255|0x000000008ff00000, 0x000000008ff00000, 0x0000000090000000|  0%| F|  |TAMS 0x000000008ff00000, 0x000000008ff00000| Untracked 
| 256|0x0000000090000000, 0x0000000090000000, 0x0000000090100000|  0%| F|  |TAMS 0x0000000090000000, 0x0000000090000000| Untracked 
| 257|0x0000000090100000, 0x0000000090100000, 0x0000000090200000|  0%| F|  |TAMS 0x0000000090100000, 0x0000000090100000| Untracked 
| 258|0x0000000090200000, 0x0000000090200000, 0x0000000090300000|  0%| F|  |TAMS 0x0000000090200000, 0x0000000090200000| Untracked 
| 259|0x0000000090300000, 0x0000000090300000, 0x0000000090400000|  0%| F|  |TAMS 0x0000000090300000, 0x0000000090300000| Untracked 
| 260|0x0000000090400000, 0x0000000090400000, 0x0000000090500000|  0%| F|  |TAMS 0x0000000090400000, 0x0000000090400000| Untracked 
| 261|0x0000000090500000, 0x0000000090500000, 0x0000000090600000|  0%| F|  |TAMS 0x0000000090500000, 0x0000000090500000| Untracked 
| 262|0x0000000090600000, 0x0000000090600000, 0x0000000090700000|  0%| F|  |TAMS 0x0000000090600000, 0x0000000090600000| Untracked 
| 263|0x0000000090700000, 0x0000000090700000, 0x0000000090800000|  0%| F|  |TAMS 0x0000000090700000, 0x0000000090700000| Untracked 
| 264|0x0000000090800000, 0x0000000090800000, 0x0000000090900000|  0%| F|  |TAMS 0x0000000090800000, 0x0000000090800000| Untracked 
| 265|0x0000000090900000, 0x0000000090900000, 0x0000000090a00000|  0%| F|  |TAMS 0x0000000090900000, 0x0000000090900000| Untracked 
| 266|0x0000000090a00000, 0x0000000090a00000, 0x0000000090b00000|  0%| F|  |TAMS 0x0000000090a00000, 0x0000000090a00000| Untracked 
| 267|0x0000000090b00000, 0x0000000090b00000, 0x0000000090c00000|  0%| F|  |TAMS 0x0000000090b00000, 0x0000000090b00000| Untracked 
| 268|0x0000000090c00000, 0x0000000090c00000, 0x0000000090d00000|  0%| F|  |TAMS 0x0000000090c00000, 0x0000000090c00000| Untracked 
| 269|0x0000000090d00000, 0x0000000090d00000, 0x0000000090e00000|  0%| F|  |TAMS 0x0000000090d00000, 0x0000000090d00000| Untracked 
| 270|0x0000000090e00000, 0x0000000090e00000, 0x0000000090f00000|  0%| F|  |TAMS 0x0000000090e00000, 0x0000000090e00000| Untracked 
| 271|0x0000000090f00000, 0x0000000090f00000, 0x0000000091000000|  0%| F|  |TAMS 0x0000000090f00000, 0x0000000090f00000| Untracked 
| 272|0x0000000091000000, 0x0000000091000000, 0x0000000091100000|  0%| F|  |TAMS 0x0000000091000000, 0x0000000091000000| Untracked 
| 273|0x0000000091100000, 0x0000000091100000, 0x0000000091200000|  0%| F|  |TAMS 0x0000000091100000, 0x0000000091100000| Untracked 
| 274|0x0000000091200000, 0x0000000091200000, 0x0000000091300000|  0%| F|  |TAMS 0x0000000091200000, 0x0000000091200000| Untracked 
| 275|0x0000000091300000, 0x0000000091400000, 0x0000000091400000|100%| S|CS|TAMS 0x0000000091300000, 0x0000000091300000| Complete 
| 276|0x0000000091400000, 0x0000000091500000, 0x0000000091500000|100%| S|CS|TAMS 0x0000000091400000, 0x0000000091400000| Complete 
| 277|0x0000000091500000, 0x0000000091500000, 0x0000000091600000|  0%| F|  |TAMS 0x0000000091500000, 0x0000000091500000| Untracked 
| 278|0x0000000091600000, 0x0000000091600000, 0x0000000091700000|  0%| F|  |TAMS 0x0000000091600000, 0x0000000091600000| Untracked 
| 279|0x0000000091700000, 0x0000000091700000, 0x0000000091800000|  0%| F|  |TAMS 0x0000000091700000, 0x0000000091700000| Untracked 
| 280|0x0000000091800000, 0x0000000091800000, 0x0000000091900000|  0%| F|  |TAMS 0x0000000091800000, 0x0000000091800000| Untracked 
| 281|0x0000000091900000, 0x0000000091900000, 0x0000000091a00000|  0%| F|  |TAMS 0x0000000091900000, 0x0000000091900000| Untracked 
| 282|0x0000000091a00000, 0x0000000091a00000, 0x0000000091b00000|  0%| F|  |TAMS 0x0000000091a00000, 0x0000000091a00000| Untracked 
| 283|0x0000000091b00000, 0x0000000091b00000, 0x0000000091c00000|  0%| F|  |TAMS 0x0000000091b00000, 0x0000000091b00000| Untracked 
| 284|0x0000000091c00000, 0x0000000091d00000, 0x0000000091d00000|100%| S|CS|TAMS 0x0000000091c00000, 0x0000000091c00000| Complete 
| 285|0x0000000091d00000, 0x0000000091e00000, 0x0000000091e00000|100%| S|CS|TAMS 0x0000000091d00000, 0x0000000091d00000| Complete 
| 286|0x0000000091e00000, 0x0000000091f00000, 0x0000000091f00000|100%| S|CS|TAMS 0x0000000091e00000, 0x0000000091e00000| Complete 
| 287|0x0000000091f00000, 0x0000000092000000, 0x0000000092000000|100%| S|CS|TAMS 0x0000000091f00000, 0x0000000091f00000| Complete 
| 288|0x0000000092000000, 0x0000000092000000, 0x0000000092100000|  0%| F|  |TAMS 0x0000000092000000, 0x0000000092000000| Untracked 
| 289|0x0000000092100000, 0x0000000092100000, 0x0000000092200000|  0%| F|  |TAMS 0x0000000092100000, 0x0000000092100000| Untracked 
| 290|0x0000000092200000, 0x0000000092200000, 0x0000000092300000|  0%| F|  |TAMS 0x0000000092200000, 0x0000000092200000| Untracked 
| 291|0x0000000092300000, 0x0000000092300000, 0x0000000092400000|  0%| F|  |TAMS 0x0000000092300000, 0x0000000092300000| Untracked 
| 292|0x0000000092400000, 0x0000000092400000, 0x0000000092500000|  0%| F|  |TAMS 0x0000000092400000, 0x0000000092400000| Untracked 
| 293|0x0000000092500000, 0x0000000092500000, 0x0000000092600000|  0%| F|  |TAMS 0x0000000092500000, 0x0000000092500000| Untracked 
| 294|0x0000000092600000, 0x0000000092600000, 0x0000000092700000|  0%| F|  |TAMS 0x0000000092600000, 0x0000000092600000| Untracked 
| 295|0x0000000092700000, 0x0000000092700000, 0x0000000092800000|  0%| F|  |TAMS 0x0000000092700000, 0x0000000092700000| Untracked 
| 296|0x0000000092800000, 0x0000000092800000, 0x0000000092900000|  0%| F|  |TAMS 0x0000000092800000, 0x0000000092800000| Untracked 
| 297|0x0000000092900000, 0x0000000092900000, 0x0000000092a00000|  0%| F|  |TAMS 0x0000000092900000, 0x0000000092900000| Untracked 
| 298|0x0000000092a00000, 0x0000000092a00000, 0x0000000092b00000|  0%| F|  |TAMS 0x0000000092a00000, 0x0000000092a00000| Untracked 
| 299|0x0000000092b00000, 0x0000000092b00000, 0x0000000092c00000|  0%| F|  |TAMS 0x0000000092b00000, 0x0000000092b00000| Untracked 
| 300|0x0000000092c00000, 0x0000000092c00000, 0x0000000092d00000|  0%| F|  |TAMS 0x0000000092c00000, 0x0000000092c00000| Untracked 
| 301|0x0000000092d00000, 0x0000000092d00000, 0x0000000092e00000|  0%| F|  |TAMS 0x0000000092d00000, 0x0000000092d00000| Untracked 
| 302|0x0000000092e00000, 0x0000000092e00000, 0x0000000092f00000|  0%| F|  |TAMS 0x0000000092e00000, 0x0000000092e00000| Untracked 
| 303|0x0000000092f00000, 0x0000000092f00000, 0x0000000093000000|  0%| F|  |TAMS 0x0000000092f00000, 0x0000000092f00000| Untracked 
| 304|0x0000000093000000, 0x000000009305c688, 0x0000000093100000| 36%| E|  |TAMS 0x0000000093000000, 0x0000000093000000| Complete 
| 305|0x0000000093100000, 0x0000000093200000, 0x0000000093200000|100%| E|CS|TAMS 0x0000000093100000, 0x0000000093100000| Complete 
| 306|0x0000000093200000, 0x0000000093300000, 0x0000000093300000|100%| E|CS|TAMS 0x0000000093200000, 0x0000000093200000| Complete 
| 307|0x0000000093300000, 0x0000000093400000, 0x0000000093400000|100%| E|CS|TAMS 0x0000000093300000, 0x0000000093300000| Complete 
| 308|0x0000000093400000, 0x0000000093500000, 0x0000000093500000|100%| E|CS|TAMS 0x0000000093400000, 0x0000000093400000| Complete 
| 309|0x0000000093500000, 0x0000000093600000, 0x0000000093600000|100%| E|CS|TAMS 0x0000000093500000, 0x0000000093500000| Complete 
| 310|0x0000000093600000, 0x0000000093700000, 0x0000000093700000|100%| E|CS|TAMS 0x0000000093600000, 0x0000000093600000| Complete 
| 311|0x0000000093700000, 0x0000000093800000, 0x0000000093800000|100%| E|CS|TAMS 0x0000000093700000, 0x0000000093700000| Complete 
| 312|0x0000000093800000, 0x0000000093900000, 0x0000000093900000|100%| E|  |TAMS 0x0000000093800000, 0x0000000093800000| Complete 
| 313|0x0000000093900000, 0x0000000093a00000, 0x0000000093a00000|100%| E|CS|TAMS 0x0000000093900000, 0x0000000093900000| Complete 
| 314|0x0000000093a00000, 0x0000000093affff8, 0x0000000093b00000| 99%| E|CS|TAMS 0x0000000093a00000, 0x0000000093a00000| Complete 
| 315|0x0000000093b00000, 0x0000000093c00000, 0x0000000093c00000|100%| E|CS|TAMS 0x0000000093b00000, 0x0000000093b00000| Complete 
| 316|0x0000000093c00000, 0x0000000093d00000, 0x0000000093d00000|100%| E|CS|TAMS 0x0000000093c00000, 0x0000000093c00000| Complete 
| 317|0x0000000093d00000, 0x0000000093e00000, 0x0000000093e00000|100%| E|CS|TAMS 0x0000000093d00000, 0x0000000093d00000| Complete 
| 318|0x0000000093e00000, 0x0000000093f00000, 0x0000000093f00000|100%| E|CS|TAMS 0x0000000093e00000, 0x0000000093e00000| Complete 
| 319|0x0000000093f00000, 0x0000000094000000, 0x0000000094000000|100%| E|CS|TAMS 0x0000000093f00000, 0x0000000093f00000| Complete 
| 320|0x0000000094000000, 0x0000000094100000, 0x0000000094100000|100%| E|CS|TAMS 0x0000000094000000, 0x0000000094000000| Complete 
| 321|0x0000000094100000, 0x0000000094200000, 0x0000000094200000|100%| E|CS|TAMS 0x0000000094100000, 0x0000000094100000| Complete 
| 322|0x0000000094200000, 0x0000000094300000, 0x0000000094300000|100%| E|CS|TAMS 0x0000000094200000, 0x0000000094200000| Complete 
| 323|0x0000000094300000, 0x0000000094400000, 0x0000000094400000|100%| E|CS|TAMS 0x0000000094300000, 0x0000000094300000| Complete 
| 324|0x0000000094400000, 0x0000000094500000, 0x0000000094500000|100%| E|CS|TAMS 0x0000000094400000, 0x0000000094400000| Complete 
| 325|0x0000000094500000, 0x0000000094600000, 0x0000000094600000|100%| E|CS|TAMS 0x0000000094500000, 0x0000000094500000| Complete 
| 326|0x0000000094600000, 0x0000000094700000, 0x0000000094700000|100%| E|CS|TAMS 0x0000000094600000, 0x0000000094600000| Complete 
| 327|0x0000000094700000, 0x0000000094800000, 0x0000000094800000|100%| E|CS|TAMS 0x0000000094700000, 0x0000000094700000| Complete 
| 328|0x0000000094800000, 0x0000000094900000, 0x0000000094900000|100%| E|CS|TAMS 0x0000000094800000, 0x0000000094800000| Complete 

Card table byte_map: [0x00000151f19c0000,0x00000151f1dc0000] _byte_map_base: 0x00000151f15c0000

Marking Bits (Prev, Next): (CMBitMap*) 0x00000151dab1ef00, (CMBitMap*) 0x00000151dab1eec0
 Prev Bits: [0x00000151f41c0000, 0x00000151f61c0000)
 Next Bits: [0x00000151f21c0000, 0x00000151f41c0000)

Polling page: 0x00000151d8a30000

Metaspace:

Usage:
  Non-class:     85.37 MB used.
      Class:     13.75 MB used.
       Both:     99.13 MB used.

Virtual space:
  Non-class space:      128.00 MB reserved,      86.19 MB ( 67%) committed,  2 nodes.
      Class space:      416.00 MB reserved,      14.44 MB (  3%) committed,  1 nodes.
             Both:      544.00 MB reserved,     100.62 MB ( 18%) committed. 

Chunk freelists:
   Non-Class:  9.53 MB
       Class:  1.54 MB
        Both:  11.07 MB

MaxMetaspaceSize: 512.00 MB
CompressedClassSpaceSize: 416.00 MB
Initial GC threshold: 21.00 MB
Current GC threshold: 144.00 MB
CDS: on
MetaspaceReclaimPolicy: balanced
 - commit_granule_bytes: 65536.
 - commit_granule_words: 8192.
 - virtual_space_node_default_size: 8388608.
 - enlarge_chunks_in_place: 1.
 - new_chunks_are_fully_committed: 0.
 - uncommit_free_chunks: 1.
 - use_allocation_guard: 0.
 - handle_deallocations: 1.


Internal statistics:

num_allocs_failed_limit: 6.
num_arena_births: 1942.
num_arena_deaths: 0.
num_vsnodes_births: 3.
num_vsnodes_deaths: 0.
num_space_committed: 1610.
num_space_uncommitted: 0.
num_chunks_returned_to_freelist: 6.
num_chunks_taken_from_freelist: 6670.
num_chunk_merges: 6.
num_chunk_splits: 4151.
num_chunks_enlarged: 2417.
num_inconsistent_stats: 0.

CodeHeap 'non-profiled nmethods': size=120000Kb used=9519Kb max_used=9519Kb free=110480Kb
 bounds [0x00000151ea090000, 0x00000151ea9e0000, 0x00000151f15c0000]
CodeHeap 'profiled nmethods': size=120000Kb used=27575Kb max_used=27575Kb free=92424Kb
 bounds [0x00000151e25c0000, 0x00000151e40b0000, 0x00000151e9af0000]
CodeHeap 'non-nmethods': size=5760Kb used=2416Kb max_used=2473Kb free=3343Kb
 bounds [0x00000151e9af0000, 0x00000151e9d60000, 0x00000151ea090000]
 total_blobs=14917 nmethods=13966 adapters=862
 compilation: enabled
              stopped_count=0, restarted_count=0
 full_count=0

Compilation events (20 events):
Event: 96.944 Thread 0x00000151f8685890 16032       3       com.google.common.collect.ImmutableMultimap::createEntries (5 bytes)
Event: 96.945 Thread 0x00000151f8685890 nmethod 16032 0x00000151e4075390 code [0x00000151e4075560, 0x00000151e4075998]
Event: 96.947 Thread 0x00000151f8685890 16033   !   3       java.util.Collections$SynchronizedMap::get (25 bytes)
Event: 96.947 Thread 0x00000151f8685890 nmethod 16033 0x00000151e4075b10 code [0x00000151e4075cc0, 0x00000151e4075f68]
Event: 96.948 Thread 0x00000151f8685890 16034       3       org.gradle.internal.snapshot.impl.ClassImplementationSnapshot::<init> (11 bytes)
Event: 96.948 Thread 0x00000151f8685890 nmethod 16034 0x00000151e4076090 code [0x00000151e4076240, 0x00000151e40764b8]
Event: 96.948 Thread 0x00000151f8685890 16035       3       org.gradle.internal.snapshot.impl.ImplementationSnapshot::<init> (10 bytes)
Event: 96.948 Thread 0x00000151f8685890 nmethod 16035 0x00000151e4076590 code [0x00000151e4076720, 0x00000151e40768d8]
Event: 96.950 Thread 0x00000151f8685890 16036       1       org.gradle.api.internal.artifacts.transform.DefaultTransformer::getInputArtifactDependenciesLineEndingNormalization (5 bytes)
Event: 96.950 Thread 0x00000151f8685890 nmethod 16036 0x00000151ea9d5510 code [0x00000151ea9d56a0, 0x00000151ea9d5778]
Event: 96.950 Thread 0x00000151f8685890 16037   !   3       org.gradle.internal.execution.impl.DefaultInputFingerprinter$InputCollectingVisitor::visitInputFileProperty (135 bytes)
Event: 96.952 Thread 0x00000151f8685890 nmethod 16037 0x00000151e4076990 code [0x00000151e4076c80, 0x00000151e4077e38]
Event: 96.952 Thread 0x00000151f8685890 16039       1       org.gradle.api.internal.artifacts.transform.DefaultTransformer::getInputArtifactDependenciesNormalizer (5 bytes)
Event: 96.952 Thread 0x00000151f8685890 nmethod 16039 0x00000151ea9d5810 code [0x00000151ea9d59a0, 0x00000151ea9d5a78]
Event: 96.952 Thread 0x00000151f8685890 16040       1       org.gradle.api.internal.artifacts.transform.DefaultTransformer::getInputArtifactDependenciesDirectorySensitivity (5 bytes)
Event: 96.952 Thread 0x00000151f8685890 nmethod 16040 0x00000151ea9d5b10 code [0x00000151ea9d5ca0, 0x00000151ea9d5d78]
Event: 96.955 Thread 0x00000151f8684de0 nmethod 15969 0x00000151ea9d5e10 code [0x00000151ea9d5fc0, 0x00000151ea9d6bb8]
Event: 96.955 Thread 0x00000151f8685890 16041       1       org.gradle.api.internal.artifacts.transform.ImmutableTransformationWorkspaceServices::getIdentityCache (5 bytes)
Event: 96.956 Thread 0x00000151f8684de0 16038       4       com.google.common.cache.LocalCache$LocalManualCache::get (23 bytes)
Event: 96.956 Thread 0x00000151f8685890 nmethod 16041 0x00000151ea9d7010 code [0x00000151ea9d71a0, 0x00000151ea9d7278]

GC Heap History (20 events):
Event: 81.191 GC heap before
{Heap before GC invocations=41 (full 0):
 garbage-first heap   total 252928K, used 151489K [0x0000000080000000, 0x0000000100000000)
  region size 1024K, 12 young (12288K), 4 survivors (4096K)
 Metaspace       used 88115K, committed 89152K, reserved 557056K
  class space    used 12259K, committed 12736K, reserved 425984K
}
Event: 81.206 GC heap after
{Heap after GC invocations=42 (full 0):
 garbage-first heap   total 252928K, used 145614K [0x0000000080000000, 0x0000000100000000)
  region size 1024K, 2 young (2048K), 2 survivors (2048K)
 Metaspace       used 88115K, committed 89152K, reserved 557056K
  class space    used 12259K, committed 12736K, reserved 425984K
}
Event: 82.794 GC heap before
{Heap before GC invocations=42 (full 0):
 garbage-first heap   total 252928K, used 201934K [0x0000000080000000, 0x0000000100000000)
  region size 1024K, 55 young (56320K), 2 survivors (2048K)
 Metaspace       used 90519K, committed 91584K, reserved 557056K
  class space    used 12580K, committed 13056K, reserved 425984K
}
Event: 82.806 GC heap after
{Heap after GC invocations=43 (full 0):
 garbage-first heap   total 252928K, used 155524K [0x0000000080000000, 0x0000000100000000)
  region size 1024K, 7 young (7168K), 7 survivors (7168K)
 Metaspace       used 90519K, committed 91584K, reserved 557056K
  class space    used 12580K, committed 13056K, reserved 425984K
}
Event: 84.352 GC heap before
{Heap before GC invocations=43 (full 0):
 garbage-first heap   total 252928K, used 202628K [0x0000000080000000, 0x0000000100000000)
  region size 1024K, 53 young (54272K), 7 survivors (7168K)
 Metaspace       used 93061K, committed 94144K, reserved 557056K
  class space    used 12965K, committed 13440K, reserved 425984K
}
Event: 84.371 GC heap after
{Heap after GC invocations=44 (full 0):
 garbage-first heap   total 252928K, used 159069K [0x0000000080000000, 0x0000000100000000)
  region size 1024K, 4 young (4096K), 4 survivors (4096K)
 Metaspace       used 93061K, committed 94144K, reserved 557056K
  class space    used 12965K, committed 13440K, reserved 425984K
}
Event: 85.011 GC heap before
{Heap before GC invocations=44 (full 0):
 garbage-first heap   total 252928K, used 205149K [0x0000000080000000, 0x0000000100000000)
  region size 1024K, 49 young (50176K), 4 survivors (4096K)
 Metaspace       used 94144K, committed 95232K, reserved 557056K
  class space    used 13104K, committed 13632K, reserved 425984K
}
Event: 85.025 GC heap after
{Heap after GC invocations=45 (full 0):
 garbage-first heap   total 252928K, used 165480K [0x0000000080000000, 0x0000000100000000)
  region size 1024K, 7 young (7168K), 7 survivors (7168K)
 Metaspace       used 94144K, committed 95232K, reserved 557056K
  class space    used 13104K, committed 13632K, reserved 425984K
}
Event: 85.436 GC heap before
{Heap before GC invocations=45 (full 0):
 garbage-first heap   total 252928K, used 207464K [0x0000000080000000, 0x0000000100000000)
  region size 1024K, 48 young (49152K), 7 survivors (7168K)
 Metaspace       used 94175K, committed 95360K, reserved 557056K
  class space    used 13108K, committed 13632K, reserved 425984K
}
Event: 85.464 GC heap after
{Heap after GC invocations=46 (full 0):
 garbage-first heap   total 336896K, used 173293K [0x0000000080000000, 0x0000000100000000)
  region size 1024K, 6 young (6144K), 6 survivors (6144K)
 Metaspace       used 94175K, committed 95360K, reserved 557056K
  class space    used 13108K, committed 13632K, reserved 425984K
}
Event: 89.624 GC heap before
{Heap before GC invocations=46 (full 0):
 garbage-first heap   total 336896K, used 273645K [0x0000000080000000, 0x0000000100000000)
  region size 1024K, 99 young (101376K), 6 survivors (6144K)
 Metaspace       used 95128K, committed 96384K, reserved 557056K
  class space    used 13240K, committed 13824K, reserved 425984K
}
Event: 89.678 GC heap after
{Heap after GC invocations=47 (full 0):
 garbage-first heap   total 336896K, used 197982K [0x0000000080000000, 0x0000000100000000)
  region size 1024K, 13 young (13312K), 13 survivors (13312K)
 Metaspace       used 95128K, committed 96384K, reserved 557056K
  class space    used 13240K, committed 13824K, reserved 425984K
}
Event: 92.224 GC heap before
{Heap before GC invocations=47 (full 0):
 garbage-first heap   total 336896K, used 269662K [0x0000000080000000, 0x0000000100000000)
  region size 1024K, 82 young (83968K), 13 survivors (13312K)
 Metaspace       used 98872K, committed 100224K, reserved 557056K
  class space    used 13786K, committed 14400K, reserved 425984K
}
Event: 92.266 GC heap after
{Heap after GC invocations=48 (full 0):
 garbage-first heap   total 336896K, used 215552K [0x0000000080000000, 0x0000000100000000)
  region size 1024K, 11 young (11264K), 11 survivors (11264K)
 Metaspace       used 98872K, committed 100224K, reserved 557056K
  class space    used 13786K, committed 14400K, reserved 425984K
}
Event: 93.821 GC heap before
{Heap before GC invocations=48 (full 0):
 garbage-first heap   total 336896K, used 272896K [0x0000000080000000, 0x0000000100000000)
  region size 1024K, 67 young (68608K), 11 survivors (11264K)
 Metaspace       used 99816K, committed 101248K, reserved 557056K
  class space    used 13873K, committed 14528K, reserved 425984K
}
Event: 93.874 GC heap after
{Heap after GC invocations=49 (full 0):
 garbage-first heap   total 336896K, used 229888K [0x0000000080000000, 0x0000000100000000)
  region size 1024K, 9 young (9216K), 9 survivors (9216K)
 Metaspace       used 99816K, committed 101248K, reserved 557056K
  class space    used 13873K, committed 14528K, reserved 425984K
}
Event: 95.650 GC heap before
{Heap before GC invocations=49 (full 0):
 garbage-first heap   total 336896K, used 275968K [0x0000000080000000, 0x0000000100000000)
  region size 1024K, 54 young (55296K), 9 survivors (9216K)
 Metaspace       used 100616K, committed 102016K, reserved 557056K
  class space    used 13962K, committed 14592K, reserved 425984K
}
Event: 95.684 GC heap after
{Heap after GC invocations=50 (full 0):
 garbage-first heap   total 336896K, used 239104K [0x0000000080000000, 0x0000000100000000)
  region size 1024K, 7 young (7168K), 7 survivors (7168K)
 Metaspace       used 100616K, committed 102016K, reserved 557056K
  class space    used 13962K, committed 14592K, reserved 425984K
}
Event: 96.394 GC heap before
{Heap before GC invocations=50 (full 0):
 garbage-first heap   total 336896K, used 281088K [0x0000000080000000, 0x0000000100000000)
  region size 1024K, 48 young (49152K), 7 survivors (7168K)
 Metaspace       used 100988K, committed 102464K, reserved 557056K
  class space    used 14008K, committed 14720K, reserved 425984K
}
Event: 96.422 GC heap after
{Heap after GC invocations=51 (full 0):
 garbage-first heap   total 336896K, used 247296K [0x0000000080000000, 0x0000000100000000)
  region size 1024K, 6 young (6144K), 6 survivors (6144K)
 Metaspace       used 100988K, committed 102464K, reserved 557056K
  class space    used 14008K, committed 14720K, reserved 425984K
}

Dll operation events (12 events):
Event: 0.011 Loaded shared library C:\Program Files\Microsoft\jdk-17.0.8.7-hotspot\bin\java.dll
Event: 0.032 Loaded shared library C:\Program Files\Microsoft\jdk-17.0.8.7-hotspot\bin\jsvml.dll
Event: 0.084 Loaded shared library C:\Program Files\Microsoft\jdk-17.0.8.7-hotspot\bin\net.dll
Event: 0.086 Loaded shared library C:\Program Files\Microsoft\jdk-17.0.8.7-hotspot\bin\nio.dll
Event: 0.092 Loaded shared library C:\Program Files\Microsoft\jdk-17.0.8.7-hotspot\bin\zip.dll
Event: 0.382 Loaded shared library C:\Program Files\Microsoft\jdk-17.0.8.7-hotspot\bin\jimage.dll
Event: 0.548 Loaded shared library C:\Program Files\Microsoft\jdk-17.0.8.7-hotspot\bin\verify.dll
Event: 1.021 Loaded shared library C:\Users\Laiba\.gradle\native\68d5fa5c4cc2d200863cafc0d521ce42e7d3e7ee720ec0a83991735586a16f82\windows-amd64\native-platform.dll
Event: 1.743 Loaded shared library C:\Users\Laiba\.gradle\native\e376f236ea51e6404a007f0833ffe2c6e607c4080706a723a18a27aeea778392\windows-amd64\native-platform-file-events.dll
Event: 4.578 Loaded shared library C:\Program Files\Microsoft\jdk-17.0.8.7-hotspot\bin\management.dll
Event: 4.583 Loaded shared library C:\Program Files\Microsoft\jdk-17.0.8.7-hotspot\bin\management_ext.dll
Event: 5.754 Loaded shared library C:\Program Files\Microsoft\jdk-17.0.8.7-hotspot\bin\sunmscapi.dll

Deoptimization events (20 events):
Event: 96.573 Thread 0x00000151ff34b260 Uncommon trap: trap_request=0xffffffde fr.pc=0x00000151ea60fa18 relative=0x00000000000000f8
Event: 96.574 Thread 0x00000151ff34b260 Uncommon trap: reason=class_check action=maybe_recompile pc=0x00000151ea60fa18 method=org.gradle.internal.snapshot.SnapshotUtil$1.handleAsDescendantOfChild(Lorg/gradle/internal/snapshot/VfsRelativePath;Ljava/lang/Object;)Ljava/lang/Object; @ 3 c2
Event: 96.574 Thread 0x00000151ff34b260 DEOPT PACKING pc=0x00000151ea60fa18 sp=0x00000043af4fbf90
Event: 96.574 Thread 0x00000151ff34b260 DEOPT UNPACKING pc=0x00000151e9b469a3 sp=0x00000043af4fbf08 mode 2
Event: 96.574 Thread 0x00000151ff34dae0 Uncommon trap: trap_request=0xffffffde fr.pc=0x00000151ea60fa18 relative=0x00000000000000f8
Event: 96.574 Thread 0x00000151ff34dae0 Uncommon trap: reason=class_check action=maybe_recompile pc=0x00000151ea60fa18 method=org.gradle.internal.snapshot.SnapshotUtil$1.handleAsDescendantOfChild(Lorg/gradle/internal/snapshot/VfsRelativePath;Ljava/lang/Object;)Ljava/lang/Object; @ 3 c2
Event: 96.574 Thread 0x00000151ff34dae0 DEOPT PACKING pc=0x00000151ea60fa18 sp=0x00000043af5fc2f0
Event: 96.575 Thread 0x000001519ba42d10 Uncommon trap: trap_request=0xffffff45 fr.pc=0x00000151ea443e64 relative=0x0000000000000164
Event: 96.575 Thread 0x000001519ba42d10 Uncommon trap: reason=unstable_if action=reinterpret pc=0x00000151ea443e64 method=java.util.concurrent.locks.ReentrantLock$Sync.tryLock()Z @ 34 c2
Event: 96.575 Thread 0x000001519ba42d10 DEOPT PACKING pc=0x00000151ea443e64 sp=0x00000043b05fe670
Event: 96.575 Thread 0x000001519ba42d10 DEOPT UNPACKING pc=0x00000151e9b469a3 sp=0x00000043b05fe620 mode 2
Event: 96.575 Thread 0x00000151ff34dae0 DEOPT UNPACKING pc=0x00000151e9b469a3 sp=0x00000043af5fc268 mode 2
Event: 96.580 Thread 0x000001519ba42d10 Uncommon trap: trap_request=0xffffff45 fr.pc=0x00000151ea1a6de0 relative=0x0000000000000240
Event: 96.580 Thread 0x000001519ba42d10 Uncommon trap: reason=unstable_if action=reinterpret pc=0x00000151ea1a6de0 method=java.util.concurrent.ConcurrentHashMap.get(Ljava/lang/Object;)Ljava/lang/Object; @ 86 c2
Event: 96.581 Thread 0x000001519ba42d10 DEOPT PACKING pc=0x00000151ea1a6de0 sp=0x00000043b05fe1a0
Event: 96.581 Thread 0x000001519ba42d10 DEOPT UNPACKING pc=0x00000151e9b469a3 sp=0x00000043b05fe118 mode 2
Event: 96.584 Thread 0x000001519ba42d10 Uncommon trap: trap_request=0xffffff45 fr.pc=0x00000151ea3d0158 relative=0x00000000000012f8
Event: 96.584 Thread 0x000001519ba42d10 Uncommon trap: reason=unstable_if action=reinterpret pc=0x00000151ea3d0158 method=java.util.concurrent.ConcurrentHashMap.computeIfAbsent(Ljava/lang/Object;Ljava/util/function/Function;)Ljava/lang/Object; @ 279 c2
Event: 96.584 Thread 0x000001519ba42d10 DEOPT PACKING pc=0x00000151ea3d0158 sp=0x00000043b05fe250
Event: 96.584 Thread 0x000001519ba42d10 DEOPT UNPACKING pc=0x00000151e9b469a3 sp=0x00000043b05fe208 mode 2

Classes unloaded (0 events):
No events

Classes redefined (0 events):
No events

Internal exceptions (20 events):
Event: 88.935 Thread 0x00000151f88cd5b0 Exception <a 'java/lang/ClassNotFoundException'{0x000000008fabe1c0}: build_dq8ungpv1oqzshobuemes1hotCustomizer> (0x000000008fabe1c0) 
thrown [s\src\hotspot\share\classfile\systemDictionary.cpp, line 256]
Event: 89.695 Thread 0x00000151f88cd5b0 Exception <a 'java/lang/ClassNotFoundException'{0x0000000094875ee8}: build_dq8ungpv1oqzshobuemes1hotBeanInfo> (0x0000000094875ee8) 
thrown [s\src\hotspot\share\classfile\systemDictionary.cpp, line 256]
Event: 89.695 Thread 0x00000151f88cd5b0 Exception <a 'java/lang/ClassNotFoundException'{0x000000009487c6c0}: build_dq8ungpv1oqzshobuemes1hotCustomizer> (0x000000009487c6c0) 
thrown [s\src\hotspot\share\classfile\systemDictionary.cpp, line 256]
Event: 89.975 Thread 0x00000151f88cd5b0 Exception <a 'java/lang/ClassNotFoundException'{0x0000000094298d40}: build_dq8ungpv1oqzshobuemes1hot$_run_closure1BeanInfo> (0x0000000094298d40) 
thrown [s\src\hotspot\share\classfile\systemDictionary.cpp, line 256]
Event: 89.976 Thread 0x00000151f88cd5b0 Exception <a 'java/lang/ClassNotFoundException'{0x00000000942a4618}: build_dq8ungpv1oqzshobuemes1hot$_run_closure1Customizer> (0x00000000942a4618) 
thrown [s\src\hotspot\share\classfile\systemDictionary.cpp, line 256]
Event: 91.209 Thread 0x00000151f88cd5b0 Exception <a 'java/lang/NullPointerException'{0x000000009202e5c0}> (0x000000009202e5c0) 
thrown [s\src\hotspot\share\interpreter\linkResolver.cpp, line 1433]
Event: 91.478 Thread 0x00000151f88cd5b0 Implicit null exception at 0x00000151ea4a9adb to 0x00000151ea4abf8c
Event: 91.750 Thread 0x00000151f88cd5b0 Exception <a 'sun/nio/fs/WindowsException'{0x0000000091290fd0}> (0x0000000091290fd0) 
thrown [s\src\hotspot\share\prims\jni.cpp, line 516]
Event: 91.750 Thread 0x00000151f88cd5b0 Exception <a 'sun/nio/fs/WindowsException'{0x00000000912925f0}> (0x00000000912925f0) 
thrown [s\src\hotspot\share\prims\jni.cpp, line 516]
Event: 91.750 Thread 0x00000151f88cd5b0 Exception <a 'sun/nio/fs/WindowsException'{0x0000000091293c60}> (0x0000000091293c60) 
thrown [s\src\hotspot\share\prims\jni.cpp, line 516]
Event: 91.751 Thread 0x00000151f88cd5b0 Exception <a 'sun/nio/fs/WindowsException'{0x00000000912952d0}> (0x00000000912952d0) 
thrown [s\src\hotspot\share\prims\jni.cpp, line 516]
Event: 92.267 Thread 0x00000151f8669670 Implicit null exception at 0x00000151ea1a237d to 0x00000151ea1a29e0
Event: 92.964 Thread 0x00000151f88cd5b0 Exception <a 'java/lang/IncompatibleClassChangeError'{0x00000000930a8370}: Found class java.lang.Object, but interface was expected> (0x00000000930a8370) 
thrown [s\src\hotspot\share\interpreter\linkResolver.cpp, line 826]
Event: 94.136 Thread 0x00000151f88cd5b0 Implicit null exception at 0x00000151ea5bd600 to 0x00000151ea5bdcf0
Event: 96.484 Thread 0x000001519ba422f0 Exception <a 'java/lang/NoSuchMethodError'{0x00000000946d8058}: 'void java.lang.invoke.DirectMethodHandle$Holder.invokeStatic(java.lang.Object, java.lang.Object, java.lang.Object, java.lang.Object, int, java.lang.Object, java.lang.Object)'> (0x00000000946d8058) 
thrown [s\src\hotspot\share\interpreter\linkResolver.cpp, line 759]
Event: 96.519 Thread 0x00000151ff34b260 Exception <a 'java/lang/NoSuchMethodError'{0x0000000094480420}: 'java.lang.Object java.lang.invoke.DirectMethodHandle$Holder.invokeSpecialIFC(java.lang.Object, java.lang.Object, java.lang.Object)'> (0x0000000094480420) 
thrown [s\src\hotspot\share\interpreter\linkResolver.cpp, line 759]
Event: 96.519 Thread 0x000001519ba42d10 Exception <a 'java/lang/NoSuchMethodError'{0x00000000944831c0}: 'java.lang.Object java.lang.invoke.DirectMethodHandle$Holder.invokeSpecialIFC(java.lang.Object, java.lang.Object, java.lang.Object)'> (0x00000000944831c0) 
thrown [s\src\hotspot\share\interpreter\linkResolver.cpp, line 759]
Event: 96.519 Thread 0x000001519ba422f0 Exception <a 'java/lang/NoSuchMethodError'{0x000000009447fdc0}: 'java.lang.Object java.lang.invoke.DirectMethodHandle$Holder.invokeSpecialIFC(java.lang.Object, java.lang.Object, java.lang.Object)'> (0x000000009447fdc0) 
thrown [s\src\hotspot\share\interpreter\linkResolver.cpp, line 759]
Event: 96.519 Thread 0x00000151ff34dae0 Exception <a 'java/lang/NoSuchMethodError'{0x000000009447f498}: 'java.lang.Object java.lang.invoke.DirectMethodHandle$Holder.invokeSpecialIFC(java.lang.Object, java.lang.Object, java.lang.Object)'> (0x000000009447f498) 
thrown [s\src\hotspot\share\interpreter\linkResolver.cpp, line 759]
Event: 96.575 Thread 0x000001519ba42d10 Exception <a 'java/lang/NoSuchMethodError'{0x0000000094261e48}: 'void java.lang.invoke.DirectMethodHandle$Holder.invokeVirtual(java.lang.Object, java.lang.Object)'> (0x0000000094261e48) 
thrown [s\src\hotspot\share\interpreter\linkResolver.cpp, line 759]

VM Operations (20 events):
Event: 93.447 Executing VM operation: ICBufferFull
Event: 93.447 Executing VM operation: ICBufferFull done
Event: 93.821 Executing VM operation: G1CollectForAllocation
Event: 93.878 Executing VM operation: G1CollectForAllocation done
Event: 94.882 Executing VM operation: Cleanup
Event: 94.883 Executing VM operation: Cleanup done
Event: 95.650 Executing VM operation: G1CollectForAllocation
Event: 95.685 Executing VM operation: G1CollectForAllocation done
Event: 96.161 Executing VM operation: HandshakeAllThreads
Event: 96.161 Executing VM operation: HandshakeAllThreads done
Event: 96.365 Executing VM operation: ICBufferFull
Event: 96.365 Executing VM operation: ICBufferFull done
Event: 96.394 Executing VM operation: G1CollectForAllocation
Event: 96.422 Executing VM operation: G1CollectForAllocation done
Event: 96.448 Executing VM operation: HandshakeAllThreads
Event: 96.449 Executing VM operation: HandshakeAllThreads done
Event: 96.493 Executing VM operation: HandshakeAllThreads
Event: 96.494 Executing VM operation: HandshakeAllThreads done
Event: 96.854 Executing VM operation: ICBufferFull
Event: 96.856 Executing VM operation: ICBufferFull done

Events (20 events):
Event: 91.719 loading class org/xml/sax/ext/Locator2 done
Event: 91.719 loading class com/sun/org/apache/xerces/internal/parsers/AbstractSAXParser$LocatorProxy done
Event: 91.721 loading class org/xml/sax/helpers/AttributesImpl
Event: 91.721 loading class org/xml/sax/helpers/AttributesImpl done
Event: 91.722 loading class java/util/regex/Pattern$Behind
Event: 91.722 loading class java/util/regex/Pattern$Behind done
Event: 91.723 loading class java/util/regex/Pattern$Neg
Event: 91.723 loading class java/util/regex/Pattern$Neg done
Event: 91.735 loading class javax/xml/datatype/DatatypeConfigurationException
Event: 91.735 loading class javax/xml/datatype/DatatypeConfigurationException done
Event: 91.751 loading class java/util/EnumMap$EntrySet
Event: 91.751 loading class java/util/EnumMap$EntrySet done
Event: 91.751 loading class java/util/EnumMap$EntryIterator
Event: 91.752 loading class java/util/EnumMap$EnumMapIterator
Event: 91.752 loading class java/util/EnumMap$EnumMapIterator done
Event: 91.752 loading class java/util/EnumMap$EntryIterator done
Event: 91.752 loading class java/util/EnumMap$EntryIterator$Entry
Event: 91.752 loading class java/util/EnumMap$EntryIterator$Entry done
Event: 91.766 loading class jdk/internal/reflect/UnsafeBooleanFieldAccessorImpl
Event: 91.767 loading class jdk/internal/reflect/UnsafeBooleanFieldAccessorImpl done


Dynamic libraries:
0x00007ff7c5b60000 - 0x00007ff7c5b6e000 	C:\Program Files\Microsoft\jdk-17.0.8.7-hotspot\bin\java.exe
0x00007ffe37150000 - 0x00007ffe37348000 	C:\WINDOWS\SYSTEM32\ntdll.dll
0x00007ffe35ec0000 - 0x00007ffe35f7d000 	C:\WINDOWS\System32\KERNEL32.DLL
0x00007ffe34810000 - 0x00007ffe34b06000 	C:\WINDOWS\System32\KERNELBASE.dll
0x00007ffe34f20000 - 0x00007ffe35020000 	C:\WINDOWS\System32\ucrtbase.dll
0x00007ffe303e0000 - 0x00007ffe303fb000 	C:\Program Files\Microsoft\jdk-17.0.8.7-hotspot\bin\VCRUNTIME140.dll
0x00007ffe302f0000 - 0x00007ffe30307000 	C:\Program Files\Microsoft\jdk-17.0.8.7-hotspot\bin\jli.dll
0x00007ffe35190000 - 0x00007ffe3532e000 	C:\WINDOWS\System32\USER32.dll
0x00007ffe20a40000 - 0x00007ffe20cda000 	C:\WINDOWS\WinSxS\amd64_microsoft.windows.common-controls_6595b64144ccf1df_6.0.19041.3636_none_60b6a03d71f818d5\COMCTL32.dll
0x00007ffe34b10000 - 0x00007ffe34b32000 	C:\WINDOWS\System32\win32u.dll
0x00007ffe35a10000 - 0x00007ffe35aae000 	C:\WINDOWS\System32\msvcrt.dll
0x00007ffe35e90000 - 0x00007ffe35ebb000 	C:\WINDOWS\System32\GDI32.dll
0x00007ffe34ca0000 - 0x00007ffe34db7000 	C:\WINDOWS\System32\gdi32full.dll
0x00007ffe34bb0000 - 0x00007ffe34c4d000 	C:\WINDOWS\System32\msvcp_win.dll
0x00007ffe36010000 - 0x00007ffe36042000 	C:\WINDOWS\System32\IMM32.DLL
0x00007ffe302e0000 - 0x00007ffe302ec000 	C:\Program Files\Microsoft\jdk-17.0.8.7-hotspot\bin\vcruntime140_1.dll
0x00007ffe21420000 - 0x00007ffe214ad000 	C:\Program Files\Microsoft\jdk-17.0.8.7-hotspot\bin\msvcp140.dll
0x00007ffdba8b0000 - 0x00007ffdbb515000 	C:\Program Files\Microsoft\jdk-17.0.8.7-hotspot\bin\server\jvm.dll
0x00007ffe35ab0000 - 0x00007ffe35b63000 	C:\WINDOWS\System32\ADVAPI32.dll
0x00007ffe36050000 - 0x00007ffe360ef000 	C:\WINDOWS\System32\sechost.dll
0x00007ffe353f0000 - 0x00007ffe35516000 	C:\WINDOWS\System32\RPCRT4.dll
0x00007ffe350d0000 - 0x00007ffe350f7000 	C:\WINDOWS\System32\bcrypt.dll
0x00007ffe33d20000 - 0x00007ffe33d6b000 	C:\WINDOWS\SYSTEM32\POWRPROF.dll
0x00007ffe229a0000 - 0x00007ffe229a9000 	C:\WINDOWS\SYSTEM32\WSOCK32.dll
0x00007ffe360f0000 - 0x00007ffe3615b000 	C:\WINDOWS\System32\WS2_32.dll
0x00007ffe237d0000 - 0x00007ffe237f7000 	C:\WINDOWS\SYSTEM32\WINMM.dll
0x00007ffe23ec0000 - 0x00007ffe23eca000 	C:\WINDOWS\SYSTEM32\VERSION.dll
0x00007ffe33be0000 - 0x00007ffe33bf2000 	C:\WINDOWS\SYSTEM32\UMPDC.dll
0x00007ffe32680000 - 0x00007ffe32692000 	C:\WINDOWS\SYSTEM32\kernel.appcore.dll
0x00007ffe2f820000 - 0x00007ffe2f82a000 	C:\Program Files\Microsoft\jdk-17.0.8.7-hotspot\bin\jimage.dll
0x00007ffe1d3b0000 - 0x00007ffe1d594000 	C:\WINDOWS\SYSTEM32\DBGHELP.DLL
0x00007ffe21230000 - 0x00007ffe21264000 	C:\WINDOWS\SYSTEM32\dbgcore.DLL
0x00007ffe35100000 - 0x00007ffe35182000 	C:\WINDOWS\System32\bcryptPrimitives.dll
0x00007ffe2f660000 - 0x00007ffe2f685000 	C:\Program Files\Microsoft\jdk-17.0.8.7-hotspot\bin\java.dll
0x00007ffdbe550000 - 0x00007ffdbe627000 	C:\Program Files\Microsoft\jdk-17.0.8.7-hotspot\bin\jsvml.dll
0x00007ffe369c0000 - 0x00007ffe37105000 	C:\WINDOWS\System32\SHELL32.dll
0x00007ffe32880000 - 0x00007ffe3301c000 	C:\WINDOWS\SYSTEM32\windows.storage.dll
0x00007ffe35690000 - 0x00007ffe359e4000 	C:\WINDOWS\System32\combase.dll
0x00007ffe34160000 - 0x00007ffe3418e000 	C:\WINDOWS\SYSTEM32\Wldp.dll
0x00007ffe35dc0000 - 0x00007ffe35e8d000 	C:\WINDOWS\System32\OLEAUT32.dll
0x00007ffe36910000 - 0x00007ffe369bd000 	C:\WINDOWS\System32\SHCORE.dll
0x00007ffe35330000 - 0x00007ffe35385000 	C:\WINDOWS\System32\shlwapi.dll
0x00007ffe34740000 - 0x00007ffe34765000 	C:\WINDOWS\SYSTEM32\profapi.dll
0x00007ffe21400000 - 0x00007ffe21419000 	C:\Program Files\Microsoft\jdk-17.0.8.7-hotspot\bin\net.dll
0x00007ffe2d310000 - 0x00007ffe2d41a000 	C:\WINDOWS\SYSTEM32\WINHTTP.dll
0x00007ffe33f40000 - 0x00007ffe33faa000 	C:\WINDOWS\system32\mswsock.dll
0x00007ffe213e0000 - 0x00007ffe213f6000 	C:\Program Files\Microsoft\jdk-17.0.8.7-hotspot\bin\nio.dll
0x00007ffe213c0000 - 0x00007ffe213d8000 	C:\Program Files\Microsoft\jdk-17.0.8.7-hotspot\bin\zip.dll
0x00007ffe2f810000 - 0x00007ffe2f820000 	C:\Program Files\Microsoft\jdk-17.0.8.7-hotspot\bin\verify.dll
0x00007ffe21390000 - 0x00007ffe213b7000 	C:\Users\Laiba\.gradle\native\68d5fa5c4cc2d200863cafc0d521ce42e7d3e7ee720ec0a83991735586a16f82\windows-amd64\native-platform.dll
0x00007ffdbc540000 - 0x00007ffdbc684000 	C:\Users\Laiba\.gradle\native\e376f236ea51e6404a007f0833ffe2c6e607c4080706a723a18a27aeea778392\windows-amd64\native-platform-file-events.dll
0x00007ffe23160000 - 0x00007ffe23169000 	C:\Program Files\Microsoft\jdk-17.0.8.7-hotspot\bin\management.dll
0x00007ffe214e0000 - 0x00007ffe214eb000 	C:\Program Files\Microsoft\jdk-17.0.8.7-hotspot\bin\management_ext.dll
0x00007ffe35f80000 - 0x00007ffe35f88000 	C:\WINDOWS\System32\PSAPI.DLL
0x00007ffe341a0000 - 0x00007ffe341b8000 	C:\WINDOWS\SYSTEM32\CRYPTSP.dll
0x00007ffe33820000 - 0x00007ffe33854000 	C:\WINDOWS\system32\rsaenh.dll
0x00007ffe34700000 - 0x00007ffe3472e000 	C:\WINDOWS\SYSTEM32\USERENV.dll
0x00007ffe340d0000 - 0x00007ffe340dc000 	C:\WINDOWS\SYSTEM32\CRYPTBASE.dll
0x00007ffe33c00000 - 0x00007ffe33c3b000 	C:\WINDOWS\SYSTEM32\IPHLPAPI.DLL
0x00007ffe36490000 - 0x00007ffe36498000 	C:\WINDOWS\System32\NSI.dll
0x00007ffe2d520000 - 0x00007ffe2d537000 	C:\WINDOWS\SYSTEM32\dhcpcsvc6.DLL
0x00007ffe2d030000 - 0x00007ffe2d04d000 	C:\WINDOWS\SYSTEM32\dhcpcsvc.DLL
0x00007ffe33c50000 - 0x00007ffe33d1b000 	C:\WINDOWS\SYSTEM32\DNSAPI.dll
0x00007ffe21380000 - 0x00007ffe2138e000 	C:\Program Files\Microsoft\jdk-17.0.8.7-hotspot\bin\sunmscapi.dll
0x00007ffe34dc0000 - 0x00007ffe34f1d000 	C:\WINDOWS\System32\CRYPT32.dll
0x00007ffe342b0000 - 0x00007ffe342d8000 	C:\WINDOWS\SYSTEM32\ncrypt.dll
0x00007ffe34270000 - 0x00007ffe342ab000 	C:\WINDOWS\SYSTEM32\NTASN1.dll
0x00007ffe2f7a0000 - 0x00007ffe2f7a7000 	C:\WINDOWS\system32\wshunix.dll
0x00007ffddac80000 - 0x00007ffddac97000 	C:\WINDOWS\system32\napinsp.dll
0x00007ffddac60000 - 0x00007ffddac7b000 	C:\WINDOWS\system32\pnrpnsp.dll
0x00007ffe19fc0000 - 0x00007ffe19fd5000 	C:\WINDOWS\system32\wshbth.dll
0x00007ffe30230000 - 0x00007ffe3024d000 	C:\WINDOWS\system32\NLAapi.dll
0x00007ffddac40000 - 0x00007ffddac52000 	C:\WINDOWS\System32\winrnr.dll
0x00007ffe25130000 - 0x00007ffe2513a000 	C:\Windows\System32\rasadhlp.dll
0x00007ffe2ccb0000 - 0x00007ffe2cd30000 	C:\WINDOWS\System32\fwpuclnt.dll

dbghelp: loaded successfully - version: 4.0.5 - missing functions: none
symbol engine: initialized successfully - sym options: 0x614 - pdb path: .;C:\Program Files\Microsoft\jdk-17.0.8.7-hotspot\bin;C:\WINDOWS\SYSTEM32;C:\WINDOWS\WinSxS\amd64_microsoft.windows.common-controls_6595b64144ccf1df_6.0.19041.3636_none_60b6a03d71f818d5;C:\Program Files\Microsoft\jdk-17.0.8.7-hotspot\bin\server;C:\Users\Laiba\.gradle\native\68d5fa5c4cc2d200863cafc0d521ce42e7d3e7ee720ec0a83991735586a16f82\windows-amd64;C:\Users\Laiba\.gradle\native\e376f236ea51e6404a007f0833ffe2c6e607c4080706a723a18a27aeea778392\windows-amd64

VM Arguments:
jvm_args: -XX:MaxMetaspaceSize=512m --add-opens=java.base/java.util=ALL-UNNAMED --add-opens=java.base/java.lang=ALL-UNNAMED --add-opens=java.base/java.lang.invoke=ALL-UNNAMED --add-opens=java.prefs/java.util.prefs=ALL-UNNAMED --add-opens=java.base/java.nio.charset=ALL-UNNAMED --add-opens=java.base/java.net=ALL-UNNAMED --add-opens=java.base/java.util.concurrent.atomic=ALL-UNNAMED -Xmx2048m -Dfile.encoding=windows-1252 -Duser.country=US -Duser.language=en -Duser.variant 
java_command: org.gradle.launcher.daemon.bootstrap.GradleDaemon 8.0.1
java_class_path (initial): C:\Users\Laiba\.gradle\wrapper\dists\gradle-8.0.1-all\aro4hu1c3oeioove7l0i4i14o\gradle-8.0.1\lib\gradle-launcher-8.0.1.jar
Launcher Type: SUN_STANDARD

[Global flags]
     intx CICompilerCount                          = 3                                         {product} {ergonomic}
   size_t CompressedClassSpaceSize                 = 436207616                                 {product} {ergonomic}
     uint ConcGCThreads                            = 1                                         {product} {ergonomic}
     uint G1ConcRefinementThreads                  = 4                                         {product} {ergonomic}
   size_t G1HeapRegionSize                         = 1048576                                   {product} {ergonomic}
    uintx GCDrainStackTargetSize                   = 64                                        {product} {ergonomic}
   size_t InitialHeapSize                          = 134217728                                 {product} {ergonomic}
   size_t MarkStackSize                            = 4194304                                   {product} {ergonomic}
   size_t MaxHeapSize                              = 2147483648                                {product} {command line}
   size_t MaxMetaspaceSize                         = 536870912                                 {product} {command line}
   size_t MaxNewSize                               = 1287651328                                {product} {ergonomic}
   size_t MinHeapDeltaBytes                        = 1048576                                   {product} {ergonomic}
   size_t MinHeapSize                              = 8388608                                   {product} {ergonomic}
    uintx NonNMethodCodeHeapSize                   = 5832780                                {pd product} {ergonomic}
    uintx NonProfiledCodeHeapSize                  = 122912730                              {pd product} {ergonomic}
    uintx ProfiledCodeHeapSize                     = 122912730                              {pd product} {ergonomic}
    uintx ReservedCodeCacheSize                    = 251658240                              {pd product} {ergonomic}
     bool SegmentedCodeCache                       = true                                      {product} {ergonomic}
   size_t SoftMaxHeapSize                          = 2147483648                             {manageable} {ergonomic}
     bool UseCompressedClassPointers               = true                           {product lp64_product} {ergonomic}
     bool UseCompressedOops                        = true                           {product lp64_product} {ergonomic}
     bool UseG1GC                                  = true                                      {product} {ergonomic}
     bool UseLargePagesIndividualAllocation        = false                                  {pd product} {ergonomic}

Logging:
Log output configuration:
 #0: stdout all=warning uptime,level,tags
 #1: stderr all=off uptime,level,tags

Environment Variables:
JAVA_HOME=C:\Program Files\Microsoft\jdk-17.0.8.7-hotspot\
CLASSPATH=F:\document\reactNative\SupportBridge3\android\\gradle\wrapper\gradle-wrapper.jar
PATH=F:\document\reactNative\SupportBridge3\node_modules\.bin;F:\document\reactNative\SupportBridge3\node_modules\.bin;F:\document\reactNative\node_modules\.bin;F:\document\node_modules\.bin;F:\node_modules\.bin;C:\Users\Laiba\AppData\Roaming\npm\node_modules\npm\node_modules\@npmcli\run-script\lib\node-gyp-bin;C:\Program Files\Microsoft\jdk-17.0.8.7-hotspot\bin;C:\Python311\Scripts\;C:\Python311\;C:\WINDOWS\system32;C:\WINDOWS;C:\WINDOWS\System32\Wbem;C:\WINDOWS\System32\WindowsPowerShell\v1.0\;C:\WINDOWS\System32\OpenSSH\;C:\Program Files\Git\cmd;C:\Program Files\MySQL\MySQL Server 8.0\bin;C:\Users\Laiba\AppData\Local\Android\Sdk\platform-tools;C:\ProgramData\chocolatey\bin;C:\Program Files\nodejs\;C:\Users\Laiba\AppData\Local\Android\Sdk\platform-tools-2;C:\Program Files\dotnet\;C:\Users\Laiba\AppData\Local\Android\Sdk\tools;C:\Users\Laiba\AppData\Local\Microsoft\WindowsApps;C:\Users\Laiba\AppData\Local\Programs\Microsoft VS Code\bin;C:\Users\Laiba\AppData\Roaming\npm;
USERNAME=Laiba
LANG=en_US.UTF-8
OS=Windows_NT
PROCESSOR_IDENTIFIER=Intel64 Family 6 Model 60 Stepping 3, GenuineIntel
TMP=C:\Users\Laiba\AppData\Local\Temp
TEMP=C:\Users\Laiba\AppData\Local\Temp



---------------  S Y S T E M  ---------------

OS:
 Windows 10 , 64 bit Build 19041 (10.0.19041.3636)
OS uptime: 0 days 2:50 hours
Hyper-V role detected

CPU: total 4 (initial active 4) (2 cores per cpu, 2 threads per core) family 6 model 60 stepping 3 microcode 0x27, cx8, cmov, fxsr, ht, mmx, sse, sse2, sse3, ssse3, sse4.1, sse4.2, popcnt, lzcnt, tsc, tscinvbit, avx, avx2, aes, erms, clmul, bmi1, bmi2, fma, vzeroupper, clflush, hv
Processor Information for all 4 processors :
  Max Mhz: 2501, Current Mhz: 2501, Mhz Limit: 2501

Memory: 4k page, system-wide physical 8105M (533M free)
TotalPageFile size 15529M (AvailPageFile size 5622M)
current process WorkingSet (physical memory assigned to process): 527M, peak: 531M
current process commit charge ("private bytes"): 689M, peak: 693M

vm_info: OpenJDK 64-Bit Server VM (17.0.8+7-LTS) for windows-amd64 JRE (17.0.8+7-LTS), built on Jul  7 2023 17:21:55 by "MicrosoftCorporation" with MS VC++ 16.10 / 16.11 (VS2019)

END.
